label,text,char_count,word_count,text_clean,char_count_clean,word_count_clean
ham,"Go until jurong point, crazy.. Available only in bugis n great world la e buffet... Cine there got amore wat...",111.0,20.0,go jurong point crazy available bugis great world la buffet cine got amore wat,78,14
ham,Ok lar... Joking wif u oni...,29.0,6.0,ok lar joking wif oni,21,5
spam,Free entry in 2 a wkly comp to win FA Cup final tkts 21st May 2005. Text FA to 87121 to receive entry question(std txt rate)T&C's apply 08452810075over18's,155.0,28.0,free entry wkly comp win fa cup final tkts st may text fa receive entry question std txt rate apply,99,20
ham,U dun say so early hor... U c already then say...,49.0,11.0,dun say early hor already say,29,6
ham,"Nah I don't think he goes to usf, he lives around here though",61.0,13.0,nah think go usf life around though,35,7
spam,"FreeMsg Hey there darling it's been 3 week's now and no word back! I'd like some fun you up for it still? Tb ok! XxX std chgs to send, å£1.50 to rcv",148.0,32.0,freemsg hey darling week word back like fun still tb ok xxx std chgs send rcv,77,16
ham,Even my brother is not like to speak with me. They treat me like aids patent.,77.0,16.0,even brother like speak treat like aid patent,45,8
ham,As per your request 'Melle Melle (Oru Minnaminunginte Nurungu Vettam)' has been set as your callertune for all Callers. Press *9 to copy your friends Callertune,160.0,26.0,per request melle melle oru minnaminunginte nurungu vettam set callertune caller press copy friend callertune,109,15
spam,WINNER!! As a valued network customer you have been selected to receivea å£900 prize reward! To claim call 09061701461. Claim code KL341. Valid 12 hours only.,158.0,26.0,winner valued network customer selected receivea prize reward claim call claim code kl valid hour,97,15
spam,Had your mobile 11 months or more? U R entitled to Update to the latest colour mobiles with camera for Free! Call The Mobile Update Co FREE on 08002986030,154.0,29.0,mobile month entitled update latest colour mobile camera free call mobile update co free,88,14
ham,"I'm gonna be home soon and i don't want to talk about this stuff anymore tonight, k? I've cried enough today.",109.0,21.0,gon na home soon want talk stuff anymore tonight cried enough today,67,12
spam,"SIX chances to win CASH! From 100 to 20,000 pounds txt> CSH11 and send to 87575. Cost 150p/day, 6days, 16+ TsandCs apply Reply HL 4 info",136.0,26.0,six chance win cash pound txt csh send cost day day tsandcs apply reply hl info,79,16
spam,"URGENT! You have won a 1 week FREE membership in our å£100,000 Prize Jackpot! Txt the word: CLAIM to No: 81010 T&C www.dbuk.net LCCLTD POBOX 4403LDNW1A7RW18",156.0,26.0,urgent week free membership prize jackpot txt word claim www dbuk net lccltd pobox ldnw rw,90,16
ham,I've been searching for the right words to thank you for this breather. I promise i wont take your help for granted and will fulfil my promise. You have been wonderful and a blessing at all times.,196.0,37.0,searching right word thank breather promise wont take help granted fulfil promise wonderful blessing time,105,15
ham,I HAVE A DATE ON SUNDAY WITH WILL!!,35.0,8.0,date sunday,11,2
spam,"XXXMobileMovieClub: To use your credit, click the WAP link in the next txt message or click here>> http://wap. xxxmobilemovieclub.com?n=QJKGIGHJJGCBL",149.0,19.0,xxxmobilemovieclub use credit click wap link next txt message click http wap xxxmobilemovieclub com qjkgighjjgcbl,113,15
ham,Oh k...i'm watching here:),26.0,4.0,oh watching,11,2
ham,Eh u remember how 2 spell his name... Yes i did. He v naughty make until i v wet.,81.0,19.0,eh remember spell name yes naughty make wet,43,8
ham,Fine if thatåÕs the way u feel. ThatåÕs the way its gota b,58.0,13.0,fine way feel way gota,22,5
spam,"England v Macedonia - dont miss the goals/team news. Txt ur national team to 87077 eg ENGLAND to 87077 Try:WALES, SCOTLAND 4txt/Ì¼1.20 POBOXox36504W45WQ 16+",156.0,24.0,england macedonia dont miss goal team news txt ur national team eg england try wale scotland txt poboxox wq,107,19
ham,Is that seriously how you spell his name?,41.0,8.0,seriously spell name,20,3
ham,IÛ÷m going to try for 2 months ha ha only joking,49.0,11.0,going try month ha ha joking,28,6
ham,So Ì_ pay first lar... Then when is da stock comin...,53.0,11.0,pay first lar da stock comin,28,6
ham,Aft i finish my lunch then i go str down lor. Ard 3 smth lor. U finish ur lunch already?,88.0,20.0,aft finish lunch go str lor ard smth lor finish ur lunch already,64,13
ham,Ffffffffff. Alright no way I can meet up with you sooner?,57.0,11.0,ffffffffff alright way meet sooner,34,5
ham,Just forced myself to eat a slice. I'm really not hungry tho. This sucks. Mark is getting worried. He knows I'm sick when I turn down pizza. Lol,144.0,28.0,forced eat slice really hungry tho suck mark getting worried know sick turn pizza lol,85,15
ham,Lol your always so convincing.,30.0,5.0,lol always convincing,21,3
ham,Did you catch the bus ? Are you frying an egg ? Did you make a tea? Are you eating your mom's left over dinner ? Do you feel my Love ?,134.0,32.0,catch bus frying egg make tea eating mom left dinner feel love,62,12
ham,I'm back &amp,13.0,3.0,back amp,8,2
ham,Ahhh. Work. I vaguely remember that! What does it feel like? Lol,64.0,12.0,ahhh work vaguely remember feel like lol,40,7
ham,"Wait that's still not all that clear, were you not sure about me being sarcastic or that that's why x doesn't want to live with us",130.0,26.0,wait still clear sure sarcastic want live u,43,8
ham,Yeah he got in at 2 and was v apologetic. n had fallen out and she was actin like spoilt child and he got caught up in that. Till 2! But we won't go there! Not doing too badly cheers. You? ,189.0,41.0,yeah got apologetic fallen actin like spoilt child got caught till go badly cheer,81,14
ham,K tell me anything about you.,29.0,6.0,tell anything,13,2
ham,For fear of fainting with the of all that housework you just did? Quick have a cuppa,84.0,17.0,fear fainting housework quick cuppa,35,5
spam,Thanks for your subscription to Ringtone UK your mobile will be charged å£5/month Please confirm by replying YES or NO. If you reply NO you will not be charged,159.0,29.0,thanks subscription ringtone uk mobile charged month please confirm replying yes reply charged,94,13
ham,Yup... Ok i go home look at the timings then i msg Ì_ again... Xuhui going to learn on 2nd may too but her lesson is at 8am,123.0,28.0,yup ok go home look timing msg xuhui going learn nd may lesson,62,13
ham,"Oops, I'll let you know when my roommate's done",47.0,9.0,oops let know roommate done,27,5
ham,I see the letter B on my car,28.0,8.0,see letter car,14,3
ham,Anything lor... U decide...,27.0,4.0,anything lor decide,19,3
ham,Hello! How's you and how did saturday go? I was just texting to see if you'd decided to do anything tomo. Not that i'm trying to invite myself or anything!,155.0,30.0,hello saturday go texting see decided anything tomo trying invite anything,74,11
ham,Pls go ahead with watts. I just wanted to be sure. Do have a great weekend. Abiola,82.0,17.0,pls go ahead watt wanted sure great weekend abiola,50,9
ham,"Did I forget to tell you ? I want you , I need you, I crave you ... But most of all ... I love you my sweet Arabian steed ... Mmmmmm ... Yummy",142.0,34.0,forget tell want need crave love sweet arabian steed mmmmmm yummy,65,11
spam,07732584351 - Rodger Burns - MSG = We tried to call you re your reply to our sms for a free nokia mobile + free camcorder. Please call now 08000930705 for delivery tomorrow,172.0,33.0,rodger burn msg tried call reply sm free nokia mobile free camcorder please call delivery tomorrow,98,16
ham,WHO ARE YOU SEEING?,19.0,4.0,seeing,6,1
ham,Great! I hope you like your man well endowed. I am  &lt,55.0,12.0,great hope like man well endowed lt,35,7
ham,No calls..messages..missed calls,32.0,3.0,call message missed call,24,4
ham,Didn't you get hep b immunisation in nigeria.,45.0,8.0,get hep immunisation nigeria,28,4
ham,"Fair enough, anything going on?",31.0,5.0,fair enough anything going,26,4
ham,"Yeah hopefully, if tyler can't do it I could maybe ask around a bit",67.0,14.0,yeah hopefully tyler could maybe ask around bit,47,8
ham,U don't know how stubborn I am. I didn't even want to go to the hospital. I kept telling Mark I'm not a weak sucker. Hospitals are for weak suckers.,148.0,30.0,know stubborn even want go hospital kept telling mark weak sucker hospital weak sucker,86,14
ham,What you thinked about me. First time you saw me in class.,58.0,12.0,thinked first time saw class,28,5
ham,A gram usually runs like  &lt,29.0,6.0,gram usually run like lt,24,5
spam,SMS. ac Sptv: The New Jersey Devils and the Detroit Red Wings play Ice Hockey. Correct or Incorrect? End? Reply END SPTV,120.0,22.0,sm ac sptv new jersey devil detroit red wing play ice hockey correct incorrect end reply end sptv,97,18
ham,Do you know what Mallika Sherawat did yesterday? Find out now @  &lt,68.0,13.0,know mallika sherawat yesterday find lt,39,6
spam,"Congrats! 1 year special cinema pass for 2 is yours. call 09061209465 now! C Suprman V, Matrix3, StarWars3, etc all 4 FREE! bx420-ip4-5we. 150pm. Dont miss out! ",161.0,27.0,congrats year special cinema pas call suprman matrix starwars etc free bx ip pm dont miss,89,16
ham,"Sorry, I'll call later in meeting.",34.0,6.0,sorry call later meeting,24,4
ham,Tell where you reached,22.0,4.0,tell reached,12,2
ham,Yes..gauti and sehwag out of odi series.,40.0,7.0,yes gauti sehwag odi series,27,5
ham,Your gonna have to pick up a $1 burger for yourself on your way home. I can't even move. Pain is killing me.,108.0,23.0,gon na pick burger way home even move pain killing,50,10
ham,Ha ha ha good joke. Girls are situation seekers.,48.0,9.0,ha ha ha good joke girl situation seeker,40,8
ham,Its a part of checking IQ,25.0,6.0,part checking iq,16,3
ham,"Sorry my roommates took forever, it ok if I come by now?",56.0,12.0,sorry roommate took forever ok come,35,6
ham,Ok lar i double check wif da hair dresser already he said wun cut v short. He said will cut until i look nice.,110.0,24.0,ok lar double check wif da hair dresser already said wun cut short said cut look nice,85,17
spam,"As a valued customer, I am pleased to advise you that following recent review of your Mob No. you are awarded with a å£1500 Bonus Prize, call 09066364589",153.0,28.0,valued customer pleased advise following recent review mob awarded bonus prize call,83,12
ham,"Today is \song dedicated day..\"" Which song will u dedicate for me? Send this to all ur valuable frnds but first rply me...""",124.0,23.0,today song dedicated day song dedicate send ur valuable frnds first rply,72,12
spam,"Urgent UR awarded a complimentary trip to EuroDisinc Trav, Aco&Entry41 Or å£1000. To claim txt DIS to 87121 18+6*å£1.50(moreFrmMob. ShrAcomOrSglSuplt)10, LS1 3AJ",161.0,22.0,urgent ur awarded complimentary trip eurodisinc trav aco entry claim txt dis morefrmmob shracomorsglsuplt l aj,110,16
spam,"Did you hear about the new \Divorce Barbie\""? It comes with all of Ken's stuff!""",80.0,15.0,hear new divorce barbie come ken stuff,38,7
ham,I plane to give on this month end.,34.0,8.0,plane give month end,20,4
ham,Wah lucky man... Then can save money... Hee...,46.0,8.0,wah lucky man save money hee,28,6
ham,Finished class where are you.,29.0,5.0,finished class,14,2
ham,HI BABE IM AT HOME NOW WANNA DO SOMETHING? XX,45.0,10.0,hi babe im home wan na something xx,35,8
ham,K..k:)where are you?how did you performed?,42.0,6.0,performed,9,1
ham,U can call me now...,20.0,5.0,call,4,1
ham,I am waiting machan. Call me once you free.,43.0,9.0,waiting machan call free,24,4
ham,Thats cool. i am a gentleman and will treat you with dignity and respect.,73.0,14.0,thats cool gentleman treat dignity respect,42,6
ham,I like you peoples very much:) but am very shy pa.,50.0,11.0,like people much shy pa,23,5
ham,Does not operate after  &lt,27.0,5.0,operate lt,10,2
ham,Its not the same here. Still looking for a job. How much do Ta's earn there.,76.0,16.0,still looking job much ta earn,30,6
ham,"Sorry, I'll call later",22.0,4.0,sorry call later,16,3
ham,K. Did you call me just now ah? ,32.0,8.0,call ah,7,2
ham,Ok i am on the way to home hi hi,32.0,10.0,ok way home hi hi,17,5
ham,You will be in the place of that man,36.0,9.0,place man,9,2
ham,Yup next stop.,14.0,3.0,yup next stop,13,3
ham,"I call you later, don't have network. If urgnt, sms me.",55.0,11.0,call later network urgnt sm,27,5
ham,For real when u getting on yo? I only need 2 more tickets and one more jacket and I'm done. I already used all my multis.,121.0,26.0,real getting yo need ticket one jacket done already used multis,63,11
ham,Yes I started to send requests to make it but pain came back so I'm back in bed. Double coins at the factory too. I gotta cash in all my nitros.,144.0,31.0,yes started send request make pain came back back bed double coin factory got ta cash nitros,92,17
ham,I'm really not up to it still tonight babe,42.0,9.0,really still tonight babe,25,4
ham,"Ela kano.,il download, come wen ur free..",41.0,7.0,ela kano il download come wen ur free,37,8
ham,Yeah do! DonÛ÷t stand to close tho- youÛ÷ll catch something!,62.0,10.0,yeah stand close tho catch something,36,6
ham,Sorry to be a pain. Is it ok if we meet another night? I spent late afternoon in casualty and that means i haven't done any of y stuff42moro and that includes all my time sheets and that. Sorry. ,195.0,39.0,sorry pain ok meet another night spent late afternoon casualty mean done stuff moro includes time sheet sorry,109,18
ham,Smile in Pleasure Smile in Pain Smile when trouble pours like Rain Smile when sum1 Hurts U Smile becoz SOMEONE still Loves to see u Smiling!!,141.0,26.0,smile pleasure smile pain smile trouble pours like rain smile sum hurt smile becoz someone still love see smiling,113,19
spam,Please call our customer service representative on 0800 169 6031 between 10am-9pm as you have WON a guaranteed å£1000 cash or å£5000 prize!,139.0,23.0,please call customer service representative pm guaranteed cash prize,68,9
ham,Havent planning to buy later. I check already lido only got 530 show in e afternoon. U finish work already?,107.0,20.0,havent planning buy later check already lido got show afternoon finish work already,83,13
spam,"Your free ringtone is waiting to be collected. Simply text the password \MIX\"" to 85069 to verify. Get Usher and Britney. FML",125.0,22.0,free ringtone waiting collected simply text password mix verify get usher britney fml,85,13
ham,Watching telugu movie..wat abt u?,33.0,5.0,watching telugu movie wat abt,29,5
ham,i see. When we finish we have loads of loans to pay,51.0,12.0,see finish load loan pay,24,5
ham,"Hi. Wk been ok - on hols now! Yes on for a bit of a run. Forgot that i have hairdressers appointment at four so need to get home n shower beforehand. Does that cause prob for u?\""",179.0,38.0,hi wk ok hols yes bit run forgot hairdresser appointment four need get home shower beforehand cause prob,104,18
"ham""""""",,,,,0,0
ham,Please don't text me anymore. I have nothing else to say.,57.0,11.0,please text anymore nothing else say,36,6
ham,Okay name ur price as long as its legal! Wen can I pick them up? Y u ave x ams xx,81.0,21.0,okay name ur price long legal wen pick ave am xx,48,11
ham,I'm still looking for a car to buy. And have not gone 4the driving test yet.,76.0,16.0,still looking car buy gone driving test yet,43,8
ham,As per your request 'Melle Melle (Oru Minnaminunginte Nurungu Vettam)' has been set as your callertune for all Callers. Press *9 to copy your friends Callertune,160.0,26.0,per request melle melle oru minnaminunginte nurungu vettam set callertune caller press copy friend callertune,109,15
ham,"wow. You're right! I didn't mean to do that. I guess once i gave up on boston men and changed my search location to nyc, something changed. Cuz on my signin page it still says boston.",183.0,36.0,wow right mean guess gave boston men changed search location nyc something changed cuz signin page still say boston,115,19
ham,Umma my life and vava umma love you lot dear,44.0,10.0,umma life vava umma love lot dear,33,7
ham,Thanks a lot for your wishes on my birthday. Thanks you for making my birthday truly memorable.,95.0,17.0,thanks lot wish birthday thanks making birthday truly memorable,63,9
ham,"Aight, I'll hit you up when I get some cash",43.0,10.0,aight hit get cash,18,4
ham,How would my ip address test that considering my computer isn't a minecraft server,82.0,14.0,would ip address test considering computer minecraft server,59,8
ham,I know! Grumpy old people. My mom was like you better not be lying. Then again I am always the one to play jokes...,115.0,24.0,know grumpy old people mom like better lying always one play joke,65,12
ham,Dont worry. I guess he's busy.,30.0,6.0,dont worry guess busy,21,4
ham,What is the plural of the noun research?,40.0,8.0,plural noun research,20,3
ham,Going for dinner.msg you after.,31.0,5.0,going dinner msg,16,3
ham,I'm ok wif it cos i like 2 try new things. But i scared u dun like mah. Cos u said not too loud.,96.0,24.0,ok wif co like try new thing scared dun like mah co said loud,61,14
spam,GENT! We are trying to contact you. Last weekends draw shows that you won a å£1000 prize GUARANTEED. Call 09064012160. Claim Code K52. Valid 12hrs only. 150ppm,159.0,27.0,gent trying contact last weekend draw show prize guaranteed call claim code valid hr ppm,88,15
ham,"Wa, ur openin sentence very formal... Anyway, i'm fine too, juz tt i'm eatin too much n puttin on weight...Haha... So anythin special happened?",143.0,24.0,wa ur openin sentence formal anyway fine juz tt eatin much puttin weight haha anythin special happened,102,17
ham,"As I entered my cabin my PA said, '' Happy B'day Boss !!''. I felt special. She askd me 4 lunch. After lunch she invited me to her apartment. We went there.",156.0,32.0,entered cabin pa said happy day bos felt special askd lunch lunch invited apartment went,88,15
spam,You are a winner U have been specially selected 2 receive å£1000 or a 4* holiday (flights inc) speak to a live operator 2 claim 0871277810910p/min (18+) ,153.0,27.0,winner specially selected receive holiday flight inc speak live operator claim min,82,12
ham,Goodo! Yes we must speak friday - egg-potato ratio for tortilla needed! ,72.0,12.0,goodo yes must speak friday egg potato ratio tortilla needed,60,10
ham,Hmm...my uncle just informed me that he's paying the school directly. So pls buy food.,86.0,15.0,hmm uncle informed paying school directly pls buy food,54,9
spam,PRIVATE! Your 2004 Account Statement for 07742676969 shows 786 unredeemed Bonus Points. To claim call 08719180248 Identifier Code: 45239 Expires,144.0,20.0,private account statement show unredeemed bonus point claim call identifier code expires,88,12
spam,"URGENT! Your Mobile No. was awarded å£2000 Bonus Caller Prize on 5/9/03 This is our final try to contact U! Call from Landline 09064019788 BOX42WR29C, 150PPM",157.0,26.0,urgent mobile awarded bonus caller prize final try contact call landline box wr ppm,83,14
ham,here is my new address -apples&pairs&all that malarky,53.0,8.0,new address apple pair malarky,30,5
spam,Todays Voda numbers ending 7548 are selected to receive a $350 award. If you have a match please call 08712300220 quoting claim code 4041 standard rates app,156.0,27.0,today voda number ending selected receive award match please call quoting claim code standard rate app,102,16
ham,I am going to sao mu today. Will be done only at 12 ,52.0,13.0,going sao mu today done,23,5
ham,ÌÏ predict wat time Ì_'ll finish buying?,40.0,7.0,predict wat time finish buying,30,5
ham,"Good stuff, will do.",20.0,4.0,good stuff,10,2
ham,"Just so that you know,yetunde hasn't sent money yet. I just sent her a text not to bother sending. So its over, you dont have to involve yourself in anything. I shouldn't have imposed anything on you in the first place so for that, i apologise.",244.0,46.0,know yetunde sent money yet sent text bother sending dont involve anything imposed anything first place apologise,113,17
ham,Are you there in room.,22.0,5.0,room,4,1
ham,HEY GIRL. HOW R U? HOPE U R WELL ME AN DEL R BAK! AGAIN LONG TIME NO C! GIVE ME A CALL SUM TIME FROM LUCYxx,107.0,27.0,hey girl hope well del bak long time give call sum time lucyxx,62,13
ham,K..k:)how much does it cost?,28.0,5.0,much cost,9,2
ham,I'm home.,9.0,2.0,home,4,1
ham,"Dear, will call Tmorrow.pls accomodate.",39.0,5.0,dear call tmorrow pls accomodate,32,5
ham,First answer my question.,25.0,4.0,first answer question,21,3
spam,Sunshine Quiz Wkly Q! Win a top Sony DVD player if u know which country the Algarve is in? Txt ansr to 82277. å£1.50 SP:Tyrone,126.0,25.0,sunshine quiz wkly win top sony dvd player know country algarve txt ansr sp tyrone,82,15
spam,Want 2 get laid tonight? Want real Dogging locations sent direct 2 ur mob? Join the UK's largest Dogging Network bt Txting GRAVEL to 69888! Nt. ec2a. 31p.msg@150p,162.0,28.0,want get laid tonight want real dogging location sent direct ur mob join uk largest dogging network bt txting gravel nt ec msg,126,23
ham,I only haf msn. It's yijue@hotmail.com,38.0,6.0,haf msn yijue hotmail com,25,5
ham,He is there. You call and meet him,34.0,8.0,call meet,9,2
ham,No no. I will check all rooms befor activities,46.0,9.0,check room befor activity,25,4
spam,You'll not rcv any more msgs from the chat svc. For FREE Hardcore services text GO to: 69988 If u get nothing u must Age Verify with yr network & try again,155.0,32.0,rcv msg chat svc free hardcore service text go get nothing must age verify yr network try,89,17
ham,Got c... I lazy to type... I forgot Ì_ in lect... I saw a pouch but like not v nice...,86.0,20.0,got lazy type forgot lect saw pouch like nice,45,9
ham,"K, text me when you're on the way",33.0,8.0,text way,8,2
ham,"Sir, Waiting for your mail.",27.0,5.0,sir waiting mail,16,3
ham,"A swt thought: \Nver get tired of doing little things 4 lovable persons..\"" Coz..somtimes those little things occupy d biggest part in their Hearts.. Gud ni8""",158.0,26.0,swt thought nver get tired little thing lovable person coz somtimes little thing occupy biggest part heart gud ni,113,19
ham,I know you are. Can you pls open the back?,42.0,10.0,know pls open back,18,4
ham,Yes see ya not on the dot,25.0,7.0,yes see ya dot,14,4
ham,Whats the staff name who is taking class for us?,48.0,10.0,whats staff name taking class u,31,6
spam,"FreeMsg Why haven't you replied to my text? I'm Randy, sexy, female and live local. Luv to hear from u. Netcollex Ltd 08700621170150p per msg reply Stop to end",159.0,29.0,freemsg replied text randy sexy female live local luv hear netcollex ltd per msg reply stop end,95,17
ham,Ummma.will call after check in.our life will begin from qatar so pls pray very hard.,84.0,15.0,ummma call check life begin qatar pls pray hard,47,9
ham,K..i deleted my contact that why?,33.0,6.0,deleted contact,15,2
ham,Sindu got job in birla soft ..,30.0,7.0,sindu got job birla soft,24,5
ham,The wine is flowing and i'm i have nevering..,45.0,9.0,wine flowing nevering,21,3
ham,Yup i thk cine is better cos no need 2 go down 2 plaza mah.,59.0,15.0,yup thk cine better co need go plaza mah,40,9
ham,Ok... Ur typical reply...,25.0,4.0,ok ur typical reply,19,4
ham,As per your request 'Melle Melle (Oru Minnaminunginte Nurungu Vettam)' has been set as your callertune for all Callers. Press *9 to copy your friends Callertune,160.0,26.0,per request melle melle oru minnaminunginte nurungu vettam set callertune caller press copy friend callertune,109,15
ham,"You are everywhere dirt, on the floor, the windows, even on my shirt. And sometimes when i open my mouth, you are all that comes flowing out. I dream of my world without you, then half my chores are out too. A time of joy for me, lots of tv shows i.ll see. But i guess like all things you just must exist, like rain, hail and mist, and when my time here is done, you and i become one.",384.0,80.0,everywhere dirt floor window even shirt sometimes open mouth come flowing dream world without half chore time joy lot tv show see guess like thing must exist like rain hail mist time done become one,198,35
ham,Aaooooright are you at work?,28.0,5.0,aaooooright work,16,2
ham,I'm leaving my house now...,27.0,5.0,leaving house,13,2
ham,"Hello, my love. What are you doing? Did you get to that interview today? Are you you happy? Are you being a good boy? Do you think of me?Are you missing me ?",157.0,33.0,hello love get interview today happy good boy think missing,59,10
spam,Customer service annoncement. You have a New Years delivery waiting for you. Please call 07046744435 now to arrange delivery,124.0,19.0,customer service annoncement new year delivery waiting please call arrange delivery,83,11
spam,You are a winner U have been specially selected 2 receive å£1000 cash or a 4* holiday (flights inc) speak to a live operator 2 claim 0871277810810,146.0,27.0,winner specially selected receive cash holiday flight inc speak live operator claim,83,12
ham,Keep yourself safe for me because I need you and I miss you already and I envy everyone that see's you in real life,115.0,24.0,keep safe need miss already envy everyone see real life,55,10
ham,New car and house for my parents.:)i have only new job in hand:),64.0,13.0,new car house parent new job hand,33,7
ham,I'm so in love with you. I'm excited each day i spend with you. You make me so happy.,85.0,19.0,love excited day spend make happy,33,6
spam,-PLS STOP bootydelious (32/F) is inviting you to be her friend. Reply YES-434 or NO-434 See her: www.SMS.ac/u/bootydelious STOP? Send STOP FRND to 62468,152.0,24.0,pls stop bootydelious inviting friend reply yes see www sm ac bootydelious stop send stop frnd,94,16
spam,"BangBabes Ur order is on the way. U SHOULD receive a Service Msg 2 download UR content. If U do not, GoTo wap. bangb. tv on UR mobile internet/service menu",155.0,30.0,bangbabes ur order way receive service msg download ur content goto wap bangb tv ur mobile internet service menu,112,19
ham,I place all ur points on e cultures module already.,51.0,10.0,place ur point culture module already,37,6
spam,URGENT! We are trying to contact you. Last weekends draw shows that you have won a å£900 prize GUARANTEED. Call 09061701939. Claim code S89. Valid 12hrs only,157.0,27.0,urgent trying contact last weekend draw show prize guaranteed call claim code valid hr,86,14
ham,"Hi frnd, which is best way to avoid missunderstding wit our beloved one's?",74.0,13.0,hi frnd best way avoid missunderstding wit beloved one,54,9
ham,Great escape. I fancy the bridge but needs her lager. See you tomo ,67.0,13.0,great escape fancy bridge need lager see tomo,45,8
ham,Yes :)it completely in out of form:)clark also utter waste.,59.0,10.0,yes completely form clark also utter waste,42,7
ham,"Sir, I need AXIS BANK account no and bank address.",50.0,10.0,sir need axis bank account bank address,39,7
ham,"Hmmm.. Thk sure got time to hop ard... Ya, can go 4 free abt... Muz call u to discuss liao... ",94.0,20.0,hmmm thk sure got time hop ard ya go free abt muz call discus liao,66,15
ham,What time you coming down later? ,33.0,6.0,time coming later,17,3
ham,"Bloody hell, cant believe you forgot my surname Mr . Ill give u a clue, its spanish and begins with m... ",105.0,21.0,bloody hell cant believe forgot surname mr ill give clue spanish begin,70,12
ham,"Well, i'm gonna finish my bath now. Have a good...fine night.",61.0,11.0,well gon na finish bath good fine night,39,8
ham,Let me know when you've got the money so carlos can make the call,65.0,14.0,let know got money carlos make call,35,7
ham,U still going to the mall?,26.0,6.0,still going mall,16,3
ham,Turns out my friends are staying for the whole show and won't be back til ~ &lt,79.0,17.0,turn friend staying whole show back til lt,42,8
ham,Text her. If she doesnt reply let me know so i can have her log in,66.0,16.0,text doesnt reply let know log,30,6
ham,Hi! You just spoke to MANEESHA V. We'd like to know if you were satisfied with the experience. Reply Toll Free with Yes or No.,126.0,25.0,hi spoke maneesha like know satisfied experience reply toll free yes,68,11
ham,You lifted my hopes with the offer of money. I am in need. Especially when the end of the month approaches and it hurts my studying. Anyways have a gr8 weekend,159.0,31.0,lifted hope offer money need especially end month approach hurt studying anyways gr weekend,91,14
ham,Lol no. U can trust me.,23.0,6.0,lol trust,9,2
ham,ok. I am a gentleman and will treat you with dignity and respect.,65.0,13.0,ok gentleman treat dignity respect,34,5
ham,"He will, you guys close?",24.0,5.0,guy close,9,2
ham,Going on nothing great.bye,26.0,4.0,going nothing great bye,23,4
ham,Hello handsome ! Are you finding that job ? Not being lazy ? Working towards getting back that net for mummy ? Where's my boytoy now ? Does he miss me ?,152.0,32.0,hello handsome finding job lazy working towards getting back net mummy boytoy miss,82,13
ham,"Haha awesome, be there in a minute",34.0,7.0,haha awesome minute,19,3
spam,Please call our customer service representative on FREEPHONE 0808 145 4742 between 9am-11pm as you have WON a guaranteed å£1000 cash or å£5000 prize!,149.0,24.0,please call customer service representative freephone pm guaranteed cash prize,78,10
ham,Have you got Xmas radio times. If not i will get it now,55.0,13.0,got xmas radio time get,23,5
ham,I jus reached home. I go bathe first. But my sis using net tell u when she finishes k...,88.0,19.0,jus reached home go bathe first si using net tell finish,56,11
spam,Are you unique enough? Find out from 30th August. www.areyouunique.co.uk,72.0,10.0,unique enough find th august www areyouunique co uk,51,9
ham,I'm sorry. I've joined the league of people that dont keep in touch. You mean a great deal to me. You have been a friend at all times even at great personal cost. Do have a great week.|,185.0,38.0,sorry joined league people dont keep touch mean great deal friend time even great personal cost great week,106,18
ham,Hi :)finally i completed the course:),37.0,6.0,hi finally completed course,27,4
ham,It will stop on itself. I however suggest she stays with someone that will be able to give ors for every stool.,111.0,22.0,stop however suggest stay someone able give or every stool,58,10
ham,How are you doing? Hope you've settled in for the new school year. Just wishin you a gr8 day,92.0,19.0,hope settled new school year wishin gr day,42,8
ham,Gud mrng dear hav a nice day,28.0,7.0,gud mrng dear hav nice day,26,6
ham,Did u got that persons story,28.0,6.0,got person story,16,3
ham,is your hamster dead? Hey so tmr i meet you at 1pm orchard mrt? ,64.0,14.0,hamster dead hey tmr meet pm orchard mrt,40,8
ham,Hi its Kate how is your evening? I hope i can see you tomorrow for a bit but i have to bloody babyjontet! Txt back if u can. :) xxx,131.0,30.0,hi kate evening hope see tomorrow bit bloody babyjontet txt back xxx,68,12
ham,"Found it, ENC  &lt",18.0,4.0,found enc lt,12,3
ham,I sent you  &lt,15.0,4.0,sent lt,7,2
ham,Hello darlin ive finished college now so txt me when u finish if u can love Kate xxx,84.0,18.0,hello darlin ive finished college txt finish love kate xxx,58,10
ham,Your account has been refilled successfully by INR  &lt,55.0,9.0,account refilled successfully inr lt,36,5
ham,Goodmorning sleeping ga.,24.0,3.0,goodmorning sleeping ga,23,3
ham,U call me alter at 11 ok.,25.0,7.0,call alter ok,13,3
ham,ÌÏ say until like dat i dun buy ericsson oso cannot oredi lar...,64.0,13.0,say like dat dun buy ericsson oso oredi lar,43,9
ham,"As I entered my cabin my PA said, '' Happy B'day Boss !!''. I felt special. She askd me 4 lunch. After lunch she invited me to her apartment. We went there.",156.0,32.0,entered cabin pa said happy day bos felt special askd lunch lunch invited apartment went,88,15
ham,"Aight yo, dats straight dogg",28.0,5.0,aight yo dat straight dogg,26,5
ham,You please give us connection today itself before  &lt,54.0,9.0,please give u connection today lt,33,6
ham,Both :) i shoot big loads so get ready!,39.0,9.0,shoot big load get ready,24,5
ham,"What's up bruv, hope you had a great break. Do have a rewarding semester.",73.0,14.0,bruv hope great break rewarding semester,40,6
ham,Home so we can always chat,26.0,6.0,home always chat,16,3
ham,K:)k:)good:)study well.,23.0,2.0,good study well,15,3
ham,Yup... How Ì_ noe leh...,24.0,5.0,yup noe leh,11,3
ham,Sounds great! Are you home now?,31.0,6.0,sound great home,16,3
ham,Finally the match heading towards draw as your prediction.,58.0,9.0,finally match heading towards draw prediction,45,6
ham,Tired. I haven't slept well the past few nights.,48.0,9.0,tired slept well past night,27,5
ham,Easy ah?sen got selected means its good..,41.0,7.0,easy ah sen got selected mean good,34,7
ham,I have to take exam with march 3,32.0,8.0,take exam march,15,3
ham,Yeah you should. I think you can use your gt atm now to register. Not sure but if there's anyway i can help let me know. But when you do be sure you are ready.,159.0,35.0,yeah think use gt atm register sure anyway help let know sure ready,67,13
ham,Ok no prob. Take ur time.,25.0,6.0,ok prob take ur time,20,5
ham,There is os called ubandu which will run without installing in hard disk...you can use that os to copy the important files in system and give it to repair shop..,161.0,30.0,o called ubandu run without installing hard disk use o copy important file system give repair shop,98,17
ham,"Sorry, I'll call later",22.0,4.0,sorry call later,16,3
ham,U say leh... Of course nothing happen lar. Not say v romantic jus a bit only lor. I thk e nite scenery not so nice leh.,119.0,26.0,say leh course nothing happen lar say romantic jus bit lor thk nite scenery nice leh,84,16
spam,"500 New Mobiles from 2004, MUST GO! Txt: NOKIA to No: 89545 & collect yours today!From ONLY å£1 www.4-tc.biz 2optout 087187262701.50gbp/mtmsg18",143.0,21.0,new mobile must go txt nokia collect today www tc biz optout gbp mtmsg,70,14
ham,Would really appreciate if you call me. Just need someone to talk to.,69.0,13.0,would really appreciate call need someone talk,46,7
spam,"Will u meet ur dream partner soon? Is ur career off 2 a flyng start? 2 find out free, txt HORO followed by ur star sign, e. g. HORO ARIES",137.0,30.0,meet ur dream partner soon ur career flyng start find free txt horo followed ur star sign horo aries,100,19
ham,Hey company elama po mudyadhu.,30.0,5.0,hey company elama po mudyadhu,29,5
ham,Life is more strict than teacher... Bcoz Teacher teaches lesson &amp,68.0,11.0,life strict teacher bcoz teacher teach lesson amp,49,8
ham,Dear good morning now only i am up,34.0,8.0,dear good morning,17,3
ham,Get down in gandhipuram and walk to cross cut road. Right side &lt,66.0,13.0,get gandhipuram walk cross cut road right side lt,49,9
ham,Dear we are going to our rubber place,37.0,8.0,dear going rubber place,23,4
ham,"Sorry battery died, yeah I'm here",33.0,6.0,sorry battery died yeah,23,4
ham,Yes:)here tv is always available in work place..,48.0,8.0,yes tv always available work place,34,6
spam,Text & meet someone sexy today. U can find a date or even flirt its up to U. Join 4 just 10p. REPLY with NAME & AGE eg Sam 25. 18 -msg recd@thirtyeight pence,157.0,34.0,text meet someone sexy today find date even flirt join reply name age eg sam msg recd thirtyeight penny,103,19
ham,I have printed it oh. So  &lt,29.0,7.0,printed oh lt,13,3
ham,Or ill be a little closer like at the bus stop on the same street,65.0,15.0,ill little closer like bus stop street,38,7
ham,Where are you?when wil you reach here?,38.0,7.0,wil reach,9,2
ham,"New Theory: Argument wins d SITUATION, but loses the PERSON. So dont argue with ur friends just.. . . . kick them &amp",118.0,23.0,new theory argument win situation loses person dont argue ur friend kick amp,76,13
spam,U 447801259231 have a secret admirer who is looking 2 make contact with U-find out who they R*reveal who thinks UR so special-call on 09058094597,145.0,25.0,secret admirer looking make contact find reveal think ur special call,69,11
ham,Tomarrow final hearing on my laptop case so i cant.,51.0,10.0,tomarrow final hearing laptop case cant,39,6
ham,PLEASSSSSSSEEEEEE TEL ME V AVENT DONE SPORTSx,45.0,7.0,pleassssssseeeeee tel avent done sportsx,40,5
ham,"Okay. No no, just shining on. That was meant to be signing, but that sounds better.",83.0,16.0,okay shining meant signing sound better,39,6
ham,"Although i told u dat i'm into baig face watches now but i really like e watch u gave cos it's fr u. Thanx 4 everything dat u've done today, i'm touched...",155.0,32.0,although told dat baig face watch really like watch gave co fr thanx everything dat done today touched,102,18
ham,U don't remember that old commercial?,37.0,6.0,remember old commercial,23,3
ham,Too late. I said i have the website. I didn't i have or dont have the slippers,78.0,17.0,late said website dont slipper,30,5
ham,I asked you to call him now ok,30.0,8.0,asked call ok,13,3
ham,Kallis wont bat in 2nd innings.,31.0,6.0,kallis wont bat nd inning,25,5
ham,It didnt work again oh. Ok goodnight then. I.ll fix and have it ready by the time you wake up. You are very dearly missed have a good night sleep.,146.0,30.0,didnt work oh ok goodnight fix ready time wake dearly missed good night sleep,77,14
spam,Congratulations ur awarded 500 of CD vouchers or 125gift guaranteed & Free entry 2 100 wkly draw txt MUSIC to 87066 TnCs www.Ldew.com1win150ppmx3age16,150.0,23.0,congratulation ur awarded cd voucher gift guaranteed free entry wkly draw txt music tncs www ldew com win ppmx age,114,20
ham,Ranjith cal drpd Deeraj and deepak 5min hold,44.0,8.0,ranjith cal drpd deeraj deepak min hold,39,7
ham,"Wen ur lovable bcums angry wid u, dnt take it seriously.. Coz being angry is d most childish n true way of showing deep affection, care n luv!.. kettoda manda... Have nice day da.",179.0,34.0,wen ur lovable bcums angry wid dnt take seriously coz angry childish true way showing deep affection care luv kettoda manda nice day da,135,24
ham,What you doing?how are you?,27.0,5.0,,0,0
ham,"Ups which is 3days also, and the shipping company that takes 2wks. The other way is usps which takes a week but when it gets to lag you may have to bribe nipost to get your stuff.",179.0,37.0,ups day also shipping company take wks way usps take week get lag may bribe nipost get stuff,92,18
ham,"I'm back, lemme know when you're ready",38.0,7.0,back lem know ready,19,4
ham,Don't necessarily expect it to be done before you get back though because I'm just now headin out,97.0,18.0,necessarily expect done get back though headin,46,7
ham,Mmm so yummy babe ... Nice jolt to the suzy,43.0,10.0,mmm yummy babe nice jolt suzy,29,6
ham,Where are you lover ? I need you ...,36.0,9.0,lover need,10,2
spam,We tried to contact you re your reply to our offer of a Video Handset? 750 anytime networks mins? UNLIMITED TEXT? Camcorder? Reply or call 08000930705 NOW,154.0,27.0,tried contact reply offer video handset anytime network min unlimited text camcorder reply call,95,14
ham,IÛ÷m parked next to a MINI!!!! When are you coming in today do you think?,74.0,15.0,parked next mini coming today think,35,6
ham,Yup,3.0,1.0,yup,3,1
ham,Anyway i'm going shopping on my own now. Cos my sis not done yet. Dun disturb u liao.,85.0,18.0,anyway going shopping co si done yet dun disturb liao,53,10
ham,MY NO. IN LUTON 0125698789 RING ME IF UR AROUND! H*,51.0,11.0,luton ring ur around,20,4
spam,Hey I am really horny want to chat or see me naked text hot to 69698 text charged at 150pm to unsubscribe text stop 69698,121.0,25.0,hey really horny want chat see naked text hot text charged pm unsubscribe text stop,83,15
ham,Why you Dint come with us.,26.0,6.0,dint come u,11,3
ham,Same. Wana plan a trip sometme then,35.0,7.0,wana plan trip sometme,22,4
ham,"Not sure yet, still trying to get a hold of him",47.0,11.0,sure yet still trying get hold,30,6
spam,Ur ringtone service has changed! 25 Free credits! Go to club4mobiles.com to choose content now! Stop? txt CLUB STOP to 87070. 150p/wk Club4 PO Box1146 MK45 2WT,159.0,27.0,ur ringtone service changed free credit go club mobile com choose content stop txt club stop wk club po box mk wt,113,22
ham,The evo. I just had to download flash. Jealous?,47.0,9.0,evo download flash jealous,26,4
spam,Ringtone Club: Get the UK singles chart on your mobile each week and choose any top quality ringtone! This message is free of charge.,133.0,24.0,ringtone club get uk single chart mobile week choose top quality ringtone message free charge,93,15
ham,"Come to mu, we're sorting out our narcotics situation",53.0,9.0,come mu sorting narcotic situation,34,5
ham,"Night has ended for another day, morning has come in a special way. May you smile like the sunny rays and leaves your worries at the blue blue bay.",147.0,29.0,night ended another day morning come special way may smile like sunny ray leaf worry blue blue bay,98,18
spam,HMV BONUS SPECIAL 500 pounds of genuine HMV vouchers to be won. Just answer 4 easy questions. Play Now! Send HMV to 86688 More info:www.100percent-real.com,155.0,25.0,hmv bonus special pound genuine hmv voucher answer easy question play send hmv info www percent real com,104,18
ham,"Usf I guess, might as well take 1 car",37.0,9.0,usf guess might well take car,29,6
ham,No objection. My bf not coming.,31.0,6.0,objection bf coming,19,3
ham,Thanx...,8.0,1.0,thanx,5,1
ham,Tell rob to mack his gf in the theater,38.0,9.0,tell rob mack gf theater,24,5
ham,"Awesome, I'll see you in a bit",30.0,7.0,awesome see bit,15,3
ham,Just sent it. So what type of food do you like?,47.0,11.0,sent type food like,19,4
ham,All done? All handed in? Celebrations in full swing yet?,56.0,10.0,done handed celebration full swing yet,38,6
ham,You got called a tool?,22.0,5.0,got called tool,15,3
ham,\Wen u miss someone,19.0,4.0,wen miss someone,16,3
ham,Ok. I asked for money how far,29.0,7.0,ok asked money far,18,4
ham,Okie...,7.0,1.0,okie,4,1
ham,"Yeah I think my usual guy's still passed out from last night, if you get ahold of anybody let me know and I'll throw down",121.0,25.0,yeah think usual guy still passed last night get ahold anybody let know throw,77,14
ham,"K, I might come by tonight then if my class lets out early",58.0,13.0,might come tonight class let early,34,6
ham,Ok..,4.0,1.0,ok,2,1
ham,hi baby im cruisin with my girl friend what r u up 2? give me a call in and hour at home if thats alright or fone me on this fone now love jenny xxx,148.0,35.0,hi baby im cruisin girl friend give call hour home thats alright fone fone love jenny xxx,89,17
ham,"My life Means a lot to me, Not because I love my life, But because I love the people in my life, The world calls them friends, I call them my World:-).. Ge:-)..",160.0,33.0,life mean lot love life love people life world call friend call world ge,72,14
ham,"Dear,shall mail tonite.busy in the street,shall update you tonite.things are looking ok.varunnathu edukkukayee raksha ollu.but a good one in real sense.",152.0,21.0,dear shall mail tonite busy street shall update tonite thing looking ok varunnathu edukkukayee raksha ollu good one real sense,126,20
ham,Hey you told your name to gautham ah?,37.0,8.0,hey told name gautham ah,24,5
ham,Haf u found him? I feel so stupid da v cam was working.,55.0,13.0,haf found feel stupid da cam working,36,7
ham,Oops. 4 got that bit.,21.0,5.0,oops got bit,12,3
ham,Are you this much buzy,22.0,5.0,much buzy,9,2
ham,I accidentally deleted the message. Resend please.,50.0,7.0,accidentally deleted message resend please,42,5
spam,T-Mobile customer you may now claim your FREE CAMERA PHONE upgrade & a pay & go sim card for your loyalty. Call on 0845 021 3680.Offer ends 28thFeb.T&C's apply,159.0,29.0,mobile customer may claim free camera phone upgrade pay go sim card loyalty call offer end thfeb apply,102,18
ham,Unless it's a situation where YOU GO GURL would be more appropriate,67.0,12.0,unless situation go gurl would appropriate,42,6
ham,Hurt me... Tease me... Make me cry... But in the end of my life when i die plz keep one rose on my grave and say STUPID I MISS U.. HAVE A NICE DAY BSLVYL,153.0,35.0,hurt tease make cry end life die plz keep one rose grave say stupid miss nice day bslvyl,88,18
ham,I cant pick the phone right now. Pls send a message,51.0,11.0,cant pick phone right pls send message,38,7
ham,Need a coffee run tomo?Can't believe it's that time of week already,67.0,12.0,need coffee run tomo believe time week already,46,8
ham,"Awesome, I remember the last time we got somebody high for the first time with diesel :V",88.0,17.0,awesome remember last time got somebody high first time diesel,62,10
ham,"Shit that is really shocking and scary, cant imagine for a second. Def up for night out. Do u think there is somewhere i could crash for night, save on taxi?",157.0,31.0,shit really shocking scary cant imagine second def night think somewhere could crash night save taxi,100,16
ham,Oh and by the way you do have more food in your fridge! Want to go out for a meal tonight? ,91.0,21.0,oh way food fridge want go meal tonight,39,8
ham,He is a womdarfull actor,24.0,5.0,womdarfull actor,16,2
spam,"SMS. ac Blind Date 4U!: Rodds1 is 21/m from Aberdeen, United Kingdom. Check Him out http://img. sms. ac/W/icmb3cktz8r7!-4 no Blind Dates send HIDE",146.0,23.0,sm ac blind date rodds aberdeen united kingdom check http img sm ac icmb cktz blind date send hide,98,19
ham,Yup... From what i remb... I think should be can book... ,57.0,11.0,yup remb think book,19,4
ham,Jos ask if u wana meet up?,26.0,7.0,jos ask wana meet,17,4
ham,Lol yes. Our friendship is hanging on a thread cause u won't buy stuff.,71.0,14.0,lol yes friendship hanging thread cause buy stuff,49,8
spam,"TheMob> Check out our newest selection of content, Games, Tones, Gossip, babes and sport, Keep your mobile fit and funky text WAP to 82468",138.0,24.0,themob check newest selection content game tone gossip babe sport keep mobile fit funky text wap,96,16
ham,Where are the garage keys? They aren't on the bookshelf,55.0,10.0,garage key bookshelf,20,3
ham,Today is ACCEPT DAY..U Accept me as? Brother Sister Lover Dear1 Best1 Clos1 Lvblefrnd Jstfrnd Cutefrnd Lifpartnr Belovd Swtheart Bstfrnd No rply means enemy,156.0,24.0,today accept day accept brother sister lover dear best clos lvblefrnd jstfrnd cutefrnd lifpartnr belovd swtheart bstfrnd rply mean enemy,136,20
spam,"Think ur smart ? Win å£200 this week in our weekly quiz, text PLAY to 85222 now!T&Cs WinnersClub PO BOX 84, M26 3UZ. 16+. GBP1.50/week",134.0,25.0,think ur smart win week weekly quiz text play c winnersclub po box uz gbp week,78,16
ham,He says he'll give me a call when his friend's got the money but that he's definitely buying before the end of the week,119.0,24.0,say give call friend got money definitely buying end week,57,10
ham,"Hi the way I was with u 2day, is the normal way&this is the real me. UR unique&I hope I know u 4 the rest of mylife. Hope u find wot was lost.",142.0,33.0,hi way day normal way real ur unique hope know rest mylife hope find wot lost,77,16
ham,You made my day. Do have a great day too.,41.0,10.0,made day great day,18,4
ham,K.k:)advance happy pongal.,26.0,3.0,advance happy pongal,20,3
ham,"Hmmm... Guess we can go 4 kb n power yoga... Haha, dunno we can tahan power yoga anot... Thk got lo oso, forgot liao...",119.0,24.0,hmmm guess go kb power yoga haha dunno tahan power yoga anot thk got lo oso forgot liao,87,18
ham,"Not really dude, have no friends i'm afraid :(",46.0,9.0,really dude friend afraid,25,4
spam,December only! Had your mobile 11mths+? You are entitled to update to the latest colour camera mobile for Free! Call The Mobile Update Co FREE on 08002986906,157.0,27.0,december mobile mths entitled update latest colour camera mobile free call mobile update co free,96,15
ham,"Coffee cake, i guess...",23.0,4.0,coffee cake guess,17,3
ham,"Merry Christmas to you too babe, i love ya *kisses*",51.0,10.0,merry christmas babe love ya kiss,33,6
ham,Hey... Why dont we just go watch x men and have lunch... Haha ,62.0,13.0,hey dont go watch men lunch haha,32,7
ham,cud u tell ppl im gona b a bit l8 cos 2 buses hav gon past cos they were full & im still waitin 4 1. Pete x,107.0,28.0,cud tell ppl im gona bit co bus hav gon past co full im still waitin pete,73,17
ham,That would be great. We'll be at the Guild. Could meet on Bristol road or somewhere - will get in touch over weekend. Our plans take flight! Have a good week,157.0,31.0,would great guild could meet bristol road somewhere get touch weekend plan take flight good week,96,16
ham,No problem. How are you doing?,30.0,6.0,problem,7,1
ham,No calls..messages..missed calls,32.0,3.0,call message missed call,24,4
ham,Hi da:)how is the todays class?,31.0,6.0,hi da today class,17,4
ham,"I'd say that's a good sign but, well, you know my track record at reading women",79.0,16.0,say good sign well know track record reading woman,50,9
ham,"Cool, text me when you're parked",32.0,6.0,cool text parked,16,3
ham,I'm reading the text i just sent you. Its meant to be a joke. So read it in that light,86.0,20.0,reading text sent meant joke read light,39,7
ham,K.k:)apo k.good movie.,22.0,3.0,apo good movie,14,3
ham,Maybe i could get book out tomo then return it immediately ..? Or something.,76.0,14.0,maybe could get book tomo return immediately something,54,8
spam,Call Germany for only 1 pence per minute! Call from a fixed line via access number 0844 861 85 85. No prepayment. Direct access!,128.0,24.0,call germany penny per minute call fixed line via access number prepayment direct access,88,14
ham,Any chance you might have had with me evaporated as soon as you violated my privacy by stealing my phone number from your employer's paperwork. Not cool at all. Please do not contact me again or I will report you to your supervisor.,232.0,43.0,chance might evaporated soon violated privacy stealing phone number employer paperwork cool please contact report supervisor,124,16
spam,Valentines Day Special! Win over å£1000 in our quiz and take your partner on the trip of a lifetime! Send GO to 83600 now. 150p/msg rcvd. CustCare:08718720201.,159.0,27.0,valentine day special win quiz take partner trip lifetime send go msg rcvd custcare,83,14
ham,"Ta-Daaaaa! I am home babe, are you still up ?",45.0,10.0,ta daaaaa home babe still,25,5
ham,Cool. So how come you havent been wined and dined before?,57.0,11.0,cool come havent wined dined,28,5
ham,Just sleeping..and surfing,26.0,3.0,sleeping surfing,16,2
ham,"Sorry, I'll call later",22.0,4.0,sorry call later,16,3
ham,U calling me right? Call my hand phone...,41.0,8.0,calling right call hand phone,29,5
ham,Ok that's great thanx a lot.,28.0,6.0,ok great thanx lot,18,4
ham,I take it the post has come then! You must have 1000s of texts now! Happy reading. My one from wiv hello caroline at the end is my favourite. Bless him,151.0,31.0,take post come must text happy reading one wiv hello caroline end favourite bless,81,14
ham,Where u been hiding stranger?,29.0,5.0,hiding stranger,15,2
ham,Am not interested to do like that.,34.0,7.0,interested like,15,2
ham,My sister cleared two round in birla soft yesterday.,52.0,9.0,sister cleared two round birla soft yesterday,45,7
ham,Gudnite....tc...practice going on,33.0,3.0,gudnite tc practice going,25,4
ham,Dis is yijue. I jus saw ur mail. In case huiming havent sent u my num. Dis is my num.,85.0,20.0,dis yijue jus saw ur mail case huiming havent sent num dis num,62,13
ham,One small prestige problem now.,31.0,5.0,one small prestige problem,26,4
spam,Fancy a shag? I do.Interested? sextextuk.com txt XXUK SUZY to 69876. Txts cost 1.50 per msg. TnCs on website. X,111.0,20.0,fancy shag interested sextextuk com txt xxuk suzy txts cost per msg tncs website,80,14
ham,Just checking in on you. Really do miss seeing Jeremiah. Do have a great month,78.0,15.0,checking really miss seeing jeremiah great month,48,7
ham,"Nah can't help you there, I've never had an iphone",50.0,10.0,nah help never iphone,21,4
ham,If you're not in my car in an hour and a half I'm going apeshit,63.0,15.0,car hour half going apeshit,27,5
ham,"TODAY is Sorry day.! If ever i was angry with you, if ever i misbehaved or hurt you? plz plz JUST SLAP URSELF Bcoz, Its ur fault, I'm basically GOOD",148.0,30.0,today sorry day ever angry ever misbehaved hurt plz plz slap urself bcoz ur fault basically good,96,17
ham,Yo you guys ever figure out how much we need for alcohol? Jay and I are trying to figure out how much we can safely spend on weed,129.0,28.0,yo guy ever figure much need alcohol jay trying figure much safely spend weed,77,14
ham,&lt,3.0,1.0,lt,2,1
ham,"Thank You for calling.Forgot to say Happy Onam to you Sirji.I am fine here and remembered you when i met an insurance person.Meet You in Qatar Insha Allah.Rakhesh, ex Tata AIG who joined TISSCO,Tayseer.",202.0,34.0,thank calling forgot say happy onam sirji fine remembered met insurance person meet qatar insha allah rakhesh ex tata aig joined tissco tayseer,143,23
spam,Congratulations ur awarded 500 of CD vouchers or 125gift guaranteed & Free entry 2 100 wkly draw txt MUSIC to 87066 TnCs www.Ldew.com1win150ppmx3age16,150.0,23.0,congratulation ur awarded cd voucher gift guaranteed free entry wkly draw txt music tncs www ldew com win ppmx age,114,20
spam,Ur cash-balance is currently 500 pounds - to maximize ur cash-in now send CASH to 86688 only 150p/msg. CC: 08708800282 HG/Suite342/2Lands Row/W1J6HL,148.0,22.0,ur cash balance currently pound maximize ur cash send cash msg cc hg suite land row hl,86,17
ham,"I'm an actor. When i work, i work in the evening and sleep late. Since i'm unemployed at the moment, i ALWAYS sleep late. When you're unemployed, every day is saturday.",168.0,31.0,actor work work evening sleep late since unemployed moment always sleep late unemployed every day saturday,106,16
ham,"Hello! Just got here, st andrews-boy its a long way! Its cold. I will keep you posted",85.0,17.0,hello got st andrew boy long way cold keep posted,49,10
ham,Ha ha cool cool chikku chikku:-):-DB-),38.0,6.0,ha ha cool cool chikku chikku db,32,7
ham,Oh ok no prob..,15.0,4.0,oh ok prob,10,3
ham,Check audrey's status right now,31.0,5.0,check audrey status right,25,4
ham,Busy here. Trying to finish for new year. I am looking forward to finally meeting you...,88.0,16.0,busy trying finish new year looking forward finally meeting,59,9
ham,"Good afternoon sunshine! How dawns that day ? Are we refreshed and happy to be alive? Do we breathe in the air and smile ? I think of you, my love ... As always",160.0,34.0,good afternoon sunshine dawn day refreshed happy alive breathe air smile think love always,90,14
ham,Well i know Z will take care of me. So no worries.,50.0,12.0,well know take care worry,25,5
spam,"Update_Now - Xmas Offer! Latest Motorola, SonyEricsson & Nokia & FREE Bluetooth! Double Mins & 1000 Txt on Orange. Call MobileUpd8 on 08000839402 or call2optout/F4Q=",165.0,25.0,update xmas offer latest motorola sonyericsson nokia free bluetooth double min txt orange call mobileupd call optout,116,17
spam,Here is your discount code RP176781. To stop further messages reply stop. www.regalportfolio.co.uk. Customer Services 08717205546,129.0,16.0,discount code rp stop message reply stop www regalportfolio co uk customer service,82,13
ham,Wat uniform? In where get?,26.0,5.0,wat uniform get,15,3
ham,"Cool, text me when you're ready",31.0,6.0,cool text ready,15,3
ham,"Hello my boytoy ... Geeee I miss you already and I just woke up. I wish you were here in bed with me, cuddling me. I love you ...",129.0,29.0,hello boytoy geeee miss already woke wish bed cuddling love,59,10
ham,I will spoil you in bed as well :),34.0,9.0,spoil bed well,14,3
ham,I'm going for bath will msg you next  &lt,41.0,9.0,going bath msg next lt,22,5
ham,I cant keep talking to people if am not sure i can pay them if they agree to price. So pls tell me what you want to really buy and how much you are willing to pay,162.0,37.0,cant keep talking people sure pay agree price pls tell want really buy much willing pay,87,16
spam,"Thanks for your Ringtone Order, Reference T91. You will be charged GBP 4 per week. You can unsubscribe at anytime by calling customer services on 09057039994",157.0,26.0,thanks ringtone order reference charged gbp per week unsubscribe anytime calling customer service,97,13
ham,Can you say what happen,23.0,5.0,say happen,10,2
ham,You could have seen me..i did't recognise you Face.:),53.0,9.0,could seen recognise face,25,4
ham,Well there's not a lot of things happening in Lindsay on New years *sighs* Some bars in Ptbo and the blue heron has something going,131.0,25.0,well lot thing happening lindsay new year sigh bar ptbo blue heron something going,82,14
ham,Keep my payasam there if rinu brings,36.0,7.0,keep payasam rinu brings,24,4
ham,I taught that Ranjith sir called me. So only i sms like that. Becaus hes verifying about project. Prabu told today so only pa dont mistake me..,143.0,27.0,taught ranjith sir called sm like becaus he verifying project prabu told today pa dont mistake,94,16
ham,"I guess that's why you re worried. You must know that there's a way the body repairs itself. And i'm quite sure you shouldn't worry. We'll take it slow. First the tests, they will guide when your ovulation is then just relax. Nothing you've said is a reason to worry but i.ll keep on followin you up.",300.0,57.0,guess worried must know way body repair quite sure worry take slow first test guide ovulation relax nothing said reason worry keep followin,139,23
ham,"Yeah sure, give me a couple minutes to track down my wallet",59.0,12.0,yeah sure give couple minute track wallet,41,7
ham,Hey leave it. not a big deal:-) take care.,42.0,9.0,hey leave big deal take care,28,6
ham,Hey i will be late ah... Meet you at 945+,41.0,10.0,hey late ah meet,16,4
spam,"Double mins and txts 4 6months FREE Bluetooth on Orange. Available on Sony, Nokia Motorola phones. Call MobileUpd8 on 08000839402 or call2optout/N9DX",149.0,22.0,double min txts month free bluetooth orange available sony nokia motorola phone call mobileupd call optout dx,109,17
ham,It took Mr owl 3 licks,22.0,6.0,took mr owl lick,16,4
ham,Customer place i will call you.,31.0,6.0,customer place call,19,3
ham,Mm that time you dont like fun,30.0,7.0,mm time dont like fun,21,5
spam,4mths half price Orange line rental & latest camera phones 4 FREE. Had your phone 11mths ? Call MobilesDirect free on 08000938767 to update now! or2stoptxt,155.0,26.0,mths half price orange line rental latest camera phone free phone mths call mobilesdirect free update stoptxt,109,17
ham,Yup having my lunch buffet now.. U eat already?,47.0,9.0,yup lunch buffet eat already,28,5
ham,Huh so late... Fr dinner?,25.0,5.0,huh late fr dinner,18,4
ham,Hey so this sat are we going for the intro pilates only? Or the kickboxing too? ,80.0,16.0,hey sat going intro pilate kickboxing,37,6
ham,Morning only i can ok.,22.0,5.0,morning ok,10,2
ham,Yes i think so. I am in office but my lap is in room i think thats on for the last few days. I didnt shut that down,115.0,28.0,yes think office lap room think thats last day didnt shut,57,11
ham,Pick you up bout 7.30ish? What time are  and that going?,56.0,11.0,pick bout ish time going,24,5
ham,From here after The performance award is calculated every two month.not for current one month period..,102.0,16.0,performance award calculated every two month current one month period,69,10
ham,Was actually sleeping and still might when u call back. So a text is gr8. You rock sis. Will send u a text wen i wake.,118.0,26.0,actually sleeping still might call back text gr rock si send text wen wake,74,14
ham,"You are always putting your business out there. You put pictures of your ass on facebook. You are one of the most open people i've ever met. Why would i think a picture of your room would hurt you, make you feel violated.",221.0,43.0,always putting business put picture as facebook one open people ever met would think picture room would hurt make feel violated,127,21
ham,"Good evening Sir, Al Salam Wahleykkum.sharing a happy news.By the grace of God, i got an offer from Tayseer,TISSCO and i joined.Hope you are fine.Inshah Allah,meet you sometime.Rakhesh,visitor from India.",204.0,30.0,good evening sir al salam wahleykkum sharing happy news grace god got offer tayseer tissco joined hope fine inshah allah meet sometime rakhesh visitor india,156,25
ham,Hmmm...k...but i want to change the field quickly da:-)i wanna get system administrator or network administrator..,114.0,16.0,hmmm want change field quickly da wan na get system administrator network administrator,87,13
spam,"FREE RINGTONE text FIRST to 87131 for a poly or text GET to 87131 for a true tone! Help? 0845 2814032 16 after 1st free, tones are 3xå£150pw to eå£nd txt stop",158.0,32.0,free ringtone text first poly text get true tone help st free tone pw nd txt stop,81,17
ham,Dear how is chechi. Did you talk to her,39.0,9.0,dear chechi talk,16,3
ham,The hair cream has not been shipped.,36.0,7.0,hair cream shipped,18,3
ham,None of that's happening til you get here though,48.0,9.0,none happening til get though,29,5
ham,"Yep, the great loxahatchee xmas tree burning of  &lt",52.0,9.0,yep great loxahatchee xmas tree burning lt,42,7
ham,"Haha get used to driving to usf man, I know a lot of stoners",60.0,14.0,haha get used driving usf man know lot stoner,45,9
ham,All was well until slightly disastrous class this pm with my fav darlings! Hope day off ok. Coffee wld be good as can't stay late tomorrow. Same time + place as always?,168.0,32.0,well slightly disastrous class pm fav darling hope day ok coffee wld good stay late tomorrow time place always,110,19
ham,Hello! Good week? Fancy a drink or something later?,51.0,9.0,hello good week fancy drink something later,43,7
ham,Headin towards busetop,22.0,3.0,headin towards busetop,22,3
ham,Message:some text missing* Sender:Name Missing* *Number Missing *Sent:Date missing *Missing U a lot thats y everything is missing sent via fullonsms.com,152.0,21.0,message text missing sender name missing number missing sent date missing missing lot thats everything missing sent via fullonsms com,133,20
ham,Come by our room at some point so we can iron out the plan for this weekend,75.0,17.0,come room point iron plan weekend,33,6
ham,Cos i want it to be your thing,30.0,8.0,co want thing,13,3
ham,"Okies... I'll go yan jiu too... We can skip ard oso, go cine den go mrt one, blah blah blah... ",95.0,20.0,okies go yan jiu skip ard oso go cine den go mrt one blah blah blah,67,16
ham,Bring home some Wendy =D,24.0,5.0,bring home wendy,16,3
spam,100 dating service cal,22.0,4.0,dating service cal,18,3
ham,Whatsup there. Dont u want to sleep,35.0,7.0,whatsup dont want sleep,23,4
ham,Alright i have a new goal now,29.0,7.0,alright new goal,16,3
spam,FREE entry into our å£250 weekly competition just text the word WIN to 80086 NOW. 18 T&C www.txttowin.co.uk,107.0,18.0,free entry weekly competition text word win www txttowin co uk,62,11
ham,"Alright, I'll head out in a few minutes, text me where to meet you",66.0,14.0,alright head minute text meet,29,5
spam,Send a logo 2 ur lover - 2 names joined by a heart. Txt LOVE NAME1 NAME2 MOBNO eg LOVE ADAM EVE 07123456789 to 87077 Yahoo! POBox36504W45WQ TxtNO 4 no ads 150p,159.0,32.0,send logo ur lover name joined heart txt love name name mobno eg love adam eve yahoo pobox wq txtno ad,102,21
ham,Yes:)from last week itself i'm taking live call.,48.0,8.0,yes last week taking live call,30,6
spam,Someone has contacted our dating service and entered your phone because they fancy you! To find out who it is call from a landline 09111032124 . PoBox12n146tf150p,162.0,27.0,someone contacted dating service entered phone fancy find call landline pobox tf,80,12
ham,Siva is in hostel aha:-.,24.0,5.0,siva hostel aha,15,3
spam,URGENT! Your Mobile number has been awarded with a å£2000 prize GUARANTEED. Call 09058094455 from land line. Claim 3030. Valid 12hrs only,137.0,22.0,urgent mobile number awarded prize guaranteed call land line claim valid hr,75,12
ham,Send this to ur friends and receive something about ur voice..... How is my speaking expression? 1.childish 2.naughty 3.Sentiment 4.rowdy 5.ful of attitude 6.romantic 7.shy 8.Attractive 9.funny  &lt,198.0,28.0,send ur friend receive something ur voice speaking expression childish naughty sentiment rowdy ful attitude romantic shy attractive funny lt,140,20
ham,Ok. She'll be ok. I guess,25.0,6.0,ok ok guess,11,3
ham,aathi..where are you dear..,27.0,4.0,aathi dear,10,2
ham,Any pain on urination any thing else?,37.0,7.0,pain urination thing else,25,4
ham,7 at esplanade.. Do Ì_ mind giving me a lift cos i got no car today..,69.0,16.0,esplanade mind giving lift co got car today,43,8
ham,I wnt to buy a BMW car urgently..its vry urgent.but hv a shortage of  &lt,73.0,15.0,wnt buy bmw car urgently vry urgent hv shortage lt,50,10
ham,At home watching tv lor.,24.0,5.0,home watching tv lor,20,4
ham,Does she usually take fifteen fucking minutes to respond to a yes or no question,80.0,15.0,usually take fifteen fucking minute respond yes question,56,8
spam,Congrats! Nokia 3650 video camera phone is your Call 09066382422 Calls cost 150ppm Ave call 3mins vary from mobiles 16+ Close 300603 post BCM4284 Ldn WC1N3XX,157.0,26.0,congrats nokia video camera phone call call cost ppm ave call min vary mobile close post bcm ldn wc xx,102,20
ham,Booked ticket for pongal?,25.0,4.0,booked ticket pongal,20,3
ham,You available now? I'm like right around hillsborough &amp,58.0,9.0,available like right around hillsborough amp,44,6
ham,The message sent is askin for  &lt,34.0,7.0,message sent askin lt,21,4
ham,"Ask g or iouri, I've told the story like ten times already",58.0,12.0,ask iouri told story like ten time already,42,8
ham,How long does applebees fucking take,36.0,6.0,long applebees fucking take,27,4
ham,"Hi hope u get this txt~journey hasnt been gd,now about 50 mins late I think.",76.0,15.0,hi hope get txt journey hasnt gd min late think,47,10
ham,But i have to. I like to have love and arrange.,47.0,11.0,like love arrange,17,3
ham,Yes..he is really great..bhaji told kallis best cricketer after sachin in world:).very tough to get out.,104.0,16.0,yes really great bhaji told kallis best cricketer sachin world tough get,72,12
ham,You were supposed to wake ME up &gt,35.0,8.0,supposed wake gt,16,3
ham,Oic... I saw him too but i tot he din c me... I found a group liao...,69.0,17.0,oic saw tot din found group liao,32,7
ham,"Sorry, I'll call later",22.0,4.0,sorry call later,16,3
ham,\HEY HEY WERETHE MONKEESPEOPLE SAY WE MONKEYAROUND! HOWDY GORGEOUS,66.0,9.0,hey hey werethe monkeespeople say monkeyaround howdy gorgeous,61,8
ham,"Sorry, my battery died, I can come by but I'm only getting a gram for now, where's your place?",94.0,19.0,sorry battery died come getting gram place,42,7
ham,"Well done, blimey, exercise, yeah, i kinda remember wot that is, hmm. ",70.0,12.0,well done blimey exercise yeah kinda remember wot hmm,53,9
ham,I wont get concentration dear you know you are my mind and everything :-),73.0,14.0,wont get concentration dear know mind everything,48,7
ham,LOL ... Have you made plans for new years?,42.0,9.0,lol made plan new year,22,5
ham,10 min later k...,17.0,4.0,min later,9,2
ham,hanks lotsly!,13.0,2.0,hank lotsly,11,2
ham,Thanks for this hope you had a good day today,45.0,10.0,thanks hope good day today,26,5
ham,K:)k:)what are detail you want to transfer?acc no enough?,57.0,9.0,detail want transfer acc enough,31,5
ham,Ok i will tell her to stay out. Yeah its been tough but we are optimistic things will improve this month.,105.0,21.0,ok tell stay yeah tough optimistic thing improve month,54,9
spam,"Loan for any purpose å£500 - å£75,000. Homeowners + Tenants welcome. Have you been previously refused? We can still help. Call Free 0800 1956669 or text back 'help'",164.0,28.0,loan purpose homeowner tenant welcome previously refused still help call free text back help,92,14
ham,Si si. I think ill go make those oreo truffles.,47.0,10.0,si si think ill go make oreo truffle,36,8
ham,"LOOK AT AMY URE A BEAUTIFUL, INTELLIGENT WOMAN AND I LIKE U A LOT. I KNOW U DONåÕT LIKE ME LIKE THAT SO DONåÕT WORRY.",117.0,25.0,look amy ure beautiful intelligent woman like lot know like like worry,70,12
ham,I hope you that's the result of being consistently intelligent and kind. Start asking him about practicum links and keep your ears open and all the best. ttyl,158.0,28.0,hope result consistently intelligent kind start asking practicum link keep ear open best ttyl,93,14
ham,"1.20 that call cost. Which i guess isnt bad. Miss ya, need ya, want ya, love ya",79.0,17.0,call cost guess isnt bad miss ya need ya want ya love ya,56,13
ham,Going thru a very different feeling.wavering decisions and coping up with the same is the same individual.time will heal everything i believe.,142.0,22.0,going thru different feeling wavering decision coping individual time heal everything believe,93,12
ham,Where did u go? My phone is gonna die you have to stay in here,62.0,15.0,go phone gon na die stay,24,6
ham,Great. Never been better. Each day gives even more reasons to thank God,71.0,13.0,great never better day give even reason thank god,49,9
spam,"UpgrdCentre Orange customer, you may now claim your FREE CAMERA PHONE upgrade for your loyalty. Call now on 0207 153 9153. Offer ends 26th July. T&C's apply. Opt-out available",175.0,29.0,upgrdcentre orange customer may claim free camera phone upgrade loyalty call offer end th july apply opt available,114,18
ham,"Sorry, I'll call later ok bye",29.0,6.0,sorry call later ok bye,23,5
ham,Ok i am on the way to railway,29.0,8.0,ok way railway,14,3
ham,great princess! I love giving and receiving oral. Doggy style is my fave position. How about you? I enjoy making love  &lt,122.0,22.0,great princess love giving receiving oral doggy style fave position enjoy making love lt,88,14
ham,They don't put that stuff on the roads to keep it from getting slippery over there?,83.0,16.0,put stuff road keep getting slippery,36,6
ham,When are you going to ride your bike?,37.0,8.0,going ride bike,15,3
ham,"Yup, no need. I'll jus wait 4 e rain 2 stop.",44.0,11.0,yup need jus wait rain stop,27,6
ham,There are many company. Tell me the language.,45.0,8.0,many company tell language,26,4
spam,okmail: Dear Dave this is your final notice to collect your 4* Tenerife Holiday or #5000 CASH award! Call 09061743806 from landline. TCs SAE Box326 CW25WX 150ppm,161.0,27.0,okmail dear dave final notice collect tenerife holiday cash award call landline tc sae box cw wx ppm,100,18
ham,"How long has it been since you screamed, princess?",50.0,9.0,long since screamed princess,28,4
ham,"Nothing. I meant that once the money enters your account here, the bank will remove its flat rate. Someone transfered  &lt",122.0,21.0,nothing meant money enters account bank remove flat rate someone transfered lt,78,12
spam,Want 2 get laid tonight? Want real Dogging locations sent direct 2 ur Mob? Join the UK's largest Dogging Network by txting MOAN to 69888Nyt. ec2a. 31p.msg@150p,159.0,27.0,want get laid tonight want real dogging location sent direct ur mob join uk largest dogging network txting moan nyt ec msg,122,22
ham,Nice line said by a broken heart- Plz don't cum 1 more times infront of me... Other wise once again I ll trust U... Good 9t:),125.0,26.0,nice line said broken heart plz cum time infront wise trust good,64,12
ham,Ok I'm gonna head up to usf in like fifteen minutes,51.0,11.0,ok gon na head usf like fifteen minute,38,8
ham,Love you aathi..love u lot..,28.0,5.0,love aathi love lot,19,4
ham,Tension ah?what machi?any problem?,34.0,4.0,tension ah machi problem,24,4
ham,"K, can I pick up another 8th when you're done?",46.0,10.0,pick another th done,20,4
ham,When're you guys getting back? G said you were thinking about not staying for mcr,81.0,15.0,guy getting back said thinking staying mcr,42,7
ham,"Almost there, see u in a sec",28.0,7.0,almost see sec,14,3
ham,"Yo carlos, a few friends are already asking me about you, you working at all this weekend?",90.0,17.0,yo carlos friend already asking working weekend,47,7
ham,Watching tv lor...,18.0,3.0,watching tv lor,15,3
ham,Thank you baby! I cant wait to taste the real thing...,54.0,11.0,thank baby cant wait taste real thing,37,7
ham,You should change your fb to jaykwon thuglyfe falconerf,55.0,9.0,change fb jaykwon thuglyfe falconerf,36,5
ham,If we win its really no 1 side for long time.,45.0,11.0,win really side long time,25,5
spam,"FREE MESSAGE Activate your 500 FREE Text Messages by replying to this message with the word FREE For terms & conditions, visit www.07781482378.com",146.0,23.0,free message activate free text message replying message word free term condition visit www com,95,15
ham,Dear reached railway. What happen to you,40.0,7.0,dear reached railway happen,27,4
ham,"Depends on quality. If you want the type i sent boye, faded glory, then about 6. If you want ralphs maybe 2",107.0,22.0,depends quality want type sent boye faded glory want ralphs maybe,65,11
ham,I think i've fixed it can you send a test message?,50.0,11.0,think fixed send test message,29,5
ham,"Sorry man my account's dry or I would, if you want we could trade back half or I could buy some shit with my credit card",120.0,26.0,sorry man account dry would want could trade back half could buy shit credit card,81,15
spam,"Congrats! 1 year special cinema pass for 2 is yours. call 09061209465 now! C Suprman V, Matrix3, StarWars3, etc all 4 FREE! bx420-ip4-5we. 150pm. Dont miss out!",160.0,27.0,congrats year special cinema pas call suprman matrix starwars etc free bx ip pm dont miss,89,16
ham,"Sorry,in meeting I'll call later",32.0,5.0,sorry meeting call later,24,4
ham,What class of  &lt,18.0,4.0,class lt,8,2
ham,Are you free now?can i call now?,32.0,7.0,free call,9,2
ham,Got meh... When?,16.0,3.0,got meh,7,2
ham,Nope... Think i will go for it on monday... Sorry i replied so late,67.0,14.0,nope think go monday sorry replied late,39,7
ham,Some of them told accenture is not confirm. Is it true.,55.0,11.0,told accenture confirm true,27,4
ham,"Kate jackson rec center before 7ish, right?",43.0,7.0,kate jackson rec center ish right,33,6
ham,Dear i have reache room,23.0,5.0,dear reache room,16,3
ham,"Fighting with the world is easy, u either win or lose bt fightng with some1 who is close to u is dificult if u lose - u lose if u win - u still lose.",149.0,35.0,fighting world easy either win lose bt fightng close dificult lose lose win still lose,86,15
ham,When can Ì_ come out?,21.0,5.0,come,4,1
ham,Check with nuerologist.,23.0,3.0,check nuerologist,17,2
ham,Lolnice. I went from a fish to ..water.?,40.0,8.0,lolnice went fish water,23,4
spam,+123 Congratulations - in this week's competition draw u have won the å£1450 prize to claim just call 09050002311 b4280703. T&Cs/stop SMS 08718727868. Over 18 only 150ppm,170.0,27.0,congratulation week competition draw prize claim call c stop sm ppm,67,11
ham,No it's waiting in e car dat's bored wat. Cos wait outside got nothing 2 do. At home can do my stuff or watch tv wat.,117.0,26.0,waiting car dat bored wat co wait outside got nothing home stuff watch tv wat,77,15
ham,"Maybe westshore or hyde park village, the place near my house?",62.0,11.0,maybe westshore hyde park village place near house,50,8
ham,You should know now. So how's anthony. Are you bringing money. I've school fees to pay and rent and stuff like that. Thats why i need your help. A friend in need....|,166.0,32.0,know anthony bringing money school fee pay rent stuff like thats need help friend need,86,15
ham,What's the significance?,24.0,3.0,significance,12,1
ham,Your opinion about me? 1. Over 2. Jada 3. Kusruthi 4. Lovable 5. Silent 6. Spl character 7. Not matured 8. Stylish 9. Simple Pls reply..,136.0,26.0,opinion jada kusruthi lovable silent spl character matured stylish simple pls reply,83,12
ham,"8 at the latest, g's still there if you can scrounge up some ammo and want to give the new ak a try",99.0,23.0,latest still scrounge ammo want give new ak try,47,9
ham,Prabha..i'm soryda..realy..frm heart i'm sory,45.0,5.0,prabha soryda realy frm heart sory,34,6
ham,Lol ok your forgiven :),23.0,5.0,lol ok forgiven,15,3
ham,No..jst change tat only..,25.0,4.0,jst change tat,14,3
spam,"You are guaranteed the latest Nokia Phone, a 40GB iPod MP3 player or a å£500 prize! Txt word: COLLECT to No: 83355! IBHltd LdnW15H 150p/Mtmsgrcvd18+",148.0,25.0,guaranteed latest nokia phone gb ipod mp player prize txt word collect ibhltd ldnw mtmsgrcvd,92,15
ham,S:)no competition for him.,26.0,4.0,competition,11,1
spam,Boltblue tones for 150p Reply POLY# or MONO# eg POLY3 1. Cha Cha Slide 2. Yeah 3. Slow Jamz 6. Toxic 8. Come With Me or STOP 4 more tones txt MORE,146.0,32.0,boltblue tone reply poly mono eg poly cha cha slide yeah slow jamz toxic come stop tone txt,91,18
spam,Your credits have been topped up for http://www.bubbletext.com Your renewal Pin is tgxxrz,89.0,13.0,credit topped http www bubbletext com renewal pin tgxxrz,56,9
ham,"That way transport is less problematic than on sat night. By the way, if u want to ask  n  to join my bday, feel free. But need to know definite nos as booking on fri. ",168.0,35.0,way transport less problematic sat night way want ask join bday feel free need know definite no booking fri,107,19
ham,Usually the person is unconscious that's in children but in adults they may just behave abnormally. I.ll call you now,117.0,20.0,usually person unconscious child adult may behave abnormally call,65,9
ham,But that's on ebay it might be less elsewhere.,46.0,9.0,ebay might less elsewhere,25,4
ham,Shall i come to get pickle,26.0,6.0,shall come get pickle,21,4
ham,Were gonna go get some tacos,28.0,6.0,gon na go get taco,18,5
ham,"That's very rude, you on campus?",32.0,6.0,rude campus,11,2
spam,"URGENT!: Your Mobile No. was awarded a å£2,000 Bonus Caller Prize on 02/09/03! This is our 2nd attempt to contact YOU! Call 0871-872-9755 BOX95QU",145.0,24.0,urgent mobile awarded bonus caller prize nd attempt contact call box qu,71,12
ham,Hi i won't b ard 4 christmas. But do enjoy n merry x'mas.,57.0,13.0,hi ard christmas enjoy merry ma,31,6
spam,"Today's Offer! Claim ur å£150 worth of discount vouchers! Text YES to 85023 now! SavaMob, member offers mobile! T Cs 08717898035. å£3.00 Sub. 16 . Unsub reply X",160.0,28.0,today offer claim ur worth discount voucher text yes savamob member offer mobile c sub unsub reply,98,17
ham,Yes! How is a pretty lady like you single?,42.0,9.0,yes pretty lady like single,27,5
spam,You will recieve your tone within the next 24hrs. For Terms and conditions please see Channel U Teletext Pg 750,111.0,20.0,recieve tone within next hr term condition please see channel teletext pg,73,12
ham,Jay says that you're a double-faggot,36.0,6.0,jay say double faggot,21,4
spam,PRIVATE! Your 2003 Account Statement for 07815296484 shows 800 un-redeemed S.I.M. points. Call 08718738001 Identifier Code 41782 Expires 18/11/04 ,146.0,19.0,private account statement show un redeemed point call identifier code expires,77,11
ham,What Today-sunday..sunday is holiday..so no work..,50.0,6.0,today sunday sunday holiday work,32,5
ham,Gudnite....tc...practice going on,33.0,3.0,gudnite tc practice going,25,4
ham,I'll be late...,15.0,3.0,late,4,1
ham,"I've not called you in a while. This is hoping it was l8r malaria and that you know that we miss you guys. I miss Bani big, so pls give her my love especially. Have a great day.",177.0,38.0,called hoping malaria know miss guy miss ban big pls give love especially great day,83,15
ham,"Good afternoon, my love! How goes that day ? I hope maybe you got some leads on a job. I think of you, boytoy and send you a passionate kiss from across the sea",160.0,34.0,good afternoon love go day hope maybe got lead job think boytoy send passionate kiss across sea,95,17
ham,"Probably gonna be here for a while, see you later tonight &lt",61.0,12.0,probably gon na see later tonight lt,36,7
ham,Or maybe my fat fingers just press all these buttons and it doesn't know what to do.,84.0,17.0,maybe fat finger press button know,34,6
ham,Ummmmmaah Many many happy returns of d day my dear sweet heart.. HAPPY BIRTHDAY dear,84.0,15.0,ummmmmaah many many happy return day dear sweet heart happy birthday dear,73,12
ham,"I am in tirupur da, once you started from office call me.",57.0,12.0,tirupur da started office call,30,5
spam,from www.Applausestore.com MonthlySubscription@50p/msg max6/month T&CsC web age16 2stop txt stop,96.0,10.0,www applausestore com monthlysubscription msg max month csc web age stop txt stop,81,13
ham,"A famous quote : when you develop the ability to listen to 'anything' unconditionally without losing your temper or self confidence, it means you are ......... 'MARRIED'",169.0,27.0,famous quote develop ability listen anything unconditionally without losing temper self confidence mean married,111,14
ham,But am going to college pa. What to do. are else ill come there it self. Pa.,76.0,17.0,going college pa else ill come self pa,38,8
ham,4 oclock at mine. Just to bash out a flat plan.,47.0,11.0,oclock mine bash flat plan,26,5
ham,This girl does not stay in bed. This girl doesn't need recovery time. Id rather pass out while having fun then be cooped up in bed,130.0,26.0,girl stay bed girl need recovery time id rather pas fun cooped bed,66,13
ham,Then any special there?,23.0,4.0,special,7,1
ham,I know but you need to get hotel now. I just got my invitation but i had to apologise. Cali is to sweet for me to come to some english bloke's weddin,149.0,32.0,know need get hotel got invitation apologise cali sweet come english bloke weddin,81,13
ham,"Sorry that took so long, omw now",32.0,7.0,sorry took long omw,19,4
ham,Wait  &lt,9.0,2.0,wait lt,7,2
ham,Ok give me 5 minutes I think I see her. BTW you're my alibi. You were cutting my hair the whole time.,101.0,22.0,ok give minute think see btw alibi cutting hair whole time,58,11
ham,"Imagine you finally get to sink into that bath after I have put you through your paces, maybe even having you eat me for a while before I left ... But also imagine the feel of that cage on your cock surrounded by the bath water, reminding you always who owns you ... Enjoy, my cuck",281.0,56.0,imagine finally get sink bath put pace maybe even eat left also imagine feel cage cock surrounded bath water reminding always owns enjoy cuck,141,24
ham,"Hurry up, I've been weed-deficient for like three days",54.0,9.0,hurry weed deficient like three day,35,6
ham,"Sure, if I get an acknowledgement from you that it's astoundingly tactless and generally faggy to demand a blood oath fo",120.0,21.0,sure get acknowledgement astoundingly tactless generally faggy demand blood oath fo,83,11
ham,Ok. Every night take a warm bath drink a cup of milk and you'll see a work of magic. You still need to loose weight. Just so that you know,138.0,30.0,ok every night take warm bath drink cup milk see work magic still need loose weight know,88,17
ham,IÛ÷ll have a look at the frying pan in case itÛ÷s cheap or a book perhaps. No thatÛ÷s silly a frying pan isnÛ÷t likely to be a book,135.0,28.0,look frying pan case cheap book perhaps silly frying pan likely book,68,12
ham,O. Well uv causes mutations. Sunscreen is like essential thesedays,66.0,10.0,well uv cause mutation sunscreen like essential thesedays,57,8
ham,Having lunch:)you are not in online?why?,40.0,6.0,lunch online,12,2
ham,I know that my friend already told that.,40.0,8.0,know friend already told,24,4
ham,Hi Princess! Thank you for the pics. You are very pretty. How are you?,70.0,14.0,hi princess thank pic pretty,28,5
ham,"Aiyo... U always c our ex one... I dunno abt mei, she haven reply... First time u reply so fast... Y so lucky not workin huh, got bao by ur sugardad ah...gee.. ",160.0,32.0,aiyo always ex one dunno abt mei reply first time reply fast lucky workin huh got bao ur sugardad ah gee,104,21
ham,Hi msg me:)i'm in office..,26.0,5.0,hi msg office,13,3
ham,Thanx 4 e brownie it's v nice...,32.0,7.0,thanx brownie nice,18,3
ham,Geeeee ... I love you so much I can barely stand it,51.0,12.0,geeeee love much barely stand,29,5
spam,GENT! We are trying to contact you. Last weekends draw shows that you won a å£1000 prize GUARANTEED. Call 09064012160. Claim Code K52. Valid 12hrs only. 150ppm ,160.0,27.0,gent trying contact last weekend draw show prize guaranteed call claim code valid hr ppm,88,15
ham,"Fuck babe ... I miss you already, you know ? Can't you let me send you some money towards your net ? I need you ... I want you ... I crave you ...",146.0,34.0,fuck babe miss already know let send money towards net need want crave,70,13
ham,"Ill call u 2mrw at ninish, with my address that icky American freek wont stop callin me 2 bad Jen k eh?",103.0,22.0,ill call mrw ninish address icky american freek wont stop callin bad jen eh,75,14
ham,Oooh bed ridden ey? What are YOU thinking of?,45.0,9.0,oooh bed ridden ey thinking,27,5
ham,"So anyways, you can just go to your gym or whatever, my love *smiles* I hope your ok and having a good day babe ... I miss you so much already",142.0,31.0,anyways go gym whatever love smile hope ok good day babe miss much already,74,14
ham,Love it! Daddy will make you scream with pleasure! I am going to slap your ass with my dick!,92.0,19.0,love daddy make scream pleasure going slap as dick,50,9
ham,WOT U WANNA DO THEN MISSY?,26.0,6.0,wot wan na missy,16,4
ham,Yar lor wait 4 my mum 2 finish sch then have lunch lor... I whole morning stay at home clean my room now my room quite clean... Hee...,134.0,28.0,yar lor wait mum finish sch lunch lor whole morning stay home clean room room quite clean hee,93,18
ham,Do you know where my lab goggles went,37.0,8.0,know lab goggles went,21,4
ham,Can you open the door?,22.0,5.0,open door,9,2
ham,Waiting for your call.,22.0,4.0,waiting call,12,2
ham,Nope i waiting in sch 4 daddy... ,33.0,7.0,nope waiting sch daddy,22,4
spam,"You have won ?1,000 cash or a ?2,000 prize! To claim, call09050000327",69.0,12.0,cash prize claim call,21,4
ham,"I'm tired of arguing with you about this week after week. Do what you want and from now on, i'll do the same.",109.0,23.0,tired arguing week week want,28,5
ham,ÌÏ wait 4 me in sch i finish ard 5..,36.0,10.0,wait sch finish ard,19,4
spam,"our mobile number has won å£5000, to claim calls us back or ring the claims hot line on 09050005321.",100.0,19.0,mobile number claim call u back ring claim hot line,51,10
ham,Arngd marriage is while u r walkin unfortuntly a snake bites u. bt love marriage is dancing in frnt of d snake &amp,115.0,23.0,arngd marriage walkin unfortuntly snake bite bt love marriage dancing frnt snake amp,84,13
ham,Huh so early.. Then Ì_ having dinner outside izzit?,51.0,9.0,huh early dinner outside izzit,30,5
ham,Ok anyway no need to change with what you said,46.0,10.0,ok anyway need change said,26,5
spam,We tried to contact you re your reply to our offer of 750 mins 150 textand a new video phone call 08002988890 now or reply for free delivery tomorrow,149.0,29.0,tried contact reply offer min textand new video phone call reply free delivery tomorrow,87,14
ham,my ex-wife was not able to have kids. Do you want kids one day?,63.0,14.0,ex wife able kid want kid one day,33,8
ham,So how's scotland. Hope you are not over showing your JJC tendencies. Take care. Live the dream,95.0,17.0,scotland hope showing jjc tendency take care live dream,55,9
ham,Tell them u have a headache and just want to use 1 hour of sick time.,69.0,16.0,tell headache want use hour sick time,37,7
ham,"I dun thk i'll quit yet... Hmmm, can go jazz ? Yogasana oso can... We can go meet em after our lessons den... ",110.0,23.0,dun thk quit yet hmmm go jazz yogasana oso go meet em lesson den,64,14
ham,"\Pete can you please ring meive hardly gotany credit\""""",55.0,9.0,pete please ring meive hardly gotany credit,43,7
ham,Ya srsly better than yi tho,27.0,6.0,ya srsly better yi tho,22,5
ham,"I'm in a meeting, call me later at",34.0,8.0,meeting call later,18,3
spam,"For ur chance to win a å£250 wkly shopping spree TXT: SHOP to 80878. T's&C's www.txt-2-shop.com custcare 08715705022, 1x150p/wk",127.0,19.0,ur chance win wkly shopping spree txt shop www txt shop com custcare wk,71,14
spam,You have been specially selected to receive a 2000 pound award! Call 08712402050 BEFORE the lines close. Cost 10ppm. 16+. T&Cs apply. AG Promo,142.0,24.0,specially selected receive pound award call line close cost ppm c apply ag promo,80,14
spam,PRIVATE! Your 2003 Account Statement for 07753741225 shows 800 un-redeemed S. I. M. points. Call 08715203677 Identifier Code: 42478 Expires 24/10/04,148.0,21.0,private account statement show un redeemed point call identifier code expires,77,11
ham,You still at grand prix?,24.0,5.0,still grand prix,16,3
ham,"I met you as a stranger and choose you as my friend. As long as the world stands, our friendship never ends. Lets be Friends forever!!! Gud nitz...",147.0,28.0,met stranger choose friend long world stand friendship never end let friend forever gud nitz,92,15
ham,I am great! How are you?,24.0,6.0,great,5,1
ham,Gud mrng dear have a nice day,29.0,7.0,gud mrng dear nice day,22,5
spam,You have an important customer service announcement. Call FREEPHONE 0800 542 0825 now!,86.0,13.0,important customer service announcement call freephone,54,6
ham,Will do. Was exhausted on train this morning. Too much wine and pie. You sleep well too,87.0,17.0,exhausted train morning much wine pie sleep well,48,8
ham,I'm going out to buy mum's present ar.,38.0,8.0,going buy mum present ar,24,5
ham,Mind blastin.. No more Tsunamis will occur from now on.. Rajnikant stopped swimming in Indian Ocean..:-D,104.0,16.0,mind blastin tsunami occur rajnikant stopped swimming indian ocean,66,9
ham,If u sending her home first it's ok lor. I'm not ready yet.,59.0,13.0,sending home first ok lor ready yet,35,7
ham,Speaking of does he have any cash yet?,38.0,8.0,speaking cash yet,17,3
ham,Be happy there. I will come after noon,38.0,8.0,happy come noon,15,3
ham,Meet after lunch la...,22.0,4.0,meet lunch la,13,3
ham,TaKe CaRE n gET WeLL sOOn,25.0,6.0,take care get well soon,23,5
spam,XCLUSIVE@CLUBSAISAI 2MOROW 28/5 SOIREE SPECIALE ZOUK WITH NICHOLS FROM PARIS.FREE ROSES 2 ALL LADIES !!! info: 07946746291/07880867867 ,135.0,17.0,xclusive clubsaisai morow soiree speciale zouk nichols paris free rose lady info,80,12
ham,what I meant to say is cant wait to see u again getting bored of this bridgwater banter,87.0,18.0,meant say cant wait see getting bored bridgwater banter,55,9
ham,Neva mind it's ok..,19.0,4.0,neva mind ok,12,3
ham,"It's fine, imma get a drink or somethin. Want me to come find you?",66.0,14.0,fine imma get drink somethin want come find,43,8
spam,22 days to kick off! For Euro2004 U will be kept up to date with the latest news and results daily. To be removed send GET TXT STOP to 83222,140.0,30.0,day kick euro kept date latest news result daily removed send get txt stop,74,14
ham,Its a valentine game. . . Send dis msg to all ur friends. .. If 5 answers r d same then someone really loves u. Ques- which colour suits me the best?rply me,156.0,33.0,valentine game send dis msg ur friend answer someone really love ques colour suit best rply,91,16
ham,I have many dependents,22.0,4.0,many dependent,14,2
ham,THANX4 TODAY CER IT WAS NICE 2 CATCH UP BUT WE AVE 2 FIND MORE TIME MORE OFTEN OH WELL TAKE CARE C U SOON.C,107.0,25.0,thanx today cer nice catch ave find time often oh well take care soon,69,14
ham,I called and said all to him:)then he have to choose this future.,65.0,13.0,called said choose future,25,4
ham,"\Happy valentines day\"" I know its early but i have hundreds of handsomes and beauties to wish. So i thought to finish off aunties and uncles 1st...""",149.0,27.0,happy valentine day know early hundred handsomes beauty wish thought finish aunty uncle st,90,14
ham,He like not v shock leh. Cos telling shuhui is like telling leona also. Like dat almost all know liao. He got ask me abt ur reaction lor.,137.0,28.0,like shock leh co telling shuhui like telling leona also like dat almost know liao got ask abt ur reaction lor,110,21
ham,For my family happiness..,25.0,4.0,family happiness,16,2
ham,I come n pick Ì_ up... Come out immediately aft ur lesson...,60.0,12.0,come pick come immediately aft ur lesson,40,7
ham,Let there be snow. Let there be snow. This kind of weather brings ppl together so friendships can grow.,103.0,19.0,let snow let snow kind weather brings ppl together friendship grow,66,11
ham,Dear we got  &lt,16.0,4.0,dear got lt,11,3
ham,Good words.... But words may leave u in dismay many times.,58.0,11.0,good word word may leave dismay many time,41,8
ham,MAKE SURE ALEX KNOWS HIS BIRTHDAY IS OVER IN FIFTEEN MINUTES AS FAR AS YOU'RE CONCERNED,87.0,16.0,make sure alex know birthday fifteen minute far concerned,57,9
ham,"sorry, no, have got few things to do. may be in pub later.",58.0,13.0,sorry got thing may pub later,29,6
ham,"Nah it's straight, if you can just bring bud or drinks or something that's actually a little more useful than straight cash",123.0,22.0,nah straight bring bud drink something actually little useful straight cash,75,11
ham,"Haha good to hear, I'm officially paid and on the market for an 8th",67.0,14.0,haha good hear officially paid market th,40,7
ham,How many licks does it take to get to the center of a tootsie pop?,66.0,15.0,many lick take get center tootsie pop,37,7
ham,Yup i thk they r e teacher said that will make my face look longer. Darren ask me not 2 cut too short.,102.0,23.0,yup thk teacher said make face look longer darren ask cut short,63,12
spam,New TEXTBUDDY Chat 2 horny guys in ur area 4 just 25p Free 2 receive Search postcode or at gaytextbuddy.com. TXT ONE name to 89693,130.0,25.0,new textbuddy chat horny guy ur area free receive search postcode gaytextbuddy com txt one name,95,16
spam,Todays Vodafone numbers ending with 4882 are selected to a receive a å£350 award. If your number matches call 09064019014 to receive your å£350 award.,150.0,25.0,today vodafone number ending selected receive award number match call receive award,83,12
ham,Please dont say like that. Hi hi hi,35.0,8.0,please dont say like hi hi hi,29,7
ham,Thank u!,8.0,2.0,thank,5,1
ham,Oh that was a forwarded message. I thought you send that to me,62.0,13.0,oh forwarded message thought send,33,5
ham,Got it. Seventeen pounds for seven hundred ml ÛÒ hope ok.,58.0,11.0,got seventeen pound seven hundred ml hope ok,44,8
spam,"Dear Voucher Holder, 2 claim this weeks offer, at your PC go to http://www.e-tlp.co.uk/expressoffer Ts&Cs apply.2 stop texts txt STOP to 80062.",143.0,22.0,dear voucher holder claim week offer pc go http www tlp co uk expressoffer t c apply stop text txt stop,103,21
ham,Me n him so funny...,20.0,5.0,funny,5,1
ham,"Sweetheart, hope you are not having that kind of day! Have one with loads of reasons to smile. Biola",100.0,19.0,sweetheart hope kind day one load reason smile biola,52,9
ham,When Ì_ login dat time... Dad fetching Ì_ home now?,51.0,10.0,login dat time dad fetching home,32,6
ham,"What will we do in the shower, baby?",36.0,8.0,shower baby,11,2
ham,I had askd u a question some hours before. Its answer,53.0,11.0,askd question hour answer,25,4
ham,"Well imma definitely need to restock before thanksgiving, I'll let you know when I'm out",88.0,15.0,well imma definitely need restock thanksgiving let know,55,8
ham," said kiss, kiss, i can't do the sound effects! He is a gorgeous man isn't he! Kind of person who needs a smile to brighten his day! ",133.0,27.0,said kiss kiss sound effect gorgeous man kind person need smile brighten day,76,13
ham,Probably gonna swing by in a wee bit,36.0,8.0,probably gon na swing wee bit,29,6
ham,Ya very nice. . .be ready on thursday,37.0,8.0,ya nice ready thursday,22,4
ham,Allo! We have braved the buses and taken on the trains and triumphed. I mean weÛ÷re in bÛ÷ham. Have a jolly good rest of week,127.0,25.0,allo braved bus taken train triumphed mean ham jolly good rest week,67,12
ham,"Watching cartoon, listening music &amp",38.0,5.0,watching cartoon listening music amp,36,5
ham,Do you mind if I ask what happened? You dont have to say if it is uncomfortable.,80.0,17.0,mind ask happened dont say uncomfortable,40,6
spam,PRIVATE! Your 2003 Account Statement for shows 800 un-redeemed S. I. M. points. Call 08715203694 Identifier Code: 40533 Expires 31/10/04,136.0,20.0,private account statement show un redeemed point call identifier code expires,77,11
ham,No prob. I will send to your email.,35.0,8.0,prob send email,15,3
spam,"You have won ?1,000 cash or a ?2,000 prize! To claim, call09050000327. T&C: RSTM, SW7 3SS. 150ppm",97.0,17.0,cash prize claim call rstm sw s ppm,35,8
ham,Thats cool! Sometimes slow and gentle. Sonetimes rough and hard :),66.0,11.0,thats cool sometimes slow gentle sonetimes rough hard,53,8
ham,I'm gonna say no. Sorry. I would but as normal am starting to panic about time. Sorry again! Are you seeing on Tuesday?,119.0,23.0,gon na say sorry would normal starting panic time sorry seeing tuesday,70,12
ham,"Wait, do you know if wesleys in town? I bet she does hella drugs!",65.0,14.0,wait know wesley town bet hella drug,36,7
ham,Fine i miss you very much.,26.0,6.0,fine miss much,14,3
ham,Did u got that persons story,28.0,6.0,got person story,16,3
ham,Tell them the drug dealer's getting impatient,45.0,7.0,tell drug dealer getting impatient,34,5
ham,"Sun cant come to earth but send luv as rays. cloud cant come to river but send luv as rain. I cant come to meet U, but can send my care as msg to U. Gud evng",157.0,37.0,sun cant come earth send luv ray cloud cant come river send luv rain cant come meet send care msg gud evng,106,22
ham,You will be in the place of that man,36.0,9.0,place man,9,2
ham,"It doesnt make sense to take it there unless its free. If you need to know more, wikipedia.com",94.0,18.0,doesnt make sense take unless free need know wikipedia com,58,10
spam,88800 and 89034 are premium phone services call 08718711108,59.0,9.0,premium phone service call,26,4
ham,"Under the sea, there lays a rock. In the rock, there is an envelope. In the envelope, there is a paper. On the paper, there are 3 words... '",140.0,29.0,sea lay rock rock envelope envelope paper paper word,52,9
ham,Then mum's repent how?,22.0,4.0,mum repent,10,2
ham,Sorry me going home first... Daddy come fetch Ì_ later...,57.0,10.0,sorry going home first daddy come fetch later,45,8
ham,Leave it de:-). Start Prepare for next:-)..,43.0,7.0,leave de start prepare next,27,5
ham,Yes baby! We can study all the positions of the kama sutra ,59.0,12.0,yes baby study position kama sutra,34,6
ham,En chikku nange bakra msg kalstiya..then had tea/coffee?,56.0,8.0,en chikku nange bakra msg kalstiya tea coffee,45,8
ham,Carlos'll be here in a minute if you still need to buy,54.0,12.0,carlos minute still need buy,28,5
ham,This pay is  &lt,16.0,4.0,pay lt,6,2
ham,Have a good evening! Ttyl,25.0,5.0,good evening ttyl,17,3
ham,Did u receive my msg?,21.0,5.0,receive msg,11,2
ham,Ho ho - big belly laugh! See ya tomo,36.0,9.0,ho ho big belly laugh see ya tomo,33,8
spam,SMS. ac sun0819 posts HELLO:\You seem cool,42.0,7.0,sm ac sun post hello seem cool,30,7
spam,Get ur 1st RINGTONE FREE NOW! Reply to this msg with TONE. Gr8 TOP 20 tones to your phone every week just å£1.50 per wk 2 opt out send STOP 08452810071 16,154.0,32.0,get ur st ringtone free reply msg tone gr top tone phone every week per wk opt send stop,88,19
ham,"Ditto. And you won't have to worry about me saying ANYTHING to you anymore. Like i said last night, you do whatever you want and i'll do the same. Peace.",153.0,30.0,ditto worry saying anything anymore like said last night whatever want peace,76,12
ham,I've got  &lt,13.0,3.0,got lt,6,2
ham,"I dont knw pa, i just drink milk..",34.0,8.0,dont knw pa drink milk,22,5
ham,Maybe?! Say hi to  and find out if  got his card. Great escape or wetherspoons? ,80.0,15.0,maybe say hi find got card great escape wetherspoons,52,9
ham,"Piggy, r u awake? I bet u're still sleeping. I'm going 4 lunch now...",69.0,14.0,piggy awake bet still sleeping going lunch,42,7
ham,Cause I'm not freaky lol,24.0,5.0,cause freaky lol,16,3
ham,Missed your call cause I was yelling at scrappy. Miss u. Can't wait for u to come home. I'm so lonely today.,108.0,22.0,missed call cause yelling scrappy miss wait come home lonely today,66,11
ham,What is this 'hex' place you talk of? Explain!,46.0,9.0,hex place talk explain,22,4
ham,ÌÏ log off 4 wat. It's sdryb8i,30.0,7.0,log wat sdryb,13,3
ham,Is xy going 4 e lunch?,22.0,6.0,xy going lunch,14,3
spam,Hi I'm sue. I am 20 years old and work as a lapdancer. I love sex. Text me live - I'm i my bedroom now. text SUE to 89555. By TextOperator G2 1DA 150ppmsg 18+,158.0,35.0,hi sue year old work lapdancer love sex text live bedroom text sue textoperator da ppmsg,88,16
ham,I wanted to ask Ì_ to wait 4 me to finish lect. Cos my lect finishes in an hour anyway.,87.0,20.0,wanted ask wait finish lect co lect finish hour anyway,54,10
ham,Have you finished work yet? :),30.0,6.0,finished work yet,17,3
ham,"Every King Was Once A Crying Baby And Every Great Building Was Once A Map.. Not Imprtant Where U r TODAY, BUT Where U Wil Reach TOMORW. Gud ni8",143.0,29.0,every king cry baby every great building map imprtant today wil reach tomorw gud ni,83,15
ham,"Dear,Me at cherthala.in case u r coming cochin pls call bfore u start.i shall also reach accordingly.or tell me which day u r coming.tmorow i am engaged ans its holiday.",169.0,30.0,dear cherthala case coming cochin pls call bfore start shall also reach accordingly tell day coming tmorow engaged an holiday,125,20
ham,Thanks love. But am i doing torch or bold.,42.0,9.0,thanks love torch bold,22,4
spam,<Forwarded from 448712404000>Please CALL 08712404000 immediately as there is an urgent message waiting for you.,111.0,15.0,forwarded please call immediately urgent message waiting,56,7
ham,Was the farm open?,18.0,4.0,farm open,9,2
ham,"Sorry to trouble u again. Can buy 4d for my dad again? 1405, 1680, 1843. All 2 big 1 small, sat n sun. Thanx.",109.0,24.0,sorry trouble buy dad big small sat sun thanx,45,9
ham,"My sister in law, hope you are having a great month. Just saying hey. Abiola",76.0,15.0,sister law hope great month saying hey abiola,45,8
ham,Will purchase d stuff today and mail to you. Do you have a po box number?,73.0,16.0,purchase stuff today mail po box number,39,7
ham,Ah poop. Looks like ill prob have to send in my laptop to get fixed cuz it has a gpu problem,92.0,21.0,ah poop look like ill prob send laptop get fixed cuz gpu problem,64,13
ham,Good. Good job. I like entrepreneurs,36.0,6.0,good good job like entrepreneur,31,5
ham,"Aight, you close by or still down around alex's place?",54.0,10.0,aight close still around alex place,35,6
ham,meet you in corporation st outside gap Û_ you can see how my mind is working!,78.0,16.0,meet corporation st outside gap see mind working,48,8
ham,Mum ask Ì_ to buy food home...,30.0,7.0,mum ask buy food home,21,5
ham,K..u also dont msg or reply to his msg..,40.0,9.0,also dont msg reply msg,23,5
ham,How much r Ì_ willing to pay?,29.0,7.0,much willing pay,16,3
ham,"Sorry, I'll call later",22.0,4.0,sorry call later,16,3
ham,What is important is that you prevent dehydration by giving her enough fluids,77.0,13.0,important prevent dehydration giving enough fluid,49,6
ham,"Thats a bit weird, even ?- where is the do supposed to be happening? But good idea, sure they will be in pub!",109.0,23.0,thats bit weird even supposed happening good idea sure pub,58,10
ham,True dear..i sat to pray evening and felt so.so i sms'd you in some time...,75.0,15.0,true dear sat pray evening felt sm time,39,8
ham,"I don't think I can get away for a trek that long with family in town, sorry",76.0,17.0,think get away trek long family town sorry,42,8
ham,So when do you wanna gym harri,30.0,7.0,wan na gym harri,16,4
ham,Quite late lar... Ard 12 anyway i wun b drivin...,49.0,10.0,quite late lar ard anyway wun drivin,36,7
spam,"To review and KEEP the fantastic Nokia N-Gage game deck with Club Nokia, go 2 www.cnupdates.com/newsletter. unsubscribe from alerts reply with the word OUT",155.0,24.0,review keep fantastic nokia gage game deck club nokia go www cnupdates com newsletter unsubscribe alert reply word,114,18
spam,4mths half price Orange line rental & latest camera phones 4 FREE. Had your phone 11mths+? Call MobilesDirect free on 08000938767 to update now! or2stoptxt T&Cs,160.0,26.0,mths half price orange line rental latest camera phone free phone mths call mobilesdirect free update stoptxt c,111,18
ham,Height of Confidence: All the Aeronautics professors wer calld &amp,67.0,10.0,height confidence aeronautics professor wer calld amp,53,7
ham,It just seems like weird timing that the night that all you and g want is for me to come smoke is the same day as when a shitstorm is attributed to me always coming over and making everyone smoke,195.0,40.0,seems like weird timing night want come smoke day shitstorm attributed always coming making everyone smoke,106,16
spam,08714712388 between 10am-7pm Cost 10p,37.0,5.0,pm cost,7,2
ham,"Save yourself the stress. If the person has a dorm account, just send your account details and the money will be sent to you.",125.0,24.0,save stress person dorm account send account detail money sent,62,10
ham,He also knows about lunch menu only da. . I know,48.0,11.0,also know lunch menu da know,28,6
ham,When i have stuff to sell i.ll tell you,39.0,9.0,stuff sell tell,15,3
spam,+449071512431 URGENT! This is the 2nd attempt to contact U!U have WON å£1250 CALL 09071512433 b4 050703 T&CsBCM4235WC1N3XX. callcost 150ppm mobilesvary. maxå£7. 50,163.0,23.0,urgent nd attempt contact call csbcm wc xx callcost ppm mobilesvary max,71,12
ham,Book which lesson? then you msg me... I will call up after work or sth... I'm going to get specs. My membership is PX3748,121.0,24.0,book lesson msg call work sth going get spec membership px,58,11
spam,You have WON a guaranteed å£1000 cash or a å£2000 prize. To claim yr prize call our customer service representative on 08714712394 between 10am-7pm,147.0,24.0,guaranteed cash prize claim yr prize call customer service representative pm,76,11
ham,Macha dont feel upset.i can assume your mindset.believe me one evening with me and i have some wonderful plans for both of us.LET LIFE BEGIN AGAIN.call me anytime,162.0,28.0,macha dont feel upset assume mindset believe one evening wonderful plan u let life begin call anytime,101,17
ham,Oh is it? Send me the address,29.0,7.0,oh send address,15,3
ham,S'fine. Anytime. All the best with it.,38.0,7.0,fine anytime best,17,3
ham,That is wondar full flim.,25.0,5.0,wondar full flim,16,3
ham,Ya even those cookies have jelly on them,40.0,8.0,ya even cooky jelly,19,4
ham,"The world is running and i am still.maybe all are feeling the same,so be it.or i have to admit,i am mad.then where is the correction?or let me call this is life.and keep running with the world,may be u r also running.lets run.",226.0,42.0,world running still maybe feeling admit mad correction let call life keep running world may also running let run,112,19
ham,Got it! It looks scrumptious... daddy wants to eat you all night long!,70.0,13.0,got look scrumptious daddy want eat night long,46,8
ham,Of cos can lar i'm not so ba dao ok... 1 pm lor... Y u never ask where we go ah... I said u would ask on fri but he said u will ask today...,140.0,35.0,co lar ba dao ok pm lor never ask go ah said would ask fri said ask today,73,18
ham,"Alright omw, gotta change my order to a half8th",47.0,9.0,alright omw got ta change order half th,39,8
ham,Exactly. Anyways how far. Is jide her to study or just visiting,63.0,12.0,exactly anyways far jide study visiting,39,6
ham,Dunno y u ask me.,17.0,5.0,dunno ask,9,2
spam,Email AlertFrom: Jeri StewartSize: 2KBSubject: Low-cost prescripiton drvgsTo listen to email call 123,101.0,13.0,email alertfrom jeri stewartsize kbsubject low cost prescripiton drvgsto listen email call,90,12
ham,No he didn't. Spring is coming early yay!,41.0,8.0,spring coming early yay,23,4
ham,Lol you won't feel bad when I use her money to take you out to a steak dinner =D,80.0,19.0,lol feel bad use money take steak dinner,40,8
ham,Even u dont get in trouble while convincing..just tel him once or twice and just tel neglect his msgs dont c and read it..just dont reply,137.0,26.0,even dont get trouble convincing tel twice tel neglect msg dont read dont reply,79,14
ham,Leaving to qatar tonite in search of an opportunity.all went fast.pls add me in ur prayers dear.Rakhesh,103.0,17.0,leaving qatar tonite search opportunity went fast pls add ur prayer dear rakhesh,80,13
ham,Then why no one talking to me,29.0,7.0,one talking,11,2
ham,Thanks for looking out for me. I really appreciate.,51.0,9.0,thanks looking really appreciate,32,4
spam,Hi. Customer Loyalty Offer:The NEW Nokia6650 Mobile from ONLY å£10 at TXTAUCTION! Txt word: START to No: 81151 & get yours Now! 4T&Ctxt TC 150p/MTmsg,149.0,25.0,hi customer loyalty offer new nokia mobile txtauction txt word start get ctxt tc mtmsg,86,15
ham,Wish i were with you now!,25.0,6.0,wish,4,1
ham,Haha mayb u're rite... U know me well. Da feeling of being liked by someone is gd lor. U faster go find one then all gals in our group attached liao.,149.0,31.0,haha mayb rite know well da feeling liked someone gd lor faster go find one gal group attached liao,99,19
ham,Yes i will be there. Glad you made it.,38.0,9.0,yes glad made,13,3
ham,Do well :)all will for little time. Thing of good times ahead:,62.0,12.0,well little time thing good time ahead,38,7
ham,Just got up. have to be out of the room very soon. Û_. i hadn't put the clocks back til at 8 i shouted at everyone to get up and then realised it was 7. wahay. another hour in bed.,181.0,40.0,got room soon put clock back til shouted everyone get realised wahay another hour bed,85,15
ham,Ok. There may be a free gym about.,34.0,8.0,ok may free gym,15,4
ham,Men like shorter ladies. Gaze up into his eyes.,47.0,9.0,men like shorter lady gaze eye,30,6
ham,Dunno he jus say go lido. Same time 930.,40.0,9.0,dunno jus say go lido time,26,6
ham,"I promise to take good care of you, princess. I have to run now. Please send pics when you get a chance. Ttyl!",110.0,23.0,promise take good care princess run please send pic get chance ttyl,67,12
spam,U are subscribed to the best Mobile Content Service in the UK for å£3 per 10 days until you send STOP to 82324. Helpline 08706091795,132.0,25.0,subscribed best mobile content service uk per day send stop helpline,68,11
ham,Is there a reason we've not spoken this year? Anyways have a great week and all the best in your exam,101.0,21.0,reason spoken year anyways great week best exam,47,8
ham,By monday next week. Give me the full gist,42.0,9.0,monday next week give full gist,31,6
spam,"Do you realize that in about 40 years, we'll have thousands of old ladies running around with tattoos?",102.0,18.0,realize year thousand old lady running around tattoo,52,8
spam,You have an important customer service announcement from PREMIER.,65.0,9.0,important customer service announcement premier,47,5
ham,Dont gimme that lip caveboy,27.0,5.0,dont gim lip caveboy,20,4
ham,When did you get to the library,31.0,7.0,get library,11,2
ham,Realy sorry-i don't recognise this number and am now confused :) who r u please?! ,82.0,15.0,realy sorry recognise number confused please,44,6
ham,So why didnt you holla?,23.0,5.0,didnt holla,11,2
ham,Cant think of anyone with * spare room off * top of my head,59.0,14.0,cant think anyone spare room top head,37,7
ham,"Faith makes things possible,Hope makes things work,Love makes things beautiful,May you have all three this Christmas!Merry Christmas!",133.0,17.0,faith make thing possible hope make thing work love make thing beautiful may three christmas merry christmas,108,17
ham,U should have made an appointment,33.0,6.0,made appointment,16,2
ham,"Call me when you/carlos is/are here, my phone's vibrate is acting up and I might not hear texts",95.0,18.0,call carlos phone vibrate acting might hear text,48,8
spam,"Romantic Paris. 2 nights, 2 flights from å£79 Book now 4 next year. Call 08704439680Ts&Cs apply.",96.0,16.0,romantic paris night flight book next year call t c apply,57,11
ham,"We are at grandmas. Oh dear, u still ill? I felt Shit this morning but i think i am just hungover! Another night then. We leave on sat.",135.0,28.0,grandma oh dear still ill felt shit morning think hungover another night leave sat,82,14
spam,Urgent Ur å£500 guaranteed award is still unclaimed! Call 09066368327 NOW closingdate04/09/02 claimcode M39M51 å£1.50pmmorefrommobile2Bremoved-MobyPOBox734LS27YF,161.0,15.0,urgent ur guaranteed award still unclaimed call closingdate claimcode pmmorefrommobile bremoved mobypobox l yf,110,14
ham,Nothing but we jus tot u would ask cos u ba gua... But we went mt faber yest... Yest jus went out already mah so today not going out... Jus call lor...,151.0,32.0,nothing jus tot would ask co ba gua went mt faber yest yest jus went already mah today going jus call lor,105,22
ham,"Wishing you and your family Merry \X\"" mas and HAPPY NEW Year in advance..""",75.0,14.0,wishing family merry ma happy new year advance,46,8
spam,UR awarded a City Break and could WIN a å£200 Summer Shopping spree every WK. Txt STORE to 88039 . SkilGme. TsCs087147403231Winawk!Age16 å£1.50perWKsub,151.0,23.0,ur awarded city break could win summer shopping spree every wk txt store skilgme tscs winawk age perwksub,105,18
ham,"I'm nt goin, got somethin on, unless they meetin 4 dinner lor... Haha, i wonder who will go tis time...",103.0,20.0,nt goin got somethin unless meetin dinner lor haha wonder go ti time,68,13
ham,"Sorry, I'll call later",22.0,4.0,sorry call later,16,3
ham,I cant pick the phone right now. Pls send a message,51.0,11.0,cant pick phone right pls send message,38,7
ham,Lol I know! They're so dramatic. Schools already closed for tomorrow. Apparently we can't drive in the inch of snow were supposed to get.,137.0,24.0,lol know dramatic school already closed tomorrow apparently drive inch snow supposed get,88,13
ham,Not getting anywhere with this damn job hunting over here!,58.0,10.0,getting anywhere damn job hunting,33,5
ham,Lol! U drunkard! Just doing my hair at d moment. Yeah still up 4 tonight. Wats the plan? ,89.0,18.0,lol drunkard hair moment yeah still tonight wats plan,53,9
ham,"idc get over here, you are not weaseling your way out of this shit twice in a row",81.0,18.0,idc get weaseling way shit twice row,36,7
ham,I wil be there with in  &lt,27.0,7.0,wil lt,6,2
ham,Just sleeping..and surfing,26.0,3.0,sleeping surfing,16,2
ham,Thanks for picking up the trash.,32.0,6.0,thanks picking trash,20,3
ham,Why don't you go tell your friend you're not sure you want to live with him because he smokes too much then spend hours begging him to come smoke,145.0,29.0,go tell friend sure want live smoke much spend hour begging come smoke,70,13
ham,"\Hi its Kate it was lovely to see you tonight and ill phone you tomorrow. I got to sing and a guy gave me his card! xxx\""""",122.0,27.0,hi kate lovely see tonight ill phone tomorrow got sing guy gave card xxx,72,14
ham,Happy New year my dear brother. I really do miss you. Just got your number and decided to send you this text wishing you only happiness. Abiola,143.0,27.0,happy new year dear brother really miss got number decided send text wishing happiness abiola,93,15
ham,That means get the door,23.0,5.0,mean get door,13,3
ham,Your opinion about me? 1. Over 2. Jada 3. Kusruthi 4. Lovable 5. Silent 6. Spl character 7. Not matured 8. Stylish 9. Simple Pls reply..,136.0,26.0,opinion jada kusruthi lovable silent spl character matured stylish simple pls reply,83,12
ham,"Hmmm ... I thought we said 2 hours slave, not 3 ... You are late ... How should I punish you ?",94.0,22.0,hmmm thought said hour slave late punish,40,7
ham,Beerage?,8.0,1.0,beerage,7,1
spam,You have an important customer service announcement from PREMIER. Call FREEPHONE 0800 542 0578 now!,99.0,15.0,important customer service announcement premier call freephone,62,7
ham,Dont think so. It turns off like randomlly within 5min of opening,65.0,12.0,dont think turn like randomlly within min opening,49,8
ham,"She was supposed to be but couldn't make it, she's still in town though",71.0,14.0,supposed make still town though,31,5
ham,It does it on its own. Most of the time it fixes my spelling. But sometimes it gets a completely diff word. Go figure,117.0,24.0,time fix spelling sometimes get completely diff word go figure,62,10
spam,Ever thought about living a good life with a perfect partner? Just txt back NAME and AGE to join the mobile community. (100p/SMS),129.0,23.0,ever thought living good life perfect partner txt back name age join mobile community sm,88,15
spam,"5 Free Top Polyphonic Tones call 087018728737, National Rate. Get a toppoly tune sent every week, just text SUBPOLY to 81618, å£3 per pole. UnSub 08718727870.",158.0,26.0,free top polyphonic tone call national rate get toppoly tune sent every week text subpoly per pole unsub,104,18
ham,Gud mrng dear hav a nice day,28.0,7.0,gud mrng dear hav nice day,26,6
ham,This is hoping you enjoyed your game yesterday. Sorry i've not been in touch but pls know that you are fondly bein thot off. Have a great week. Abiola,150.0,29.0,hoping enjoyed game yesterday sorry touch pls know fondly bein thot great week abiola,85,14
ham,All e best 4 ur driving tmr :-),31.0,8.0,best ur driving tmr,19,4
ham,Y?WHERE U AT DOGBREATH? ITS JUST SOUNDING LIKE JAN C THATåÕS AL!!!!!!!!!,72.0,12.0,dogbreath sounding like jan al,30,5
ham,Omg I want to scream. I weighed myself and I lost more weight! Woohoo!,70.0,14.0,omg want scream weighed lost weight woohoo,42,7
ham,There generally isn't one. It's an uncountable noun - u in the dictionary. pieces of research?,94.0,16.0,generally one uncountable noun dictionary piece research,56,7
ham,it's really getting me down just hanging around.,48.0,8.0,really getting hanging around,29,4
spam,"Orange customer, you may now claim your FREE CAMERA PHONE upgrade for your loyalty. Call now on 0207 153 9996. Offer ends 14thMarch. T&C's apply. Opt-out availa",160.0,27.0,orange customer may claim free camera phone upgrade loyalty call offer end thmarch apply opt availa,99,16
ham,"\Petey boy whereare you me and all your friendsare in theKingshead come down if you canlove Nic\""""",98.0,17.0,petey boy whereare friendsare thekingshead come canlove nic,59,8
ham,Ok i msg u b4 i leave my house.,31.0,9.0,ok msg leave house,18,4
ham,"\Gimme a few\"" was  &lt",23.0,5.0,gim lt,6,2
spam,"Last Chance! Claim ur å£150 worth of discount vouchers today! Text SHOP to 85023 now! SavaMob, offers mobile! T Cs SavaMob POBOX84, M263UZ. å£3.00 Sub. 16",154.0,26.0,last chance claim ur worth discount voucher today text shop savamob offer mobile c savamob pobox uz sub,103,18
ham,Appt is at &lt,14.0,4.0,appt lt,7,2
spam,FREE for 1st week! No1 Nokia tone 4 ur mobile every week just txt NOKIA to 8077 Get txting and tell ur mates. www.getzed.co.uk POBox 36504 W45WQ 16+ norm150p/tone,162.0,29.0,free st week nokia tone ur mobile every week txt nokia get txting tell ur mate www getzed co uk pobox wq norm tone,114,24
spam,You have won a guaranteed å£200 award or even å£1000 cashto claim UR award call free on 08000407165 (18+) 2 stop getstop on 88222 PHP. RG21 4JX,143.0,27.0,guaranteed award even cashto claim ur award call free stop getstop php rg jx,76,14
ham,K I'll be there before 4.,25.0,6.0,,0,0
ham,I dled 3d its very imp,22.0,6.0,dled imp,8,2
ham,"sure, but make sure he knows we ain't smokin yet",48.0,10.0,sure make sure know smokin yet,30,6
ham,Boooo you always work. Just quit.,33.0,6.0,boooo always work quit,22,4
ham,I am taking half day leave bec i am not well,44.0,11.0,taking half day leave bec well,30,6
ham,Ugh I don't wanna get out of bed. It's so warm.,47.0,11.0,ugh wan na get bed warm,23,6
ham,S:)s.nervous  &lt,17.0,2.0,nervous lt,10,2
ham,So there's a ring that comes with the guys costumes. It's there so they can gift their future yowifes. Hint hint,112.0,21.0,ring come guy costume gift future yowifes hint hint,51,9
spam,Congratulations ur awarded either å£500 of CD gift vouchers & Free entry 2 our å£100 weekly draw txt MUSIC to 87066 TnCs www.Ldew.com1win150ppmx3age16,150.0,23.0,congratulation ur awarded either cd gift voucher free entry weekly draw txt music tncs www ldew com win ppmx age,112,20
ham,I borrow ur bag ok.,19.0,5.0,borrow ur bag ok,16,4
spam,"U were outbid by simonwatson5120 on the Shinco DVD Plyr. 2 bid again, visit sms. ac/smsrewards 2 end bid notifications, reply END OUT",133.0,23.0,outbid simonwatson shinco dvd plyr bid visit sm ac smsrewards end bid notification reply end,92,15
ham,Where's my boytoy? I miss you ... What happened?,48.0,9.0,boytoy miss happened,20,3
ham,"He has lots of used ones babe, but the model doesn't help. Youi have to bring it over and he'll match it up",107.0,23.0,lot used one babe model help youi bring match,45,9
ham,Also are you bringing galileo or dobby,38.0,7.0,also bringing galileo dobby,27,4
ham,Then why you not responding,27.0,5.0,responding,10,1
ham,"\BOO BABE! U ENJOYIN YOURJOB? U SEEMED 2 B GETTIN ON WELL HUNNY!HOPE URE OK?TAKE CARE & IåÕLLSPEAK 2U SOONLOTS OF LOVEME XXXX.\""""",129.0,23.0,boo babe enjoyin yourjob seemed gettin well hunny hope ure ok take care llspeak soonlots loveme xxxx,100,17
ham,Good afternoon starshine! How's my boytoy? Does he crave me yet? Ache to fuck me ? *sips cappuccino* I miss you babe *teasing kiss*,131.0,24.0,good afternoon starshine boytoy crave yet ache fuck sip cappuccino miss babe teasing kiss,89,14
ham,On the road so cant txt,23.0,6.0,road cant txt,13,3
spam,"SMSSERVICES. for yourinclusive text credits, pls goto www.comuk.net login= 3qxj9 unsubscribe with STOP, no extra charge. help 08702840625.COMUK. 220-CM2 9AE",156.0,20.0,smsservices yourinclusive text credit pls goto www comuk net login qxj unsubscribe stop extra charge help comuk cm ae,117,19
spam,25p 4 alfie Moon's Children in need song on ur mob. Tell ur m8s. Txt Tone charity to 8007 for Nokias or Poly charity for polys: zed 08701417012 profit 2 charity.,161.0,31.0,alfie moon child need song ur mob tell ur txt tone charity nokias poly charity polys zed profit charity,103,19
ham,Have a good evening! Ttyl,25.0,5.0,good evening ttyl,17,3
ham,Hmm .. Bits and pieces lol ... *sighs* ...,42.0,9.0,hmm bit piece lol sigh,22,5
ham,Hahaha..use your brain dear,27.0,4.0,hahaha use brain dear,21,4
ham,Hey. You got any mail?,22.0,5.0,hey got mail,12,3
ham,"Sorry light turned green, I meant another friend wanted  &lt",60.0,10.0,sorry light turned green meant another friend wanted lt,55,9
ham,Thanks for yesterday sir. You have been wonderful. Hope you enjoyed the burial. MojiBiola,89.0,14.0,thanks yesterday sir wonderful hope enjoyed burial mojibiola,60,8
spam,U have a secret admirer. REVEAL who thinks U R So special. Call 09065174042. To opt out Reply REVEAL STOP. 1.50 per msg recd. Cust care 07821230901,147.0,27.0,secret admirer reveal think special call opt reply reveal stop per msg recd cust care,85,15
ham,Hi mate its RV did u hav a nice hol just a message 3 say hello coz havenåÕt sent u 1 in ages started driving so stay off roads!RVx,130.0,29.0,hi mate rv hav nice hol message say hello coz sent age started driving stay road rvx,84,17
spam,"Dear Voucher Holder, To claim this weeks offer, at you PC please go to http://www.e-tlp.co.uk/expressoffer Ts&Cs apply. To stop texts, txt STOP to 80062",152.0,24.0,dear voucher holder claim week offer pc please go http www tlp co uk expressoffer t c apply stop text txt stop,110,22
ham,"Thank you so much. When we skyped wit kz and sura, we didnt get the pleasure of your company. Hope you are good. We've given you ultimatum oh! We are countin down to aburo. Enjoy! This is the message i sent days ago",215.0,43.0,thank much skyped wit kz sura didnt get pleasure company hope good given ultimatum oh countin aburo enjoy message sent day ago,126,22
ham,Surely result will offer:),26.0,4.0,surely result offer,19,3
ham,Good Morning my Dear........... Have a great &amp,49.0,8.0,good morning dear great amp,27,5
spam,Do you want 750 anytime any network mins 150 text and a NEW VIDEO phone for only five pounds per week call 08002888812 or reply for delivery tomorrow,149.0,28.0,want anytime network min text new video phone five pound per week call reply delivery tomorrow,94,16
ham,"Sir, I have been late in paying rent for the past few months and had to pay a $ &lt",83.0,20.0,sir late paying rent past month pay lt,38,8
spam,We tried to contact you re our offer of New Video Phone 750 anytime any network mins HALF PRICE Rental camcorder call 08000930705 or reply for delivery Wed,155.0,28.0,tried contact offer new video phone anytime network min half price rental camcorder call reply delivery wed,107,17
spam,Last chance 2 claim ur å£150 worth of discount vouchers-Text YES to 85023 now!SavaMob-member offers mobile T Cs 08717898035. å£3.00 Sub. 16 . Remove txt X or STOP,162.0,28.0,last chance claim ur worth discount voucher text yes savamob member offer mobile c sub remove txt stop,102,18
ham,I luv u soo much u donåÕt understand how special u r 2 me ring u 2morrow luv u xxx,82.0,20.0,luv soo much understand special ring morrow luv xxx,51,9
ham,"Pls send me a comprehensive mail about who i'm paying, when and how much.",73.0,14.0,pls send comprehensive mail paying much,39,6
ham,Our Prashanthettan's mother passed away last night. pray for her and family.,76.0,12.0,prashanthettan mother passed away last night pray family,56,8
spam,"Urgent! call 09066350750 from your landline. Your complimentary 4* Ibiza Holiday or 10,000 cash await collection SAE T&Cs PO BOX 434 SK3 8WP 150 ppm 18+ ",153.0,26.0,urgent call landline complimentary ibiza holiday cash await collection sae c po box sk wp ppm,93,16
ham,K.k:)when are you going?,24.0,4.0,going,5,1
ham,Meanwhile in the shit suite: xavier decided to give us  &lt,59.0,11.0,meanwhile shit suite xavier decided give u lt,45,8
ham,My stomach has been thru so much trauma I swear I just can't eat. I better lose weight.,87.0,18.0,stomach thru much trauma swear eat better lose weight,53,9
ham,I am in office:)whats the matter..msg me now.i will call you at break:).,72.0,13.0,office whats matter msg call break,34,6
ham,"Yeah there's barely enough room for the two of us, x has too many fucking shoes. Sorry man, see you later",105.0,21.0,yeah barely enough room two u many fucking shoe sorry man see later,67,13
spam,"Today's Offer! Claim ur å£150 worth of discount vouchers! Text YES to 85023 now! SavaMob, member offers mobile! T Cs 08717898035. å£3.00 Sub. 16 . Unsub reply X",160.0,28.0,today offer claim ur worth discount voucher text yes savamob member offer mobile c sub unsub reply,98,17
ham,U reach orchard already? U wan 2 go buy tickets first?,54.0,11.0,reach orchard already wan go buy ticket first,45,8
ham,"I am real, baby! I want to bring out your inner tigress...",58.0,12.0,real baby want bring inner tigress,34,6
ham,No da if you run that it activate the full version da.,54.0,12.0,da run activate full version da,31,6
ham,"\AH POOR BABY!HOPE URFEELING BETTERSN LUV! PROBTHAT OVERDOSE OF WORK HEY GO CAREFUL SPK 2 U SN LOTS OF LOVEJEN XXX.\""""",118.0,21.0,ah poor baby hope urfeeling bettersn luv probthat overdose work hey go careful spk sn lot lovejen xxx,101,18
ham,Stop the story. I've told him i've returned it and he's saying i should not re order it.,88.0,18.0,stop story told returned saying order,37,6
spam,Talk sexy!! Make new friends or fall in love in the worlds most discreet text dating service. Just text VIP to 83110 and see who you could meet.,144.0,28.0,talk sexy make new friend fall love world discreet text dating service text vip see could meet,94,17
ham,Going to take your babe out ?,29.0,7.0,going take babe,15,3
ham,Hai ana tomarrow am coming on morning.  &lt,43.0,8.0,hai ana tomarrow coming morning lt,34,6
ham,Spoons it is then okay?,23.0,5.0,spoon okay,10,2
ham,Did he just say somebody is named tampa,39.0,8.0,say somebody named tampa,24,4
ham,In work now. Going have in few min.,35.0,8.0,work going min,14,3
ham,Your brother is a genius,24.0,5.0,brother genius,14,2
ham,"Sorry, I guess whenever I can get a hold of my connections, maybe an hour or two? I'll text you",95.0,20.0,sorry guess whenever get hold connection maybe hour two text,60,10
ham,Did u find out what time the bus is at coz i need to sort some stuff out.,73.0,18.0,find time bus coz need sort stuff,33,7
ham,Dude ive been seeing a lotta corvettes lately,45.0,8.0,dude ive seeing lotta corvette lately,37,6
spam,Congratulations ur awarded either a yrs supply of CDs from Virgin Records or a Mystery Gift GUARANTEED Call 09061104283 Ts&Cs www.smsco.net å£1.50pm approx 3mins,161.0,24.0,congratulation ur awarded either yr supply cd virgin record mystery gift guaranteed call t c www smsco net pm approx min,120,21
ham,"Same here, but I consider walls and bunkers and shit important just because I never play on peaceful but I guess your place is high enough that it don't matter",159.0,30.0,consider wall bunker shit important never play peaceful guess place high enough matter,86,13
spam,PRIVATE! Your 2003 Account Statement for 07808 XXXXXX shows 800 un-redeemed S. I. M. points. Call 08719899217 Identifier Code: 41685 Expires 07/11/04,149.0,22.0,private account statement xxxxxx show un redeemed point call identifier code expires,84,12
spam,Hello. We need some posh birds and chaps to user trial prods for champneys. Can i put you down? I need your address and dob asap. Ta r,134.0,28.0,hello need posh bird chap user trial prod champneys put need address dob asap ta,80,15
spam,What do U want for Xmas? How about 100 free text messages & a new video phone with half price line rental? Call free now on 0800 0721072 to find out more!,154.0,32.0,want xmas free text message new video phone half price line rental call free find,81,15
ham,"Well am officially in a philosophical hole, so if u wanna call am at home ready to be saved!",92.0,19.0,well officially philosophical hole wan na call home ready saved,63,10
ham,Its going good...no problem..but still need little experience to understand american customer voice...,102.0,13.0,going good problem still need little experience understand american customer voice,82,11
ham,I'll text you when I drop x off,31.0,8.0,text drop,9,2
ham,Ugh its been a long day. I'm exhausted. Just want to cuddle up and take a nap,77.0,17.0,ugh long day exhausted want cuddle take nap,43,8
ham,Talk With Yourself Atleast Once In A Day...!!! Otherwise You Will Miss Your Best FRIEND In This WORLD...!!! -Shakespeare- SHESIL  &lt,133.0,21.0,talk atleast day otherwise miss best friend world shakespeare shesil lt,71,11
spam,"Shop till u Drop, IS IT YOU, either 10K, 5K, å£500 Cash or å£100 Travel voucher, Call now, 09064011000. NTT PO Box CR01327BT fixedline Cost 150ppm mobile vary",158.0,28.0,shop till drop either cash travel voucher call ntt po box cr bt fixedline cost ppm mobile vary,94,18
ham,Are you in castor? You need to see something,44.0,9.0,castor need see something,25,4
spam,Sunshine Quiz Wkly Q! Win a top Sony DVD player if u know which country Liverpool played in mid week? Txt ansr to 82277. å£1.50 SP:Tyrone,137.0,26.0,sunshine quiz wkly win top sony dvd player know country liverpool played mid week txt ansr sp tyrone,100,18
spam,U have a secret admirer who is looking 2 make contact with U-find out who they R*reveal who thinks UR so special-call on 09058094565,132.0,24.0,secret admirer looking make contact find reveal think ur special call,69,11
spam,U have a Secret Admirer who is looking 2 make contact with U-find out who they R*reveal who thinks UR so special-call on 09065171142-stopsms-08,143.0,24.0,secret admirer looking make contact find reveal think ur special call stopsms,77,12
spam,Reminder: You have not downloaded the content you have already paid for. Goto http://doit. mymoby. tv/ to collect your content.,127.0,20.0,reminder downloaded content already paid goto http doit mymoby tv collect content,81,12
ham,"see, i knew giving you a break a few times woul lead to you always wanting to miss curfew. I was gonna gibe you 'til one, but a MIDNIGHT movie is not gonna get out til after 2. You need to come home. You need to getsleep and, if anything, you need to b studdying ear training.",276.0,57.0,see knew giving break time woul lead always wanting miss curfew gon na gibe til one midnight movie gon na get til need come home need getsleep anything need studdying ear training,179,32
ham,I love to give massages. I use lots of baby oil... What is your fave position?,78.0,16.0,love give massage use lot baby oil fave position,48,9
ham,Dude we should go sup again,27.0,6.0,dude go sup,11,3
ham,Yoyyooo u know how to change permissions for a drive in mac. My usb flash drive,79.0,16.0,yoyyooo know change permission drive mac usb flash drive,56,9
ham,Gibbs unsold.mike hussey,24.0,3.0,gibbs unsold mike hussey,24,4
ham,I like to talk pa but am not able to. I dont know y.,52.0,14.0,like talk pa able dont know,27,6
ham,Y dun cut too short leh. U dun like ah? She failed. She's quite sad.,68.0,15.0,dun cut short leh dun like ah failed quite sad,46,10
ham,You unbelievable faglord,24.0,3.0,unbelievable faglord,20,2
ham,Wife.how she knew the time of murder exactly,44.0,8.0,wife knew time murder exactly,29,5
ham,Why do you ask princess?,24.0,5.0,ask princess,12,2
ham,I am great princess! What are you thinking about me? :),55.0,11.0,great princess thinking,23,3
ham,Nutter. Cutter. Ctter. Cttergg. Cttargg. Ctargg. Ctagg. ie you,62.0,9.0,nutter cutter ctter cttergg cttargg ctargg ctagg ie,51,8
ham,It's ok i noe u're busy but i'm really too bored so i msg u. I oso dunno wat colour she choose 4 me one.,104.0,25.0,ok noe busy really bored msg oso dunno wat colour choose one,60,12
ham,Doesn't g have class early tomorrow and thus shouldn't be trying to smoke at  &lt,81.0,15.0,class early tomorrow thus trying smoke lt,41,7
ham,"Superb Thought- \Be grateful that u dont have everything u want. That means u still have an opportunity to be happier tomorrow than u are today.\"":-)""",150.0,26.0,superb thought grateful dont everything want mean still opportunity happier tomorrow today,90,12
ham,Hope you are having a good week. Just checking in,49.0,10.0,hope good week checking,23,4
ham,"I'm used to it. I just hope my agents don't drop me since i've only booked a few things this year. This whole me in boston, them in nyc was an experiment.",154.0,32.0,used hope agent drop since booked thing year whole boston nyc experiment,72,12
ham,"Thursday night? Yeah, sure thing, we'll work it out then",56.0,10.0,thursday night yeah sure thing work,35,6
spam,"Your free ringtone is waiting to be collected. Simply text the password \MIX\"" to 85069 to verify. Get Usher and Britney. FML",125.0,22.0,free ringtone waiting collected simply text password mix verify get usher britney fml,85,13
ham,Probably money worries. Things are coming due and i have several outstanding invoices for work i did two and three months ago.,126.0,22.0,probably money worry thing coming due several outstanding invoice work two three month ago,90,14
ham,How is it possible to teach you. And where.,43.0,9.0,possible teach,14,2
ham,"I wonder if your phone battery went dead ? I had to tell you, I love you babe",77.0,18.0,wonder phone battery went dead tell love babe,45,8
ham,Lovely smell on this bus and it ain't tobacco... ,49.0,9.0,lovely smell bus tobacco,24,4
ham,"We're all getting worried over here, derek and taylor have already assumed the worst",84.0,14.0,getting worried derek taylor already assumed worst,50,7
ham,Hey what's up charles sorry about the late reply.,49.0,9.0,hey charles sorry late reply,28,5
spam,"all the lastest from Stereophonics, Marley, Dizzee Racal, Libertines and The Strokes! Win Nookii games with Flirt!! Click TheMob WAP Bookmark or text WAP to 82468",162.0,26.0,lastest stereophonics marley dizzee racal libertine stroke win nookii game flirt click themob wap bookmark text wap,115,17
ham,I.ll give her once i have it. Plus she said grinule greet you whenever we speak,79.0,16.0,give plus said grinule greet whenever speak,43,7
ham,WHITE FUDGE OREOS ARE IN STORES,31.0,6.0,white fudge oreo store,22,4
spam,"January Male Sale! Hot Gay chat now cheaper, call 08709222922. National rate from 1.5p/min cheap to 7.8p/min peak! To stop texts call 08712460324 (10p/min)",155.0,24.0,january male sale hot gay chat cheaper call national rate min cheap min peak stop text call min,95,18
ham,My love ! How come it took you so long to leave for Zaher's? I got your words on ym and was happy to see them but was sad you had left. I miss you,146.0,35.0,love come took long leave zaher got word ym happy see sad left miss,67,14
ham,I am sorry it hurt you.,23.0,6.0,sorry hurt,10,2
ham,Can't. I feel nauseous. I'm so pissed. I didn't eat any sweets all week cause today I was planning to pig out. I was dieting all week. And now I'm not hungry :/,160.0,33.0,feel nauseous pissed eat sweet week cause today planning pig dieting week hungry,80,13
ham,Ok lor but not too early. Me still having project meeting now.,62.0,12.0,ok lor early still project meeting,34,6
ham,"Call me da, i am waiting for your call.",39.0,9.0,call da waiting call,20,4
ham,I could ask carlos if we could get more if anybody else can chip in,67.0,15.0,could ask carlos could get anybody else chip,44,8
ham,Was actually about to send you a reminder today. Have a wonderful weekend,73.0,13.0,actually send reminder today wonderful weekend,46,6
ham,"When people see my msgs, They think Iam addicted to msging... They are wrong, Bcoz They don\'t know that Iam addicted to my sweet Friends..!! BSLVYL",148.0,26.0,people see msg think iam addicted msging wrong bcoz know iam addicted sweet friend bslvyl,89,15
ham,Hey you gave them your photo when you registered for driving ah? Tmr wanna meet at yck? ,88.0,17.0,hey gave photo registered driving ah tmr wan na meet yck,56,11
ham,Dont talk to him ever ok its my word.,37.0,9.0,dont talk ever ok word,22,5
ham,When u wana see it then,23.0,6.0,wana see,8,2
ham,On ma way to school. Can you pls send me ashley's number,56.0,12.0,way school pls send ashley number,33,6
ham,It shall be fine. I have avalarr now. Will hollalater,53.0,10.0,shall fine avalarr hollalater,29,4
ham,She went to attend another two rounds today..but still did't reach home..,73.0,12.0,went attend another two round today still reach home,52,9
ham,Actually i deleted my old website..now i m blogging at magicalsongs.blogspot.com,80.0,11.0,actually deleted old website blogging magicalsongs blogspot com,63,8
ham,"K, wait chikku..il send aftr  &lt",33.0,6.0,wait chikku il send aftr lt,27,6
ham,But I'm on a diet. And I ate 1 too many slices of pizza yesterday. Ugh I'm ALWAYS on a diet.,92.0,21.0,diet ate many slice pizza yesterday ugh always diet,51,9
ham,K:)i will give my kvb acc details:),35.0,7.0,give kvb acc detail,19,4
ham,Oh all have to come ah?,23.0,6.0,oh come ah,10,3
spam,money!!! you r a lucky winner ! 2 claim your prize text money 2 88600 over å£1million to give away ! ppt150x3+normal text rate box403 w1t1jy,140.0,26.0,money lucky winner claim prize text money million give away ppt normal text rate box jy,87,16
ham,I'm really sorry i won't b able 2 do this friday.hope u can find an alternative.hope yr term's going ok:-),106.0,20.0,really sorry able friday hope find alternative hope yr term going ok,68,12
ham,Congratulations ore mo owo re wa. Enjoy it and i wish you many happy moments to and fro wherever you go,103.0,21.0,congratulation ore mo owo wa enjoy wish many happy moment fro wherever go,73,13
ham,So do you have samus shoulders yet,34.0,7.0,samus shoulder yet,18,3
ham,What time you think you'll have it? Need to know when I should be near campus,77.0,16.0,time think need know near campus,32,6
spam,"Dear Matthew please call 09063440451 from a landline, your complimentary 4*Lux Tenerife holiday or å£1000 CASH await collection. ppm150 SAE T&Cs Box334 SK38XH.",159.0,23.0,dear matthew please call landline complimentary lux tenerife holiday cash await collection ppm sae c box sk xh,110,18
ham,Then dun wear jeans lor...,26.0,5.0,dun wear jean lor,17,4
ham,"Since when, which side, any fever, any vomitin.",47.0,8.0,since side fever vomitin,24,4
ham,K:)k.are you in college?,24.0,4.0,college,7,1
spam,"Urgent! call 09061749602 from Landline. Your complimentary 4* Tenerife Holiday or å£10,000 cash await collection SAE T&Cs BOX 528 HP20 1YF 150ppm 18+",149.0,23.0,urgent call landline complimentary tenerife holiday cash await collection sae c box hp yf ppm,93,15
ham,Better. Made up for Friday and stuffed myself like a pig yesterday. Now I feel bleh. But at least its not writhing pain kind of bleh.,133.0,26.0,better made friday stuffed like pig yesterday feel bleh least writhing pain kind bleh,85,14
ham,No we sell it all so we'll have tons if coins. Then sell our coins to someone thru paypal. Voila! Money back in life pockets:),126.0,25.0,sell ton coin sell coin someone thru paypal voila money back life pocket,72,13
ham,Theyre doing it to lots of places. Only hospitals and medical places are safe.,78.0,14.0,theyre lot place hospital medical place safe,44,7
spam,How about getting in touch with folks waiting for company? Just txt back your NAME and AGE to opt in! Enjoy the community (150p/SMS),132.0,24.0,getting touch folk waiting company txt back name age opt enjoy community sm,75,13
ham,And also I've sorta blown him off a couple times recently so id rather not text him out of the blue looking for weed,116.0,24.0,also sorta blown couple time recently id rather text blue looking weed,70,12
ham,"I sent my scores to sophas and i had to do secondary application for a few schools. I think if you are thinking of applying, do a research on cost also. Contact joke ogunrinde, her school is one me the less expensive ones",221.0,43.0,sent score sophas secondary application school think thinking applying research cost also contact joke ogunrinde school one less expensive one,142,20
ham,I cant wait to see you! How were the photos were useful? :),59.0,13.0,cant wait see photo useful,26,5
spam,Ur cash-balance is currently 500 pounds - to maximize ur cash-in now send GO to 86688 only 150p/msg. CC: 08718720201 PO BOX 114/14 TCR/W1,137.0,24.0,ur cash balance currently pound maximize ur cash send go msg cc po box tcr,74,15
ham,Hey i booked the kb on sat already... what other lessons are we going for ah? Keep your sat night free we need to meet and confirm our lodging ,143.0,29.0,hey booked kb sat already lesson going ah keep sat night free need meet confirm lodging,87,16
ham,Chk in ur belovd ms dict,24.0,6.0,chk ur belovd m dict,20,5
ham,Is that what time you want me to come?,38.0,9.0,time want come,14,3
ham,"Awesome, lemme know whenever you're around",42.0,6.0,awesome lem know whenever around,32,5
ham,Shb b ok lor... Thanx...,24.0,5.0,shb ok lor thanx,16,4
ham,"Beautiful Truth against Gravity.. Read carefully: \Our heart feels light when someone is in it.. But it feels very heavy when someone leaves it..\"" GOOD NIGHT""",159.0,26.0,beautiful truth gravity read carefully heart feel light someone feel heavy someone leaf good night,98,15
ham,Also remember to get dobby's bowl from your car,47.0,9.0,also remember get dobby bowl car,32,6
spam,Filthy stories and GIRLS waiting for your,41.0,7.0,filthy story girl waiting,25,4
ham,Sorry i now then c ur msg... Yar lor so poor thing... But only 4 one night... Tmr u'll have a brand new room 2 sleep in...,122.0,27.0,sorry ur msg yar lor poor thing one night tmr brand new room sleep,66,14
ham,"Love isn't a decision, it's a feeling. If we could decide who to love, then, life would be much simpler, but then less magical",126.0,24.0,love decision feeling could decide love life would much simpler less magical,76,12
ham,Welp apparently he retired,26.0,4.0,welp apparently retired,23,3
ham,My sort code is  and acc no is . The bank is natwest. Can you reply to confirm i've sent this to the right person!,114.0,25.0,sort code acc bank natwest reply confirm sent right person,58,10
ham,Where @,7.0,2.0,,0,0
ham,U sure u can't take any sick time?,34.0,8.0,sure take sick time,19,4
spam,URGENT! We are trying to contact U. Todays draw shows that you have won a å£800 prize GUARANTEED. Call 09050001808 from land line. Claim M95. Valid12hrs only,157.0,27.0,urgent trying contact today draw show prize guaranteed call land line claim valid hr,84,14
ham,"Watching cartoon, listening music &amp",38.0,5.0,watching cartoon listening music amp,36,5
ham,Yo chad which gymnastics class do you wanna take? The site says Christians class is full..,90.0,16.0,yo chad gymnastics class wan na take site say christian class full,66,12
ham,Are you this much buzy,22.0,5.0,much buzy,9,2
ham,Or better still can you catch her and let ask her if she can sell  &lt,70.0,16.0,better still catch let ask sell lt,34,7
ham,I am not sure about night menu. . . I know only about noon menu,63.0,15.0,sure night menu know noon menu,30,6
ham,What do u want when i come back?.a beautiful necklace as a token of my heart for you.thats what i will give but ONLY to MY WIFE OF MY LIKING.BE THAT AND SEE..NO ONE can give you that.dont call me.i will wait till i come.,220.0,45.0,want come back beautiful necklace token heart thats give wife liking see one give dont call wait till come,106,19
ham,Are you willing to go for aptitude class.,41.0,8.0,willing go aptitude class,25,4
ham,"It wont b until 2.15 as trying 2 sort house out, is that ok?",60.0,14.0,wont trying sort house ok,25,5
ham,"Yar lor he wan 2 go c horse racing today mah, so eat earlier lor. I ate chicken rice. U?",88.0,20.0,yar lor wan go horse racing today mah eat earlier lor ate chicken rice,70,14
ham,"Haha awesome, omw back now then",31.0,6.0,haha awesome omw back,21,4
ham,Yup i thk so until e shop closes lor.,37.0,9.0,yup thk shop close lor,22,5
ham,what is your account number?,28.0,5.0,account number,14,2
ham,Eh u send wrongly lar...,24.0,5.0,eh send wrongly lar,19,4
ham,Hey no I ad a crap nite was borin without ya 2 boggy with me u boring biatch! Thanx but u wait til nxt time il ave ya ,118.0,28.0,hey ad crap nite borin without ya boggy boring biatch thanx wait til nxt time il ave ya,87,18
ham,Ok i shall talk to him,22.0,6.0,ok shall talk,13,3
ham,Dont hesitate. You know this is the second time she has had weakness like that. So keep i notebook of what she eat and did the day before or if anything changed the day before so that we can be sure its nothing,210.0,43.0,dont hesitate know second time weakness like keep notebook eat day anything changed day sure nothing,100,16
ham,Hey you can pay. With salary de. Only  &lt,42.0,9.0,hey pay salary de lt,20,5
ham,Another month. I need chocolate weed and alcohol.,49.0,8.0,another month need chocolate weed alcohol,41,6
ham,If he started searching he will get job in few days.he have great potential and talent.,87.0,16.0,started searching get job day great potential talent,52,8
ham,Reckon need to be in town by eightish to walk from * carpark.,61.0,13.0,reckon need town eightish walk carpark,38,6
spam,"Congrats! 2 mobile 3G Videophones R yours. call 09063458130 now! videochat wid your mates, play java games, Dload polyPH music, noline rentl.",141.0,22.0,congrats mobile videophones call videochat wid mate play java game dload polyph music noline rentl,98,15
ham,LOOK AT THE FUCKIN TIME. WHAT THE FUCK YOU THINK IS UP,54.0,12.0,look fuckin time fuck think,27,5
ham,Yo guess what I just dropped,28.0,6.0,yo guess dropped,16,3
ham,Carlos says he'll be at mu in  &lt,34.0,8.0,carlos say mu lt,16,4
ham,I'm in office now . I will call you  &lt,40.0,10.0,office call lt,14,3
ham,"Geeee ... I miss you already, you know ? Your all I can think about. Fuck, I can't wait till next year when we will be together ... *loving kiss*",145.0,30.0,geeee miss already know think fuck wait till next year together loving kiss,75,13
ham,"Yun ah.the ubi one say if Ì_ wan call by tomorrow.call 67441233 look for irene.ere only got bus8,22,65,61,66,382. Ubi cres,ubi tech park.6ph for 1st 5wkg days.Ì¬n",162.0,26.0,yun ah ubi one say wan call tomorrow call look irene ere got bus ubi cres ubi tech park ph st wkg day,101,23
ham,Ugh. Gotta drive back to sd from la. My butt is sore.,53.0,12.0,ugh got ta drive back sd la butt sore,37,9
ham,26th OF JULY,12.0,3.0,th july,7,2
ham,Hi im having the most relaxing time ever! we have to get up at 7am every day! was the party good the other night? I get home tomorrow at 5ish.,142.0,30.0,hi im relaxing time ever get every day party good night get home tomorrow ish,77,15
ham,Up to Ì_... ÌÏ wan come then come lor... But i din c any stripes skirt...,73.0,16.0,wan come come lor din stripe skirt,34,7
ham,The Xmas story is peace.. The Xmas msg is love.. The Xmas miracle is jesus.. Hav a blessed month ahead &amp,107.0,21.0,xmas story peace xmas msg love xmas miracle jesus hav blessed month ahead amp,77,14
ham,"I can't, I don't have her number!",33.0,7.0,number,6,1
ham,Change again... It's e one next to escalator...,47.0,8.0,change one next escalator,25,4
ham,Yetunde i'm in class can you not run water on it to make it ok. Pls now.,72.0,17.0,yetunde class run water make ok pls,35,7
ham,Not a lot has happened here. Feels very quiet. Beth is at her aunts and charlie is working lots. Just me and helen in at the mo. How have you been? ,148.0,31.0,lot happened feel quiet beth aunt charlie working lot helen mo,62,11
ham,Then Ì_ wait 4 me at bus stop aft ur lect lar. If i dun c Ì_ then i go get my car then come back n pick Ì_.,107.0,29.0,wait bus stop aft ur lect lar dun go get car come back pick,59,14
ham,"Aight will do, thanks again for comin out",41.0,8.0,aight thanks comin,18,3
ham,No..but heard abt tat..,23.0,4.0,heard abt tat,13,3
spam,Please call our customer service representative on FREEPHONE 0808 145 4742 between 9am-11pm as you have WON a guaranteed å£1000 cash or å£5000 prize!,149.0,24.0,please call customer service representative freephone pm guaranteed cash prize,78,10
ham,Yes..he is really great..bhaji told kallis best cricketer after sachin in world:).very tough to get out.,104.0,16.0,yes really great bhaji told kallis best cricketer sachin world tough get,72,12
ham,&lt,3.0,1.0,lt,2,1
ham,Umma. Did she say anything,26.0,5.0,umma say anything,17,3
ham,Give me a sec to think think about it,37.0,9.0,give sec think think,20,4
spam,Panasonic & BluetoothHdset FREE. Nokia FREE. Motorola FREE & DoubleMins & DoubleTxt on Orange contract. Call MobileUpd8 on 08000839402 or call 2optout,150.0,22.0,panasonic bluetoothhdset free nokia free motorola free doublemins doubletxt orange contract call mobileupd call optout,118,15
ham,I don't quite know what to do. I still can't get hold of anyone. I cud pick you up bout 7.30pm and we can see if they're in the pub?,132.0,30.0,quite know still get hold anyone cud pick bout pm see pub,57,12
ham,"Poyyarikatur,kolathupalayam,unjalur post,erode dis, &lt",55.0,4.0,poyyarikatur kolathupalayam unjalur post erode dis lt,53,7
ham,"Dear Hero,i am leaving to qatar tonite for an apt opportunity.pls do keep in touch at  &lt",90.0,17.0,dear hero leaving qatar tonite apt opportunity pls keep touch lt,64,11
ham,Lol I would but my mom would have a fit and tell the whole family how crazy and terrible I am,93.0,21.0,lol would mom would fit tell whole family crazy terrible,56,10
ham,"I just got home babe, are you still awake ?",43.0,10.0,got home babe still awake,25,5
ham,I dunno they close oredi not... ÌÏ v ma fan...,46.0,10.0,dunno close oredi fan,21,4
ham,Just buy a pizza. Meat lovers or supreme. U get to pick.,56.0,12.0,buy pizza meat lover supreme get pick,37,7
ham,"Ya, told..she was asking wats matter?",37.0,6.0,ya told asking wats matter,26,5
ham,"Dear,regret i cudnt pick call.drove down frm ctla now at cochin home.left mobile in car..ente style ishtamayoo?happy bakrid!",124.0,18.0,dear regret cudnt pick call drove frm ctla cochin home left mobile car ente style ishtamayoo happy bakrid,105,18
spam,FREE for 1st week! No1 Nokia tone 4 ur mob every week just txt NOKIA to 8007 Get txting and tell ur mates www.getzed.co.uk POBox 36504 W45WQ norm150p/tone 16+,158.0,29.0,free st week nokia tone ur mob every week txt nokia get txting tell ur mate www getzed co uk pobox wq norm tone,111,24
ham,Shall i send that exe to your mail id.,38.0,9.0,shall send exe mail id,22,5
ham,Nope watching tv at home... Not going out. V bored...,53.0,10.0,nope watching tv home going bored,33,6
ham,Don know..wait i will check it.,31.0,6.0,know wait check,15,3
ham,"Good afternoon on this glorious anniversary day, my sweet J !! I hope this finds you happy and content, my Prey. I think of you and send a teasing kiss from across the sea coaxing images of fond souveniers ... You Cougar-Pen",224.0,42.0,good afternoon glorious anniversary day sweet hope find happy content prey think send teasing kiss across sea coaxing image fond souveniers cougar pen,150,23
spam,Guess what! Somebody you know secretly fancies you! Wanna find out who it is? Give us a call on 09065394514 From Landline DATEBox1282EssexCM61XN 150p/min 18,156.0,25.0,guess somebody know secretly fancy wan na find give u call landline datebox essexcm xn min,90,16
ham,We still on for tonight?,24.0,5.0,still tonight,13,2
ham,May i call You later Pls,24.0,6.0,may call later pls,18,4
ham,Hasn't that been the pattern recently crap weekends?,52.0,8.0,pattern recently crap weekend,29,4
ham,I have a sore throat. It's scratches when I talk,48.0,10.0,sore throat scratch talk,24,4
ham,Yes da. Any plm at ur office,28.0,7.0,yes da plm ur office,20,5
ham,Are you not around or just still asleep? :V,43.0,9.0,around still asleep,19,3
ham,"Lol you forgot it eh ? Yes, I'll bring it in babe",49.0,12.0,lol forgot eh yes bring babe,28,6
ham,"Its good, we'll find a way",26.0,6.0,good find way,13,3
ham,Can not use foreign stamps in this country. Good lecture .,58.0,11.0,use foreign stamp country good lecture,38,6
ham,Yup bathe liao...,17.0,3.0,yup bathe liao,14,3
ham,HAPPY NEW YEAR MY NO.1 MAN,26.0,6.0,happy new year man,18,4
ham,"OH MR SHEFFIELD! You wanna play THAT game, okay. You're the boss and I'm the nanny. You give me a raise and I'll give YOU one!!",127.0,26.0,oh mr sheffield wan na play game okay bos nanny give raise give one,67,14
ham,ZOE IT JUST HIT ME 2 IM FUCKING SHITIN MYSELF IL DEFO TRY MY HARDEST 2 CUM 2MOROW LUV U MILLIONS LEKDOG,103.0,22.0,zoe hit im fucking shitin il defo try hardest cum morow luv million lekdog,74,14
ham,"Hello baby, did you get back to your mom's ? Are you setting up the computer now ? Filling your belly ? How goes it loverboy ? I miss you already ... *sighs*",157.0,33.0,hello baby get back mom setting computer filling belly go loverboy miss already sigh,84,14
ham,"No my blankets are sufficient, thx",34.0,6.0,blanket sufficient thx,22,3
ham,"naughty little thought: 'its better to flirt, flirt n flirt, rather than loving someone n gettin hurt, hurt n hurt...:-) Gud nyt",128.0,22.0,naughty little thought better flirt flirt flirt rather loving someone gettin hurt hurt hurt gud nyt,99,16
ham,"Edison has rightly said, \A fool can ask more questions than a wise man can answer\"" Now you know why all of us are speechless during ViVa.. GM",143.0,28.0,edison rightly said fool ask question wise man answer know u speechless viva gm,79,14
ham,They just talking thats it de. They wont any other.,51.0,10.0,talking thats de wont,21,4
ham,Today am going to college so am not able to atten the class.,60.0,13.0,today going college able atten class,36,6
ham,I'm in class. Will holla later,30.0,6.0,class holla later,17,3
ham,Easy ah?sen got selected means its good..,41.0,7.0,easy ah sen got selected mean good,34,7
ham,Mmm thats better now i got a roast down me! iåÕd b better if i had a few drinks down me 2! Good indian?,103.0,24.0,mmm thats better got roast better drink good indian,51,9
spam,"We know someone who you know that fancies you. Call 09058097218 to find out who. POBox 6, LS15HB 150p",101.0,19.0,know someone know fancy call find pobox l hb,44,9
ham,"Come round, it's . ",19.0,4.0,come round,10,2
ham,"Do 1 thing! Change that sentence into: \Because i want 2 concentrate in my educational career im leaving here..\""""",114.0,19.0,thing change sentence want concentrate educational career im leaving,68,9
spam,"1000's flirting NOW! Txt GIRL or BLOKE & ur NAME & AGE, eg GIRL ZOE 18 to 8007 to join and get chatting!",104.0,23.0,flirting txt girl bloke ur name age eg girl zoe join get chatting,65,13
ham,I walked an hour 2 c u! doesnåÕt that show I care y wont u believe im serious?,78.0,18.0,walked hour show care wont believe im serious,45,8
spam,18 days to Euro2004 kickoff! U will be kept informed of all the latest news and results daily. Unsubscribe send GET EURO STOP to 83222.,135.0,25.0,day euro kickoff kept informed latest news result daily unsubscribe send get euro stop,86,14
ham,Are you available for soiree on June 3rd?,41.0,8.0,available soiree june rd,24,4
ham,Do u noe wat time e place dat sells 4d closes?,46.0,11.0,noe wat time place dat sell close,33,7
ham,"I got another job! The one at the hospital doing data analysis or something, starts on monday! Not sure when my thesis will got finished",136.0,25.0,got another job one hospital data analysis something start monday sure thesis got finished,90,14
ham,Jay's getting really impatient and belligerent,46.0,6.0,jay getting really impatient belligerent,40,5
ham,HIYA COMIN 2 BRISTOL 1 ST WEEK IN APRIL. LES GOT OFF + RUDI ON NEW YRS EVE BUT I WAS SNORING.THEY WERE DRUNK! U BAK AT COLLEGE YET? MY WORK SENDS INK 2 BATH.,157.0,35.0,hiya comin bristol st week april le got rudi new yr eve snoring drunk bak college yet work sends ink bath,105,21
ham,I'm at work. Please call,24.0,5.0,work please call,16,3
ham,Then u drive lor.,17.0,4.0,drive lor,9,2
ham,Ard 515 like dat. Y?,20.0,5.0,ard like dat,12,3
ham,Tell me they're female :V how're you throwing in? We're deciding what all to get now,84.0,16.0,tell female throwing deciding get,33,5
spam,EASTENDERS TV Quiz. What FLOWER does DOT compare herself to? D= VIOLET E= TULIP F= LILY txt D E or F to 84025 NOW 4 chance 2 WIN å£100 Cash WKENT/150P16+,153.0,31.0,eastenders tv quiz flower dot compare violet tulip lily txt chance win cash wkent,81,14
ham,I'm working technical support :)voice process.networking field.,63.0,7.0,working technical support voice process networking field,56,7
ham,I might come to kerala for 2 days.so you can be prepared to take a leave once i finalise .dont plan any travel during my visit.need to finish urgent works.,155.0,30.0,might come kerala day prepared take leave finalise dont plan travel visit need finish urgent work,97,16
ham,Ok. Not sure what time tho as not sure if can get to library before class. Will try. See you at some point! Have good eve.,122.0,26.0,ok sure time tho sure get library class try see point good eve,62,13
spam,We have new local dates in your area - Lots of new people registered in YOUR AREA. Reply DATE to start now! 18 only www.flirtparty.us REPLYS150,143.0,26.0,new local date area lot new people registered area reply date start www flirtparty u reply,90,16
ham,"That's fine, I'll bitch at you about it later then",50.0,10.0,fine bitch later,16,3
ham,No my mum went 2 dentist.,25.0,6.0,mum went dentist,16,3
ham,Once free call me sir. I am waiting for you.,44.0,10.0,free call sir waiting,21,4
ham,Meeting u is my work. . . Tel me when shall i do my work tomorrow,65.0,16.0,meeting work tel shall work tomorrow,36,6
spam,Someone U know has asked our dating service 2 contact you! Cant Guess who? CALL 09058091854 NOW all will be revealed. PO BOX385 M6 6WU,134.0,25.0,someone know asked dating service contact cant guess call revealed po box wu,76,13
ham,Jus finish bathing...,21.0,3.0,jus finish bathing,18,3
ham,"alright, I'll make sure the car is back tonight",47.0,9.0,alright make sure car back tonight,34,6
spam,URGENT! We are trying to contact U. Todays draw shows that you have won a å£800 prize GUARANTEED. Call 09050003091 from land line. Claim C52. Valid12hrs only,157.0,27.0,urgent trying contact today draw show prize guaranteed call land line claim valid hr,84,14
spam,Dear U've been invited to XCHAT. This is our final attempt to contact u! Txt CHAT to 86688,90.0,18.0,dear invited xchat final attempt contact txt chat,49,8
ham,Lul im gettin some juicy gossip at the hospital. Two nurses are talking about how fat they are gettin. And one thinks shes obese. Oyea.,135.0,25.0,lul im gettin juicy gossip hospital two nurse talking fat gettin one think shes obese oyea,90,16
ham,Aight ill get on fb in a couple minutes,39.0,9.0,aight ill get fb couple minute,30,6
ham,Oi. Ami parchi na re. Kicchu kaaj korte iccha korche na. Phone ta tul na. Plz. Plz.,83.0,17.0,oi ami parchi na kicchu kaaj korte iccha korche na phone ta tul na plz plz,74,16
ham,Where can download clear movies. Dvd copies.,44.0,7.0,download clear movie dvd copy,29,5
ham,"Yep, by the pretty sculpture",28.0,5.0,yep pretty sculpture,20,3
ham,Convey my regards to him,24.0,5.0,convey regard,13,2
ham,Me too watching surya movie only. . .after 6 pm vijay movie POKKIRI,67.0,13.0,watching surya movie pm vijay movie pokkiri,43,7
ham,You tell what happen dont behave like this to me. Ok no need to say,67.0,15.0,tell happen dont behave like ok need say,40,8
ham,Can u get pic msgs to your phone?,33.0,8.0,get pic msg phone,17,4
ham,Send to someone else :-),24.0,5.0,send someone else,17,3
ham,Wat makes some people dearer is not just de happiness dat u feel when u meet them but de pain u feel when u miss dem!!!,119.0,26.0,wat make people dearer de happiness dat feel meet de pain feel miss dem,71,14
ham,For me the love should start with attraction.i should feel that I need her every time around me.she should be the first thing which comes in my thoughts.I would start the day and end it with her.she should be there every time I dream.love will be then when my every breath has her name.my life should happen around her.my life will be named to her.I would cry for her.will give all my happiness and take all her sorrows.I will be ready to fight with anyone for her.I will be in love when I will be doing the craziest things for her.love will be when I don't have to proove anyone that my girl is the most beautiful lady on the whole planet.I will always be singing praises for her.love will be when I start up making chicken curry and end up makiing sambar.life will be the most beautiful then.will get every morning and thank god for the day because she is with me.I would like to say a lot..will tell later..,910.0,171.0,love start attraction feel need every time around first thing come thought would start day end every time dream love every breath name life happen around life named would cry give happiness take sorrow ready fight anyone love craziest thing love proove anyone girl beautiful lady whole planet always singing praise love start making chicken curry end makiing sambar life beautiful get every morning thank god day would like say lot tell later,442,73
ham,"FR'NDSHIP is like a needle of a clock. Though V r in d same clock, V r nt able 2 met. Evn if V meet,itz only 4few seconds. Bt V alwys stay conected. Gud 9t",155.0,35.0,fr ndship like needle clock though clock nt able met evn meet itz second bt alwys stay conected gud,99,19
ham,I don't think he has spatula hands!,35.0,7.0,think spatula hand,18,3
ham,You can never do NOTHING,24.0,5.0,never nothing,13,2
spam,You are awarded a SiPix Digital Camera! call 09061221061 from landline. Delivery within 28days. T Cs Box177. M221BP. 2yr warranty. 150ppm. 16 . p på£3.99,153.0,25.0,awarded sipix digital camera call landline delivery within day c box bp yr warranty ppm,87,15
ham,Goodmorning today i am late for  &lt,36.0,7.0,goodmorning today late lt,25,4
spam,WIN URGENT! Your mobile number has been awarded with a å£2000 prize GUARANTEED call 09061790121 from land line. claim 3030 valid 12hrs only 150ppm ,147.0,24.0,win urgent mobile number awarded prize guaranteed call land line claim valid hr ppm,83,14
ham,Please da call me any mistake from my side sorry da. Pls da goto doctor.,72.0,15.0,please da call mistake side sorry da pls da goto doctor,55,11
ham,Where r we meeting?,19.0,4.0,meeting,7,1
ham,"Well the weather in cali's great. But its complexities are great. You need a car to move freely, its taxes are outrageous. But all in all its a great place. The sad part is i missing home.",188.0,37.0,well weather cali great complexity great need car move freely tax outrageous great place sad part missing home,110,18
ham,Now only i reached home. . . I am very tired now. . I will come tomorro,71.0,17.0,reached home tired come tomorro,31,5
ham,Ryder unsold.now gibbs.,23.0,3.0,ryder unsold gibbs,18,3
spam,Dear Subscriber ur draw 4 å£100 gift voucher will b entered on receipt of a correct ans. When was Elvis Presleys Birthday? TXT answer to 80062,142.0,26.0,dear subscriber ur draw gift voucher entered receipt correct an elvis presley birthday txt answer,97,15
ham,Don't fret. I'll buy the ovulation test strips and send them to you. You wont get them til like march. Can you send me your postal address.u'll be alright.Okay.,160.0,29.0,fret buy ovulation test strip send wont get til like march send postal address alright okay,91,16
ham,NO GIFTS!! You trying to get me to throw myself off a cliff or something?,73.0,15.0,gift trying get throw cliff something,37,6
ham,Been up to ne thing interesting. Did you have a good birthday? When are u wrking nxt? I started uni today.,106.0,21.0,ne thing interesting good birthday wrking nxt started uni today,63,10
ham,You busy or can I come by at some point and figure out what we're doing tomorrow,80.0,17.0,busy come point figure tomorrow,31,5
ham,"Yeah go on then, bored and depressed sittin waitin for phone to ring... Hope the wind drops though, scary",105.0,19.0,yeah go bored depressed sittin waitin phone ring hope wind drop though scary,76,13
ham,Black shirt n blue jeans... I thk i c Ì_...,43.0,10.0,black shirt blue jean thk,25,5
ham,Aiyah sorry lor... I watch tv watch until i forgot 2 check my phone.,68.0,14.0,aiyah sorry lor watch tv watch forgot check phone,49,9
spam,Message Important information for O2 user. Today is your lucky day! 2 find out why log onto http://www.urawinner.com there is a fantastic surprise awaiting you,159.0,25.0,message important information user today lucky day find log onto http www urawinner com fantastic surprise awaiting,115,17
ham,on hen night. Going with a swing,32.0,7.0,hen night going swing,21,4
ham,"Good afternoon, my love. How goes your day ? What are you up to ? I woke early and am online waiting for you ... Hmmm ... Italian boy is online I see . *grins*",159.0,35.0,good afternoon love go day woke early online waiting hmmm italian boy online see grin,85,15
ham,From someone not to smoke when every time I've smoked in the last two weeks is because of you calling or texting me that you wanted to smoke,140.0,28.0,someone smoke every time smoked last two week calling texting wanted smoke,74,12
ham,No you'll just get a headache trying to figure it out. U can trust me to do the math. I promise. O:-),101.0,22.0,get headache trying figure trust math promise,45,7
ham,S s..first time..dhoni rocks...,31.0,4.0,first time dhoni rock,21,4
ham,Ok ill tell the company,23.0,5.0,ok ill tell company,19,4
ham,"Awesome, think we can get an 8th at usf some time tonight?",58.0,12.0,awesome think get th usf time tonight,37,7
ham,So that means you still think of teju,37.0,8.0,mean still think teju,21,4
ham,"No I'm good for the movie, is it ok if I leave in an hourish?",61.0,15.0,good movie ok leave hourish,27,5
ham,No no:)this is kallis home ground.amla home town is durban:),60.0,10.0,kallis home ground amla home town durban,40,7
ham,So lets make it saturday or monday as per convenience.,54.0,10.0,let make saturday monday per convenience,40,6
ham,Hey... What time is your driving on fri? We go for evaluation on fri?,69.0,14.0,hey time driving fri go evaluation fri,38,7
spam,"449050000301 You have won a å£2,000 price! To claim, call 09050000301.",70.0,11.0,price claim call,16,3
ham,I'm going 4 lunch now wif my family then aft dat i go str 2 orchard lor.,72.0,17.0,going lunch wif family aft dat go str orchard lor,49,10
spam,"Bored of speed dating? Try SPEEDCHAT, txt SPEEDCHAT to 80155, if you don't like em txt SWAP and get a new chatter! Chat80155 POBox36504W45WQ 150p/msg rcd 16",156.0,27.0,bored speed dating try speedchat txt speedchat like em txt swap get new chatter chat pobox wq msg rcd,101,19
ham,Cancel cheyyamo?and get some money back?,40.0,6.0,cancel cheyyamo get money back,30,5
spam,Do you want 750 anytime any network mins 150 text and a NEW video phone for only five pounds per week call 08000776320 now or reply for delivery Tomorrow,153.0,29.0,want anytime network min text new video phone five pound per week call reply delivery tomorrow,94,16
ham,Ok.ok ok..then..whats ur todays plan,36.0,5.0,ok ok ok whats ur today plan,28,7
ham,Good morning princess! How are you?,35.0,6.0,good morning princess,21,3
ham,Aiyar sorry lor forgot 2 tell u...,34.0,7.0,aiyar sorry lor forgot tell,27,5
spam,For taking part in our mobile survey yesterday! You can now have 500 texts 2 use however you wish. 2 get txts just send TXT to 80160 T&C www.txt43.com 1.50p,156.0,30.0,taking part mobile survey yesterday text use however wish get txts send txt www txt com,87,16
ham,Not tonight mate. Catching up on some sleep. This is my new number by the way. ,79.0,16.0,tonight mate catching sleep new number way,42,7
ham,"Height of \Oh shit....!!\"" situation: A guy throws a luv letter on a gal but falls on her brothers head whos a gay",114.0,23.0,height oh shit situation guy throw luv letter gal fall brother head who gay,75,14
spam,Ur HMV Quiz cash-balance is currently å£500 - to maximize ur cash-in now send HMV1 to 86688 only 150p/msg,105.0,19.0,ur hmv quiz cash balance currently maximize ur cash send hmv msg,64,12
ham,"So check your errors and if you had difficulties, do correction.",64.0,11.0,check error difficulty correction,33,4
ham,Howz pain?hope u r fine..,25.0,5.0,howz pain hope fine,19,4
ham,"Sorry, I'll call later",22.0,4.0,sorry call later,16,3
ham,Good morning princess! How are you?,35.0,6.0,good morning princess,21,3
ham,"As I entered my cabin my PA said, '' Happy B'day Boss !!''. I felt special. She askd me 4 lunch. After lunch she invited me to her apartment. We went there.",156.0,32.0,entered cabin pa said happy day bos felt special askd lunch lunch invited apartment went,88,15
ham,U wake up already? Thanx 4 e tau sar piah it's quite nice.,58.0,13.0,wake already thanx tau sar piah quite nice,42,8
ham,K do I need a login or anything,31.0,8.0,need login anything,19,3
spam,Dont forget you can place as many FREE Requests with 1stchoice.co.uk as you wish. For more Information call 08707808226.,120.0,19.0,dont forget place many free request stchoice co uk wish information call,72,12
ham,LOL ... No just was busy,24.0,6.0,lol busy,8,2
ham,What * u wearing?,17.0,4.0,wearing,7,1
ham,Message:some text missing* Sender:Name Missing* *Number Missing *Sent:Date missing *Missing U a lot thats y everything is missing sent via fullonsms.com,152.0,21.0,message text missing sender name missing number missing sent date missing missing lot thats everything missing sent via fullonsms com,133,20
ham,Oh:)as usual vijay film or its different?,41.0,7.0,oh usual vijay film different,29,5
spam,I don't know u and u don't know me. Send CHAT to 86688 now and let's find each other! Only 150p/Msg rcvd. HG/Suite342/2Lands/Row/W1J6HL LDN. 18 years or over.,158.0,28.0,know know send chat let find msg rcvd hg suite land row hl ldn year,67,15
ham,Have you had a good day? Mine was really busy are you up to much tomorrow night?,80.0,17.0,good day mine really busy much tomorrow night,45,8
ham,And is there a way you can send shade's stuff to her. And she has been wonderful too.,85.0,18.0,way send shade stuff wonderful,30,5
ham,Really... I tot ur paper ended long ago... But wat u copied jus now got use? U happy lar... I still haf 2 study :-(,115.0,25.0,really tot ur paper ended long ago wat copied jus got use happy lar still haf study,83,17
spam,"Thank you, winner notified by sms. Good Luck! No future marketing reply STOP to 84122 customer services 08450542832",115.0,18.0,thank winner notified sm good luck future marketing reply stop customer service,79,12
ham,Babe ? I lost you ... :-(,25.0,7.0,babe lost,9,2
ham,Ok... Help me ask if she's working tmr a not?,45.0,10.0,ok help ask working tmr,23,5
ham,I'm not driving... Raining! Then i'll get caught at e mrt station lor.,70.0,13.0,driving raining get caught mrt station lor,42,7
ham,Not a drop in the tank,22.0,6.0,drop tank,9,2
ham,(That said can you text him one more time?),43.0,9.0,said text one time,18,4
ham,"Sorry, I'll call later",22.0,4.0,sorry call later,16,3
ham,Ok i go change also...,22.0,5.0,ok go change also,17,4
spam,1000's of girls many local 2 u who r virgins 2 this & r ready 2 4fil ur every sexual need. Can u 4fil theirs? text CUTE to 69911(å£1.50p. m),140.0,30.0,girl many local virgin ready fil ur every sexual need fil text cute,67,13
ham,Did u find a sitter for kaitlyn? I was sick and slept all day yesterday.,72.0,15.0,find sitter kaitlyn sick slept day yesterday,44,7
ham,"Sorry man, accidentally left my phone on silent last night and didn't check it til I got up",91.0,18.0,sorry man accidentally left phone silent last night check til got,65,11
ham,Hey.. Something came up last min.. Think i wun be signing up tmr.. Hee,70.0,14.0,hey something came last min think wun signing tmr hee,53,10
ham,He's an adult and would learn from the experience. There's no real danger. I just dont like peeps using drugs they dont need. But no comment,140.0,26.0,adult would learn experience real danger dont like peep using drug dont need comment,84,14
ham,Hey! There's veggie pizza... :/,31.0,5.0,hey veggie pizza,16,3
ham,Yun buying... But school got offer 2000 plus only...,52.0,9.0,yun buying school got offer plus,32,6
ham,You sure your neighbors didnt pick it up,40.0,8.0,sure neighbor didnt pick,24,4
ham,K. I will sent it again,23.0,6.0,sent,4,1
spam,Free entry in 2 a wkly comp to win FA Cup final tkts 21st May 2005. Text FA to 87121 to receive entry question(std txt rate)T&C's apply 08452810075over18's,155.0,28.0,free entry wkly comp win fa cup final tkts st may text fa receive entry question std txt rate apply,99,20
ham,"New Theory: Argument wins d SITUATION, but loses the PERSON. So dont argue with ur friends just.. . . . kick them &amp",118.0,23.0,new theory argument win situation loses person dont argue ur friend kick amp,76,13
ham,Well. Im computerless. Time to make some oreo truffles,54.0,9.0,well im computerless time make oreo truffle,43,7
ham,"Haha yeah I see that now, be there in a sec",43.0,11.0,haha yeah see sec,17,4
ham,I am not having her number sir,30.0,7.0,number sir,10,2
ham,Lol now I'm after that hot air balloon!,39.0,8.0,lol hot air balloon,19,4
ham,Ok . . now i am in bus. . If i come soon i will come otherwise tomorrow,71.0,18.0,ok bus come soon come otherwise tomorrow,40,7
ham,Msgs r not time pass.They silently say that I am thinking of U right now and also making U think of me at least 4 a moment. Gd nt.swt drms @Shesil,146.0,31.0,msg time pas silently say thinking right also making think least moment gd nt swt drms shesil,93,17
ham,"Yeah, we can probably swing by once my roommate finishes up with his girl",73.0,14.0,yeah probably swing roommate finish girl,40,6
spam,"Got what it takes 2 take part in the WRC Rally in Oz? U can with Lucozade Energy! Text RALLY LE to 61200 (25p), see packs or lucozade.co.uk/wrc & itcould be u!",159.0,32.0,got take take part wrc rally oz lucozade energy text rally le see pack lucozade co uk wrc itcould,97,19
ham,Happy new years melody!,23.0,4.0,happy new year melody,21,4
ham,ÌÏ dun need to pick ur gf?,26.0,7.0,dun need pick ur gf,19,5
ham,Yay! You better not have told that to 5 other girls either.,59.0,12.0,yay better told girl either,27,5
ham,Horrible u eat macs eat until u forgot abt me already rite... U take so long 2 reply. I thk it's more toot than b4 so b prepared. Now wat shall i eat?,150.0,33.0,horrible eat mac eat forgot abt already rite take long reply thk toot prepared wat shall eat,92,17
ham,"Did he say how fantastic I am by any chance, or anything need a bigger life lift as losing the will 2 live, do you think I would be the first person 2 die from N V Q? ",167.0,38.0,say fantastic chance anything need bigger life lift losing live think would first person die,92,15
ham,Just nw i came to hme da..,26.0,7.0,nw came hme da,14,4
ham,"I'm outside islands, head towards hard rock and you'll run into me",66.0,12.0,outside island head towards hard rock run,41,7
ham,To day class is there are no class.,35.0,8.0,day class class,15,3
ham,I'm in chennai velachery:),26.0,4.0,chennai velachery,17,2
ham,You flippin your shit yet?,26.0,5.0,flippin shit yet,16,3
ham,"K give me a sec, breaking a  &lt",32.0,8.0,give sec breaking lt,20,4
ham,Am i that much bad to avoid like this?,38.0,9.0,much bad avoid like,19,4
ham,"Yo, you around? Just got my car back",36.0,8.0,yo around got car back,22,5
ham,Annoying isn't it.,18.0,3.0,annoying,8,1
ham,"Goodmorning, Today i am late for  &lt",37.0,7.0,goodmorning today late lt,25,4
ham,There's no point hangin on to mr not right if he's not makin u happy,68.0,15.0,point hangin mr right makin happy,33,6
ham,All will come alive.better correct any good looking figure there itself..,73.0,11.0,come alive better correct good looking figure,45,7
ham,In that case I guess I'll see you at campus lodge,49.0,11.0,case guess see campus lodge,27,5
ham,We're done...,13.0,2.0,done,4,1
ham,Come to my home for one last time i wont do anything. Trust me.,63.0,14.0,come home one last time wont anything trust,43,8
ham,I was up all night too worrying about this appt. It's a shame we missed a girls night out with quizzes popcorn and you doing my hair.,133.0,27.0,night worrying appt shame missed girl night quiz popcorn hair,61,10
spam,Sex up ur mobile with a FREE sexy pic of Jordan! Just text BABE to 88600. Then every wk get a sexy celeb! PocketBabe.co.uk 4 more pics. 16 å£3/wk 087016248,155.0,30.0,sex ur mobile free sexy pic jordan text babe every wk get sexy celeb pocketbabe co uk pic wk,92,19
ham,Ok... C ya...,13.0,3.0,ok ya,5,2
spam,You have 1 new voicemail. Please call 08719181503,49.0,8.0,new voicemail please call,25,4
ham,What he said is not the matter. My mind saying some other matter is there.,74.0,15.0,said matter mind saying matter,30,5
ham,He also knows about lunch menu only da. . I know,48.0,11.0,also know lunch menu da know,28,6
ham,"Al he does is moan at me if n e thin goes wrong its my fault&al de arguments r my fault&fed up of him of himso y bother? Hav 2go, thanx.xx",138.0,31.0,al moan thin go wrong fault al de argument fault fed himso bother hav go thanx xx,81,17
ham,NEFT Transaction with reference number  &lt,43.0,6.0,neft transaction reference number lt,36,5
ham,Otherwise had part time job na-tuition..,40.0,6.0,otherwise part time job na tuition,34,6
ham,I know she called me,20.0,5.0,know called,11,2
ham,"Me also da, i feel yesterday night  wait til 2day night dear.",61.0,12.0,also da feel yesterday night wait til day night dear,52,10
ham,Thanks for understanding. I've been trying to tell sura that.,61.0,10.0,thanks understanding trying tell sura,37,5
spam,WIN a year supply of CDs 4 a store of ur choice worth å£500 & enter our å£100 Weekly draw txt MUSIC to 87066 Ts&Cs www.Ldew.com.subs16+1win150ppmx3,147.0,26.0,win year supply cd store ur choice worth enter weekly draw txt music t c www ldew com sub win ppmx,98,21
ham,The whole car appreciated the last two! Dad and are having a map reading semi argument but apart from that things are going ok. P.,130.0,25.0,whole car appreciated last two dad map reading semi argument apart thing going ok,81,14
spam,"As a SIM subscriber, you are selected to receive a Bonus! Get it delivered to your door, Txt the word OK to No: 88600 to claim. 150p/msg, EXP. 30Apr",148.0,29.0,sim subscriber selected receive bonus get delivered door txt word ok claim msg exp apr,86,15
ham,I need you to be in my strong arms...,37.0,9.0,need strong arm,15,3
ham,Also maaaan are you missing out,31.0,6.0,also maaaan missing,19,3
ham,His bday real is in april .,27.0,7.0,bday real april,15,3
ham,Guessin you ain't gonna be here before 9?,41.0,8.0,guessin gon na,14,3
ham,Ok then i will come to ur home after half an hour,49.0,12.0,ok come ur home half hour,25,6
ham,"Yo, the game almost over? Want to go to walmart soon",52.0,11.0,yo game almost want go walmart soon,35,7
ham,"Yeah, probably but not sure. Ilol let u know, but personally I wuldnt bother, then again if ur goin to then I mite as well!!",124.0,25.0,yeah probably sure ilol let know personally wuldnt bother ur goin mite well,75,13
ham,I'll text now! All creepy like so he won't think that we forgot,63.0,13.0,text creepy like think forgot,29,5
ham,"that would be good Û_ I'll phone you tomo lunchtime, shall I, to organise something?",85.0,15.0,would good phone tomo lunchtime shall organise something,56,8
spam,You have 1 new voicemail. Please call 08719181513.,50.0,8.0,new voicemail please call,25,4
ham,"Damn, can you make it tonight or do you want to just wait til tomorrow",70.0,15.0,damn make tonight want wait til tomorrow,40,7
ham,K..k..i'm also fine:)when will you complete the course?,55.0,8.0,also fine complete course,25,4
ham,"True. It is passable. And if you get a high score and apply for phd, you get 5years of salary. So it makes life easier.",119.0,25.0,true passable get high score apply phd get year salary make life easier,71,13
spam,No. 1 Nokia Tone 4 ur mob every week! Just txt NOK to 87021. 1st Tone FREE ! so get txtin now and tell ur friends. 150p/tone. 16 reply HL 4info,143.0,31.0,nokia tone ur mob every week txt nok st tone free get txtin tell ur friend tone reply hl info,93,20
ham,Prakesh is there know.,22.0,4.0,prakesh know,12,2
ham,Teach me apps da. When you come to college.,43.0,9.0,teach apps da come college,26,5
ham,Rofl betta invest in some  anti aging products,46.0,8.0,rofl betta invest anti aging product,36,6
spam,You are a winner U have been specially selected 2 receive å£1000 cash or a 4* holiday (flights inc) speak to a live operator 2 claim 0871277810810,146.0,27.0,winner specially selected receive cash holiday flight inc speak live operator claim,83,12
ham,"sir, you will receive the account no another 1hr time. Sorry for the delay.",75.0,14.0,sir receive account another hr time sorry delay,47,8
spam,Reply with your name and address and YOU WILL RECEIVE BY POST a weeks completely free accommodation at various global locations www.phb1.com ph:08700435505150p,159.0,23.0,reply name address receive post week completely free accommodation various global location www phb com ph,105,16
ham,So Ì_'ll be submitting da project tmr rite?,43.0,8.0,submitting da project tmr rite,30,5
spam,FREE entry into our å£250 weekly comp just send the word ENTER to 84128 NOW. 18 T&C www.textcomp.com cust care 08712405020.,123.0,21.0,free entry weekly comp send word enter www textcomp com cust care,65,12
ham,Jus ans me lar. U'll noe later.,31.0,7.0,jus an lar noe later,20,5
ham,I want to send something that can sell fast.  &lt,49.0,10.0,want send something sell fast lt,32,6
ham,have got * few things to do. may be in * pub later.,51.0,13.0,got thing may pub later,23,5
ham,1's finish meeting call me.,27.0,5.0,finish meeting call,19,3
ham,Lol ok. I'll snatch her purse too.,34.0,7.0,lol ok snatch purse,19,4
ham,"\Hello-/@drivby-:0quit edrunk sorry iff pthis makes no senrd-dnot no how ^ dancce 2 drum n basq!ihave fun 2nhite x ros xxxxxxx\""""",129.0,21.0,hello drivby quit edrunk sorry iff pthis make senrd dnot dancce drum basq ihave fun nhite ro xxxxxxx,100,18
ham,Your opinion about me? 1. Over 2. Jada 3. Kusruthi 4. Lovable 5. Silent 6. Spl character 7. Not matured 8. Stylish 9. Simple Pls reply..,136.0,26.0,opinion jada kusruthi lovable silent spl character matured stylish simple pls reply,83,12
ham,How much are we getting?,24.0,5.0,much getting,12,2
ham,Is ur paper in e morn or aft tmr?,33.0,9.0,ur paper morn aft tmr,21,5
ham,"Dear relieved of westonzoyland, all going to plan this end too!",63.0,11.0,dear relieved westonzoyland going plan end,42,6
ham,Hope you are having a great new semester. Do wish you the very best. You are made for greatness.,96.0,19.0,hope great new semester wish best made greatness,48,8
ham,Oh yes I can speak txt 2 u no! Hmm. Did u get  email?,53.0,14.0,oh yes speak txt hmm get email,30,7
ham,"I want to show you the world, princess :) how about europe?",59.0,12.0,want show world princess europe,31,5
ham,Nobody can decide where to eat and dad wants Chinese,52.0,10.0,nobody decide eat dad want chinese,34,6
ham,No shoot me. I'm in the docs waiting room. :/,45.0,10.0,shoot doc waiting room,22,4
ham,Now? I'm going out 4 dinner soon..,34.0,7.0,going dinner soon,17,3
ham,Hello which the site to download songs its urgent pls,53.0,10.0,hello site download song urgent pls,35,6
ham,"I do know what u mean,  is the king of not havin credit! I'm goin2bed now. Night night sweet! Only1more sleep! ",111.0,21.0,know mean king havin credit goin bed night night sweet sleep,60,11
ham,Horrible gal. Me in sch doing some stuff. How come u got mc?,60.0,13.0,horrible gal sch stuff come got mc,34,7
ham,"HI HUN! IM NOT COMIN 2NITE-TELL EVERY1 IM SORRY 4 ME, HOPE U AVA GOODTIME!OLI RANG MELNITE IFINK IT MITE B SORTED,BUT IL EXPLAIN EVERYTHIN ON MON.L8RS.x",152.0,27.0,hi hun im comin nite tell every im sorry hope ava goodtime oli rang melnite ifink mite sorted il explain everythin mon r,120,23
ham,"I call you later, don't have network. If urgnt, sms me.",55.0,11.0,call later network urgnt sm,27,5
ham,Ummmmmaah Many many happy returns of d day my dear sweet heart.. HAPPY BIRTHDAY dear,84.0,15.0,ummmmmaah many many happy return day dear sweet heart happy birthday dear,73,12
spam,Please CALL 08712402779 immediately as there is an urgent message waiting for you,81.0,13.0,please call immediately urgent message waiting,46,6
ham,Yeah like if it goes like it did with my friends imma flip my shit in like half an hour,87.0,20.0,yeah like go like friend imma flip shit like half hour,54,11
ham,Mum say we wan to go then go... Then she can shun bian watch da glass exhibition... ,84.0,17.0,mum say wan go go shun bian watch da glass exhibition,53,11
ham,What your plan for pongal?,26.0,5.0,plan pongal,11,2
ham,Just wait till end of march when el nino gets himself. Oh.,58.0,12.0,wait till end march el nino get oh,34,8
ham,"Not yet chikku..going to room nw, i'm in bus..",46.0,9.0,yet chikku going room nw bus,28,6
ham,Am also doing in cbe only. But have to pay.,43.0,10.0,also cbe pay,12,3
ham,Honey boo I'm missing u.,24.0,5.0,honey boo missing,17,3
ham,"We have sent JD for Customer Service cum Accounts Executive to ur mail id, For details contact us",97.0,18.0,sent jd customer service cum account executive ur mail id detail contact u,74,13
ham,"Yo, I'm at my parents' gettin cash. Good news: we picked up a downstem",70.0,14.0,yo parent gettin cash good news picked downstem,47,8
ham,"Thank you so much. When we skyped wit kz and sura, we didnt get the pleasure of your company. Hope you are good. We've given you ultimatum oh! We are countin down to aburo. Enjoy!",179.0,35.0,thank much skyped wit kz sura didnt get pleasure company hope good given ultimatum oh countin aburo enjoy,105,18
spam,"Hungry gay guys feeling hungry and up 4 it, now. Call 08718730555 just 10p/min. To stop texts call 08712460324 (10p/min)",120.0,20.0,hungry gay guy feeling hungry call min stop text call min,57,11
ham,Ok. No wahala. Just remember that a friend in need ...,54.0,11.0,ok wahala remember friend need,30,5
ham,I will see in half an hour,26.0,7.0,see half hour,13,3
ham,"Im in inperialmusic listening2the weirdest track ever byåÓleafcutter johnåÓ-sounds like insects being molested&someone plumbing,remixed by evil men on acid!",156.0,19.0,im inperialmusic listening weirdest track ever leafcutter john sound like insect molested someone plumbing remixed evil men acid,128,18
ham,\Hey sorry I didntgive ya a a bellearlier hunny,47.0,9.0,hey sorry didntgive ya bellearlier hunny,40,6
ham,SERIOUSLY. TELL HER THOSE EXACT WORDS RIGHT NOW.,48.0,8.0,seriously tell exact word right,31,5
spam,Can U get 2 phone NOW? I wanna chat 2 set up meet Call me NOW on 09096102316 U can cum here 2moro Luv JANE xx Callså£1/minmoremobsEMSPOBox45PO139WA,147.0,27.0,get phone wan na chat set meet call cum moro luv jane xx call minmoremobsemspobox po wa,87,17
ham,"Tee hee. Off to lecture, cheery bye bye.",40.0,8.0,tee hee lecture cheery bye bye,30,6
ham,"Sorry chikku, my cell got some problem thts y i was nt able to reply u or msg u..",81.0,19.0,sorry chikku cell got problem thts nt able reply msg,52,10
ham,If you still havent collected the dough pls let me know so i can go to the place i sent it to get the control number,116.0,26.0,still havent collected dough pls let know go place sent get control number,74,13
ham,Ok...,5.0,1.0,ok,2,1
spam,network operator. The service is free. For T & C's visit 80488.biz,66.0,12.0,network operator service free visit biz,39,6
ham,Let me know how to contact you. I've you settled in a room. Lets know you are ok.,81.0,18.0,let know contact settled room let know ok,41,8
ham,Wot u up 2 u weirdo?,20.0,6.0,wot weirdo,10,2
ham,Can do lor...,13.0,3.0,lor,3,1
ham,Dont put your phone on silent mode ok,37.0,8.0,dont put phone silent mode ok,29,6
ham,Can i meet Ì_ at 5.. As 4 where depends on where Ì_ wan 2 in lor..,66.0,17.0,meet depends wan lor,20,4
ham,Waiting 4 my tv show 2 start lor... U leh still busy doing ur report?,69.0,15.0,waiting tv show start lor leh still busy ur report,50,10
ham,Oh ho. Is this the first time u use these type of words,55.0,13.0,oh ho first time use type word,30,7
ham,Am I the only one who doesn't stalk profiles?,45.0,9.0,one stalk profile,17,3
ham,"Ever green quote ever told by Jerry in cartoon \A Person Who Irritates u Always Is the one Who Loves u Vry Much But Fails to Express It...!..!! :-) :-) gud nyt""",160.0,32.0,ever green quote ever told jerry cartoon person irritates always one love vry much fails express gud nyt,104,18
ham,Yes i thought so. Thanks.,25.0,5.0,yes thought thanks,18,3
ham,But if she.s drinkin i'm ok.,28.0,6.0,drinkin ok,10,2
ham,"Just wondering, the others just took off",40.0,7.0,wondering others took,21,3
ham,"Night has ended for another day, morning has come in a special way. May you smile like the sunny rays and leaves your worries at the blue blue bay. Gud mrng",156.0,31.0,night ended another day morning come special way may smile like sunny ray leaf worry blue blue bay gud mrng,107,20
ham,"What do you do, my dog ? Must I always wait till the end of your day to have word from you ? Did you run out of time on your cell already?",138.0,33.0,dog must always wait till end day word run time cell already,60,12
ham,Happy new year to u too!,24.0,6.0,happy new year,14,3
ham,"Hey...Great deal...Farm tour 9am to 5pm $95/pax, $50 deposit by 16 May",70.0,12.0,hey great deal farm tour pm pax deposit may,43,9
ham,Eat jap done oso aft ur lect wat... ÌÏ got lect at 12 rite... ,62.0,14.0,eat jap done oso aft ur lect wat got lect rite,46,11
ham,"Hey babe! I saw you came online for a second and then you disappeared, what happened ?",86.0,17.0,hey babe saw came online second disappeared happened,52,8
ham,Da my birthdate in certificate is in april but real date is today. But dont publish it. I shall give you a special treat if you keep the secret. Any way thanks for the wishes,174.0,35.0,da birthdate certificate april real date today dont publish shall give special treat keep secret way thanks wish,112,18
ham,Happy birthday... May all ur dreams come true...,48.0,8.0,happy birthday may ur dream come true,37,7
ham,Aiyah u did ok already lar. E nydc at wheellock?,48.0,10.0,aiyah ok already lar nydc wheellock,35,6
ham,TELL HER I SAID EAT SHIT.,25.0,6.0,tell said eat shit,18,4
ham,Sure! I am driving but will reach my destination soon.,54.0,10.0,sure driving reach destination soon,35,5
ham,"K so am I, how much for an 8th? Fifty?",38.0,10.0,much th fifty,13,3
ham,Your daily text from me ÛÒ a favour this time,46.0,10.0,daily text favour time,22,4
ham,Great to hear you are settling well. So what's happenin wit ola?,64.0,12.0,great hear settling well happenin wit ola,41,7
ham,Those cocksuckers. If it makes you feel better ipads are worthless garbage novelty items and you should feel bad for even wanting one,133.0,23.0,cocksucker make feel better ipads worthless garbage novelty item feel bad even wanting one,90,14
ham,I tot u reach liao. He said t-shirt.,36.0,8.0,tot reach liao said shirt,25,5
ham,"FRAN I DECIDED 2 GO N E WAY IM COMPLETELY BROKE AN KNACKERED I GOT UP BOUT 3 C U 2MRW LOVE JANX P.S THIS IS MY DADS FONE, -NO CREDIT",132.0,31.0,fran decided go way im completely broke knackered got bout mrw love janx dad fone credit,88,16
ham,I cant pick the phone right now. Pls send a message,51.0,11.0,cant pick phone right pls send message,38,7
ham,Your right! I'll make the appointment right now.,48.0,8.0,right make appointment right,28,4
ham,Designation is software developer and may be she get chennai:),62.0,10.0,designation software developer may get chennai,46,6
spam,Enjoy the jamster videosound gold club with your credits for 2 new videosounds+2 logos+musicnews! get more fun from jamster.co.uk! 16+only Help? call: 09701213186 ,163.0,23.0,enjoy jamster videosound gold club credit new videosounds logo musicnews get fun jamster co uk help call,104,17
spam,"Get 3 Lions England tone, reply lionm 4 mono or lionp 4 poly. 4 more go 2 www.ringtones.co.uk, the original n best. Tones 3GBP network operator rates apply",155.0,28.0,get lion england tone reply lionm mono lionp poly go www ringtones co uk original best tone gbp network operator rate apply,123,22
ham,I jokin oni lar.. ÌÏ busy then i wun disturb Ì_.,48.0,11.0,jokin oni lar busy wun disturb,30,6
ham,"Ok, be careful ! Don't text and drive !",39.0,9.0,ok careful text drive,21,4
ham,"I.ll always be there, even if its just in spirit. I.ll get a bb soon. Just trying to be sure i need it.",103.0,23.0,always even spirit get bb soon trying sure need,47,9
ham,U r too much close to my heart. If u go away i will be shattered. Plz stay with me.,83.0,20.0,much close heart go away shattered plz stay,43,8
ham,I love u 2 babe! R u sure everything is alrite. Is he being an idiot? Txt bak girlie,84.0,19.0,love babe sure everything alrite idiot txt bak girlie,53,9
ham,How abt making some of the pics bigger?,39.0,8.0,abt making pic bigger,21,4
ham,Got but got 2 colours lor. One colour is quite light n e other is darker lor. Actually i'm done she's styling my hair now.,122.0,25.0,got got colour lor one colour quite light darker lor actually done styling hair,79,14
ham,"Whenevr ur sad, Whenevr ur gray, Remembr im here 2 listn 2 watevr u wanna say, Jus walk wid me a little while,&amp",114.0,23.0,whenevr ur sad whenevr ur gray remembr im listn watevr wan na say jus walk wid little amp,89,18
ham,Why nothing. Ok anyway give me treat,36.0,7.0,nothing ok anyway give treat,28,5
spam,"Win the newest ÛÏHarry Potter and the Order of the Phoenix (Book 5) reply HARRY, answer 5 questions - chance to be the first among readers!",140.0,26.0,win newest harry potter order phoenix book reply harry answer question chance first among reader,96,15
ham,Ok...,5.0,1.0,ok,2,1
ham,Correct. So how was work today,30.0,6.0,correct work today,18,3
ham,"Just sent again. Do you scream and moan in bed, princess?",57.0,11.0,sent scream moan bed princess,29,5
ham,"I wake up long ago already... Dunno, what other thing?",54.0,10.0,wake long ago already dunno thing,33,6
ham,Oh just getting even with u.... u?,34.0,7.0,oh getting even,15,3
ham,I thk 50 shd be ok he said plus minus 10.. Did Ì_ leave a line in between paragraphs?,85.0,19.0,thk shd ok said plus minus leave line paragraph,47,9
ham,Can you call me plz. Your number shows out of coveragd area. I have urgnt call in vasai &amp,92.0,19.0,call plz number show coveragd area urgnt call vasai amp,55,10
ham,Yeah jay's sort of a fucking retard,35.0,7.0,yeah jay sort fucking retard,28,5
ham,"Sorry, was in the bathroom, sup",31.0,6.0,sorry bathroom sup,18,3
spam,Ur balance is now å£500. Ur next question is: Who sang 'Uptown Girl' in the 80's ? 2 answer txt ur ANSWER to 83600. Good luck!,126.0,26.0,ur balance ur next question sang uptown girl answer txt ur answer good luck,75,14
ham,My exam is for february 4. Wish you a great day.,48.0,11.0,exam february wish great day,28,5
ham,I dont know what to do to come out of this so only am ask questions like this dont mistake me.,94.0,21.0,dont know come ask question like dont mistake,45,8
ham,"Aight no rush, I'll ask jay",27.0,6.0,aight rush ask jay,18,4
ham,Good Morning plz call me sir,28.0,6.0,good morning plz call sir,25,5
ham,It's ok lar. U sleep early too... Nite...,41.0,8.0,ok lar sleep early nite,23,5
ham,"Oh... Icic... K lor, den meet other day...",42.0,8.0,oh icic lor den meet day,24,6
ham,"Oh ! A half hour is much longer in Syria than Canada, eh ? Wow you must get SO much more work done in a day than us with all that extra time ! *grins*",150.0,35.0,oh half hour much longer syria canada eh wow must get much work done day u extra time grin,90,19
ham,"Sometimes we put walls around our hearts,not just to be safe from getting hurt.. But to find out who cares enough to break the walls &amp",137.0,26.0,sometimes put wall around heart safe getting hurt find care enough break wall amp,81,14
ham,"Sweet, we may or may not go to 4U to meet carlos so gauge patty's interest in that",82.0,18.0,sweet may may go meet carlos gauge patty interest,49,9
ham,Then she buying today? ÌÏ no need to c meh...,45.0,10.0,buying today need meh,21,4
ham,Aight sorry I take ten years to shower. What's the plan?,56.0,11.0,aight sorry take ten year shower plan,37,7
ham,Every monday..nxt week vl be completing..,41.0,6.0,every monday nxt week vl completing,35,6
ham,Might ax well im there.,23.0,5.0,might ax well im,16,4
ham,Just chill for another 6hrs. If you could sleep the pain is not a surgical emergency so see how it unfolds. Okay,112.0,22.0,chill another hr could sleep pain surgical emergency see unfolds okay,69,11
ham,Yeah I'll try to scrounge something up,38.0,7.0,yeah try scrounge something,27,4
ham,Crazy ar he's married. ÌÏ like gd looking guys not me. My frens like say he's korean leona's fave but i dun thk he is. Aft some thinking mayb most prob i'll go.,160.0,33.0,crazy ar married like gd looking guy frens like say korean leona fave dun thk aft thinking mayb prob go,103,20
ham,Were somewhere on Fredericksburg,32.0,4.0,somewhere fredericksburg,24,2
ham,Que pases un buen tiempo or something like that,47.0,9.0,que pas un buen tiempo something like,37,7
ham,Is it ok if I stay the night here? Xavier has a sleeping bag and I'm getting tired,82.0,18.0,ok stay night xavier sleeping bag getting tired,47,8
ham,She doesnt need any test.,25.0,5.0,doesnt need test,16,3
ham,"Nothing much, chillin at home. Any super bowl plan?",51.0,9.0,nothing much chillin home super bowl plan,41,7
spam,"FREE2DAY sexy St George's Day pic of Jordan!Txt PIC to 89080 dont miss out, then every wk a saucy celeb!4 more pics c PocketBabe.co.uk 0870241182716 å£3/wk",155.0,26.0,free day sexy st george day pic jordan txt pic dont miss every wk saucy celeb pic pocketbabe co uk wk,101,21
ham,Bugis oso near wat... ,22.0,4.0,bugis oso near wat,18,4
ham,Yo theres no class tmrw right?,30.0,6.0,yo there class tmrw right,25,5
ham,Let Ur Heart Be Ur Compass Ur Mind Ur Map Ur Soul Ur Guide And U Will Never loose in world....gnun - Sent via WAY2SMS.COM,121.0,25.0,let ur heart ur compass ur mind ur map ur soul ur guide never loose world gnun sent via way sm com,98,22
ham,"Goodnight, sleep well da please take care pa. Please.",53.0,9.0,goodnight sleep well da please take care pa please,50,9
ham,Baaaaabe! I misss youuuuu ! Where are you ? I have to go and teach my class at 5 ...,84.0,20.0,baaaaabe miss youuuuu go teach class,36,6
ham,Convey my regards to him,24.0,5.0,convey regard,13,2
ham,U ned to convince him tht its not possible witot hurting his feeling its the main,81.0,16.0,ned convince tht possible witot hurting feeling main,52,8
ham,"Good afternoon loverboy ! How goes you day ? Any luck come your way? I think of you, sweetie and send my love across the sea to make you smile and happy",152.0,32.0,good afternoon loverboy go day luck come way think sweetie send love across sea make smile happy,96,17
ham,If i start sending blackberry torch to nigeria will you find buyer for me?like 4a month. And tell dad not to buy bb from anyone oh.,131.0,26.0,start sending blackberry torch nigeria find buyer like month tell dad buy bb anyone oh,86,15
ham,&lt,3.0,1.0,lt,2,1
ham,Yo dude guess who just got arrested the other day,49.0,10.0,yo dude guess got arrested day,30,6
ham,Shuhui say change 2 suntec steamboat? U noe where? Where r u now?,65.0,13.0,shuhui say change suntec steamboat noe,38,6
ham,What does the dance river do?,29.0,6.0,dance river,11,2
ham,"Yetunde, i'm sorry but moji and i seem too busy to be able to go shopping. Can you just please find some other way to get what you wanted us to get. Please forgive me. You can reply free via yahoo messenger.",207.0,42.0,yetunde sorry moji seem busy able go shopping please find way get wanted u get please forgive reply free via yahoo messenger,124,22
ham,Hey i will be really pretty late... You want to go for the lesson first? I will join you. I'm only reaching tp mrt,114.0,24.0,hey really pretty late want go lesson first join reaching tp mrt,64,12
spam,"HOT LIVE FANTASIES call now 08707509020 Just 20p per min NTT Ltd, PO Box 1327 Croydon CR9 5WB 0870..k",101.0,19.0,hot live fantasy call per min ntt ltd po box croydon cr wb,58,13
ham,Bbq this sat at mine from 6ish. Ur welcome 2 come,49.0,11.0,bbq sat mine ish ur welcome come,32,7
ham,"I don't know, same thing that's wrong everyso often, he panicks starts goin on bout not bein good enough Û_",108.0,20.0,know thing wrong everyso often panicks start goin bout bein good enough,71,12
ham,Alright. I'm out--have a good night!,36.0,6.0,alright good night,18,3
ham,Did you try making another butt.,32.0,6.0,try making another butt,23,4
ham,Hope you are feeling great. Pls fill me in. Abiola,50.0,10.0,hope feeling great pls fill abiola,34,6
ham,I though we shd go out n have some fun so bar in town or something ÛÒ sound ok?,80.0,19.0,though shd go fun bar town something sound ok,45,9
ham,"1) Go to write msg 2) Put on Dictionary mode 3)Cover the screen with hand, 4)Press  &lt",87.0,17.0,go write msg put dictionary mode cover screen hand press lt,59,11
spam,"Bears Pic Nick, and Tom, Pete and ... Dick. In fact, all types try gay chat with photo upload call 08718730666 (10p/min). 2 stop texts call 08712460324",151.0,27.0,bear pic nick tom pete dick fact type try gay chat photo upload call min stop text call,87,18
spam,"500 New Mobiles from 2004, MUST GO! Txt: NOKIA to No: 89545 & collect yours today!From ONLY å£1 www.4-tc.biz 2optout 087187262701.50gbp/mtmsg18 TXTAUCTION",154.0,22.0,new mobile must go txt nokia collect today www tc biz optout gbp mtmsg txtauction,81,15
ham,We're finally ready fyi,23.0,4.0,finally ready fyi,17,3
ham,Auntie huai juan never pick up her phone,40.0,8.0,auntie huai juan never pick phone,33,6
spam,Double Mins & Double Txt & 1/2 price Linerental on Latest Orange Bluetooth mobiles. Call MobileUpd8 for the very latest offers. 08000839402 or call2optout/LF56,159.0,24.0,double min double txt price linerental latest orange bluetooth mobile call mobileupd latest offer call optout lf,112,17
ham,"Ya tel, wats ur problem..",25.0,5.0,ya tel wats ur problem,22,5
spam,No. 1 Nokia Tone 4 ur mob every week! Just txt NOK to 87021. 1st Tone FREE ! so get txtin now and tell ur friends. 150p/tone. 16 reply HL 4info,143.0,31.0,nokia tone ur mob every week txt nok st tone free get txtin tell ur friend tone reply hl info,93,20
ham,i dnt wnt to tlk wid u,22.0,7.0,dnt wnt tlk wid,15,4
ham,"We spend our days waiting for the ideal path to appear in front of us.. But what we forget is.. \paths are made by walking.. not by waiting..\"" Goodnight!""",155.0,29.0,spend day waiting ideal path appear front u forget path made walking waiting goodnight,86,14
ham,Its ok my arm is feeling weak cuz i got a shot so we can go another time,72.0,18.0,ok arm feeling weak cuz got shot go another time,48,10
ham,Please reserve ticket on saturday eve from chennai to thirunelvali and again from tirunelvali to chennai on sunday eve...i already see in net..no ticket available..i want to book ticket through tackle ..,203.0,32.0,please reserve ticket saturday eve chennai thirunelvali tirunelvali chennai sunday eve already see net ticket available want book ticket tackle,143,20
ham,"Storming msg: Wen u lift d phne, u say \HELLO\"" Do u knw wt is d real meaning of HELLO?? . . . It's d name of a girl..! . . . Yes.. And u knw who is dat girl?? \""Margaret Hello\"" She is d girlfrnd f Grahmbell who invnted telphone... . . . . Moral:One can 4get d name of a person",278.0,63.0,storming msg wen lift phne say hello knw wt real meaning hello name girl yes knw dat girl margaret hello girlfrnd grahmbell invnted telphone moral one get name person,166,29
ham,That's ok. I popped in to ask bout something and she said you'd been in. Are you around tonght wen this girl comes?,115.0,23.0,ok popped ask bout something said around tonght wen girl come,61,11
ham,All e best 4 ur exam later.,27.0,7.0,best ur exam later,18,4
ham,Hope ur head doesn't hurt 2 much ! Am ploughing my way through a pile of ironing ! Staying in with a chinky tonight come round if you like.,139.0,29.0,hope ur head hurt much ploughing way pile ironing staying chinky tonight come round like,88,15
ham,Oh k.i think most of wi and nz players unsold.,46.0,10.0,oh think wi nz player unsold,28,6
ham,"Haha... Where got so fast lose weight, thk muz go 4 a month den got effect... Gee,later we go aust put bk e weight.",115.0,24.0,haha got fast lose weight thk muz go month den got effect gee later go aust put bk weight,89,19
ham,"I wonder how you got online, my love ? Had you gone to the net cafe ? Did you get your phone recharged ? Were you on a friends net ? I think of you, boytoy",155.0,36.0,wonder got online love gone net cafe get phone recharged friend net think boytoy,80,14
ham,"Haha just kidding, papa needs drugs",35.0,6.0,haha kidding papa need drug,27,5
ham,"Thk shld b can... Ya, i wana go 4 lessons... Haha, can go for one whole stretch...",82.0,17.0,thk shld ya wana go lesson haha go one whole stretch,52,11
ham,Oh ok..,7.0,2.0,oh ok,5,2
ham,R we still meeting 4 dinner tonight?,36.0,7.0,still meeting dinner tonight,28,4
ham,Thats cool! I am a gentleman and will treat you with dignity and respect.,73.0,14.0,thats cool gentleman treat dignity respect,42,6
ham,Shall i start from hear.,24.0,5.0,shall start hear,16,3
ham,Then we wait 4 u lor... No need 2 feel bad lar...,49.0,12.0,wait lor need feel bad lar,26,6
ham,No did you check? I got his detailed message now,48.0,10.0,check got detailed message,26,4
ham,You have registered Sinco as Payee. Log in at icicibank.com and enter URN  &lt,78.0,14.0,registered sinco payee log icicibank com enter urn lt,53,9
ham,"No, I decided that only people who care about stuff vote and caring about stuff is for losers",93.0,18.0,decided people care stuff vote caring stuff loser,49,8
ham,Kaiez... Enjoy ur tuition... Gee... Thk e second option sounds beta... I'll go yan jiu den msg u...,99.0,18.0,kaiez enjoy ur tuition gee thk second option sound beta go yan jiu den msg,74,15
ham,You have registered Sinco as Payee. Log in at icicibank.com and enter URN  &lt,78.0,14.0,registered sinco payee log icicibank com enter urn lt,53,9
ham,cool. We will have fun practicing making babies!,48.0,8.0,cool fun practicing making baby,31,5
ham,Actually getting ready to leave the house.,42.0,7.0,actually getting ready leave house,34,5
ham,K..k..any special today?,24.0,3.0,special today,13,2
spam,"URGENT, IMPORTANT INFORMATION FOR O2 USER. TODAY IS YOUR LUCKY DAY! 2 FIND OUT WHY LOG ONTO HTTP://WWW.URAWINNER.COM THERE IS A FANTASTIC SURPRISE AWAITING FOR YOU",163.0,26.0,urgent important information user today lucky day find log onto http www urawinner com fantastic surprise awaiting,114,17
ham,Then we gotta do it after that,30.0,7.0,got ta,6,2
ham,"I've got ten bucks, jay is being noncomittal",44.0,8.0,got ten buck jay noncomittal,28,5
ham,Where at were hungry too,24.0,5.0,hungry,6,1
ham,Pls speak to that customer machan.,34.0,6.0,pls speak customer machan,25,4
ham,somewhere out there beneath the pale moon light someone think in of u some where out there where dreams come true... goodnite &amp,130.0,23.0,somewhere beneath pale moon light someone think dream come true goodnite amp,76,12
ham,"Wen ur lovable bcums angry wid u, dnt take it seriously.. Coz being angry is d most childish n true way of showing deep affection, care n luv!.. kettoda manda... Have nice day da.",179.0,34.0,wen ur lovable bcums angry wid dnt take seriously coz angry childish true way showing deep affection care luv kettoda manda nice day da,135,24
spam,Dear U've been invited to XCHAT. This is our final attempt to contact u! Txt CHAT to 86688 150p/MsgrcvdHG/Suite342/2Lands/Row/W1J6HL LDN 18 yrs,143.0,22.0,dear invited xchat final attempt contact txt chat msgrcvdhg suite land row hl ldn yr,84,15
ham,So wats ur opinion abt him and how abt is character?,52.0,11.0,wats ur opinion abt abt character,33,6
ham,Jay is snickering and tells me that x is totally fucking up the chords as we speak,82.0,17.0,jay snickering tell totally fucking chord speak,47,7
ham,No..few hours before.went to hair cut .,39.0,7.0,hour went hair cut,18,4
ham,No wonder... Cos i dun rem seeing a silver car... But i thk i saw a black one...,80.0,18.0,wonder co dun rem seeing silver car thk saw black one,53,11
ham,Lmao. Take a pic and send it to me.,35.0,9.0,lmao take pic send,18,4
ham,"\Speak only when you feel your words are better than the silence...\"" Gud mrng:-)""",82.0,14.0,speak feel word better silence gud mrng,39,7
ham,No. She's currently in scotland for that.,41.0,7.0,currently scotland,18,2
ham,Do you work all this week ?,27.0,7.0,work week,9,2
spam,Congratulations ur awarded either å£500 of CD gift vouchers & Free entry 2 our å£100 weekly draw txt MUSIC to 87066 TnCs www.Ldew.com 1 win150ppmx3age16,152.0,25.0,congratulation ur awarded either cd gift voucher free entry weekly draw txt music tncs www ldew com win ppmx age,112,20
ham,Lol great now im getting hungry.,32.0,6.0,lol great im getting hungry,27,5
ham,Yes.. now only saw your message..,33.0,6.0,yes saw message,15,3
ham,I'll be at mu in like  &lt,26.0,7.0,mu like lt,10,3
ham,Ok...,5.0,1.0,ok,2,1
ham,THING R GOOD THANX GOT EXAMS IN MARCH IVE DONE NO REVISION? IS FRAN STILL WITH BOYF? IVE GOTTA INTERVIW 4 EXETER BIT WORRIED!x,126.0,24.0,thing good thanx got exam march ive done revision fran still boyf ive got ta interviw exeter bit worried,104,19
ham,"Tell you what, if you make a little spreadsheet and track whose idea it was to smoke to determine who \smokes too much\"" for the entire month of february",153.0,29.0,tell make little spreadsheet track whose idea smoke determine smoke much entire month february,94,14
spam,For sale - arsenal dartboard. Good condition but no doubles or trebles!,71.0,12.0,sale arsenal dartboard good condition double treble,51,7
ham,Don't look back at the building because you have no coat and i don't want you to get more sick. Just hurry home and wear a coat to the gym!!!,141.0,30.0,look back building coat want get sick hurry home wear coat gym,62,12
ham,"My painful personal thought- \I always try to keep everybody happy all the time. But nobody recognises me when i am alone\""""",124.0,22.0,painful personal thought always try keep everybody happy time nobody recognises alone,85,12
ham,Thanks for ve lovely wisheds. You rock,38.0,7.0,thanks lovely wisheds rock,26,4
ham,You intrepid duo you! Have a great time and see you both soon. ,63.0,13.0,intrepid duo great time see soon,32,6
ham,I asked sen to come chennai and search for job.,47.0,10.0,asked sen come chennai search job,33,6
ham,Dad went out oredi... ,22.0,4.0,dad went oredi,14,3
ham,"I jus hope its true that  missin me cos i'm really missin him! You haven't done anything to feel guilty about, yet.",115.0,22.0,jus hope true missin co really missin done anything feel guilty yet,67,12
ham,Wat so late still early mah. Or we juz go 4 dinner lor. Aiya i dunno...,71.0,16.0,wat late still early mah juz go dinner lor aiya dunno,53,11
ham,"Arms fine, how's Cardiff and uni? ",34.0,6.0,arm fine cardiff uni,20,4
ham,In fact when do you leave? I think addie goes back to school tues or wed,72.0,16.0,fact leave think addie go back school tues wed,46,9
ham,Cool breeze... Bright sun... Fresh flower... Twittering birds... All these waiting to wish u: \GOODMORNING &amp,111.0,16.0,cool breeze bright sun fresh flower twittering bird waiting wish goodmorning amp,80,12
ham,Ya:)going for restaurant..,26.0,3.0,ya going restaurant,19,3
ham,"Its ok., i just askd did u knw tht no?",38.0,10.0,ok askd knw tht,15,4
spam,Free 1st week entry 2 TEXTPOD 4 a chance 2 win 40GB iPod or å£250 cash every wk. Txt POD to 84128 Ts&Cs www.textpod.net custcare 08712405020.,141.0,26.0,free st week entry textpod chance win gb ipod cash every wk txt pod t c www textpod net custcare,96,20
ham,Those ducking chinchillas,25.0,3.0,ducking chinchilla,18,2
ham,I am in a marriage function,27.0,6.0,marriage function,17,2
ham,Looks like u wil b getting a headstart im leaving here bout 2.30ish but if u r desperate for my company I could head in earlier-we were goin to meet in rummer.,159.0,32.0,look like wil getting headstart im leaving bout ish desperate company could head earlier goin meet rummer,105,17
ham,DonÛ÷t give a flying monkeys wot they think and I certainly donÛ÷t mind. Any friend of mine and all that!,107.0,20.0,give flying monkey wot think certainly mind friend mine,55,9
spam,As a registered optin subscriber ur draw 4 å£100 gift voucher will be entered on receipt of a correct ans to 80062 Whats No1 in the BBC charts,142.0,28.0,registered optin subscriber ur draw gift voucher entered receipt correct an whats bbc chart,91,14
ham,say thanks2. ,13.0,2.0,say thanks,10,2
ham,Msg me when rajini comes.,25.0,5.0,msg rajini come,15,3
ham,Ya! when are Ì_ taking ure practical lessons? I start in june..  ,65.0,12.0,ya taking ure practical lesson start june,41,7
ham,"That's good, because I need drugs",33.0,6.0,good need drug,14,3
ham,Stupid.its not possible,23.0,3.0,stupid possible,15,2
ham,Can Ì_ all decide faster cos my sis going home liao..,53.0,11.0,decide faster co si going home liao,35,7
spam,Summers finally here! Fancy a chat or flirt with sexy singles in yr area? To get MATCHED up just reply SUMMER now. Free 2 Join. OptOut txt STOP Help08714742804,159.0,29.0,summer finally fancy chat flirt sexy single yr area get matched reply summer free join optout txt stop help,107,19
ham,U sleeping now.. Or you going to take? Haha.. I got spys wat.. Me online checking n replying mails lor..,104.0,20.0,sleeping going take haha got spy wat online checking replying mail lor,70,12
spam,CLAIRE here am havin borin time & am now alone U wanna cum over 2nite? Chat now 09099725823 hope 2 C U Luv CLAIRE xx Callså£1/minmoremobsEMSPOBox45PO139WA,154.0,26.0,claire havin borin time alone wan na cum nite chat hope luv claire xx call minmoremobsemspobox po wa,100,18
ham,"Fighting with the world is easy, u either win or lose bt fightng with some1 who is close to u is dificult if u lose - u lose if u win - u still lose.",149.0,35.0,fighting world easy either win lose bt fightng close dificult lose lose win still lose,86,15
spam,Bought one ringtone and now getting texts costing 3 pound offering more tones etc,81.0,14.0,bought one ringtone getting text costing pound offering tone etc,64,10
ham,"Yalru lyfu astne chikku.. Bt innu mundhe lyf ali halla ke bilo (marriage)program edhae, so lyf is nt yet ovr chikku..ali vargu lyfu meow meow:-D",144.0,25.0,yalru lyfu astne chikku bt innu mundhe lyf ali halla ke bilo marriage program edhae lyf nt yet ovr chikku ali vargu lyfu meow meow,130,25
ham,Kinda. First one gets in at twelve! Aah. Speak tomo,51.0,10.0,kinda first one get twelve aah speak tomo,41,8
spam,"09066362231 URGENT! Your mobile No 07xxxxxxxxx won a å£2,000 bonus caller prize on 02/06/03! this is the 2nd attempt to reach YOU! call 09066362231 ASAP!",153.0,25.0,urgent mobile xxxxxxxxx bonus caller prize nd attempt reach call asap,69,11
ham,Ok good then i later come find Ì_... C lucky i told Ì_ to go earlier... Later pple take finish Ì_ no more again...,114.0,24.0,ok good later come find lucky told go earlier later pple take finish,68,13
ham,Wat makes u thk i'll fall down. But actually i thk i'm quite prone 2 falls. Lucky my dad at home i ask him come n fetch me already.,131.0,29.0,wat make thk fall actually thk quite prone fall lucky dad home ask come fetch already,85,16
spam,"YOU 07801543489 are guaranteed the latests Nokia Phone, a 40GB iPod MP3 player or a å£500 prize! Txt word:COLLECT to No:83355! TC-LLC NY-USA 150p/Mt msgrcvd18+",159.0,25.0,guaranteed latest nokia phone gb ipod mp player prize txt word collect tc llc ny usa mt msgrcvd,95,18
ham,Your account has been refilled successfully by INR  &lt,55.0,9.0,account refilled successfully inr lt,36,5
ham,I wont touch you with out your permission.,42.0,8.0,wont touch permission,21,3
spam,Hi its LUCY Hubby at meetins all day Fri & I will B alone at hotel U fancy cumin over? Pls leave msg 2day 09099726395 Lucy x Callså£1/minMobsmoreLKPOBOX177HP51FL,161.0,28.0,hi lucy hubby meetins day fri alone hotel fancy cumin pls leave msg day lucy call minmobsmorelkpobox hp fl,106,19
ham,"7 wonders in My WORLD 7th You 6th Ur style 5th Ur smile 4th Ur Personality 3rd Ur Nature 2nd Ur SMS and 1st \Ur Lovely Friendship\""... good morning dear""",153.0,30.0,wonder world th th ur style th ur smile th ur personality rd ur nature nd ur sm st ur lovely friendship good morning dear,121,25
ham,Take some small dose tablet for fever,37.0,7.0,take small dose tablet fever,28,5
ham,Oh. U must have taken your REAL Valentine out shopping first.,61.0,11.0,oh must taken real valentine shopping first,43,7
ham,"Just sent you an email ÛÒ to an address with incomm in it, is that right?",74.0,16.0,sent email address incomm right,31,5
ham,"Will do, you gonna be at blake's all night? I might be able to get out of here a little early",93.0,21.0,gon na blake night might able get little early,46,9
ham,"Friendship is not a game to play, It is not a word to say, It doesn\'t start on March and ends on May, It is tomorrow, yesterday, today and e",141.0,30.0,friendship game play word say start march end may tomorrow yesterday today,74,12
ham,"Nice. Wait...should you be texting right now? I'm not gonna pay your ticket, ya know!",85.0,15.0,nice wait texting right gon na pay ticket ya know,49,10
ham,I'm watching lotr w my sis dis aft. So u wan 2 meet me 4 dinner at nite a not?,78.0,20.0,watching lotr si dis aft wan meet dinner nite,45,9
ham,Why you keeping me away like this,33.0,7.0,keeping away like,17,3
ham,I think its far more than that but find out. Check google maps for a place from your dorm.,90.0,19.0,think far find check google map place dorm,42,8
ham,My trip was ok but quite tiring lor. Uni starts today but it's ok 4 me cos i'm not taking any modules but jus concentrating on my final yr project.,147.0,30.0,trip ok quite tiring lor uni start today ok co taking module jus concentrating final yr project,95,17
ham,Have you always been saying welp?,33.0,6.0,always saying welp,18,3
ham,"I'm a guy, browsin is compulsory",32.0,6.0,guy browsin compulsory,22,3
ham,Ok...,5.0,1.0,ok,2,1
ham,Purity of friendship between two is not about smiling after reading the forwarded message..Its about smiling just by seeing the name. Gud evng musthu,149.0,24.0,purity friendship two smiling reading forwarded message smiling seeing name gud evng musthu,91,13
ham,"Sorry, I'll call later",22.0,4.0,sorry call later,16,3
ham,"(I should add that I don't really care and if you can't I can at least get this dude to fuck off but hey, your money if you want it)",132.0,30.0,add really care least get dude fuck hey money want,50,10
ham,"Hello lover! How goes that new job? Are you there now? Are you happy? Do you think of me? I wake, my slave and send you a teasing kiss from across the sea",154.0,33.0,hello lover go new job happy think wake slave send teasing kiss across sea,74,14
ham,I told your number to gautham..,31.0,6.0,told number gautham,19,3
ham,Tell them no need to investigate about me anywhere.,51.0,9.0,tell need investigate anywhere,30,4
ham,Ok i juz receive..,18.0,4.0,ok juz receive,14,3
ham,"Cant believe i said so many things to you this morning when all i really wanted to say was good morning, i love you! Have a beautiful morning. See you in the library later.",172.0,34.0,cant believe said many thing morning really wanted say good morning love beautiful morning see library later,108,17
spam,"Your account has been credited with 500 FREE Text Messages. To activate, just txt the word: CREDIT to No: 80488 T&Cs www.80488.biz",130.0,22.0,account credited free text message activate txt word credit c www biz,69,12
ham,In the end she might still vomit but its okay. Not everything will come out.,76.0,15.0,end might still vomit okay everything come,42,7
ham,How are you with moneY...as in to you...money aint a thing....how are you sha!,78.0,14.0,money money aint thing sha,26,5
ham,It has everything to do with the weather. Keep extra warm. Its a cold but nothing serious. Pls lots of vitamin c,112.0,22.0,everything weather keep extra warm cold nothing serious pls lot vitamin,71,11
ham,Hey gals.. Anyone of u going down to e driving centre tmr?,58.0,12.0,hey gal anyone going driving centre tmr,39,7
ham,I'm always on yahoo messenger now. Just send the message to me and i.ll get it you may have to send it in the mobile mode sha but i.ll get it. And will reply.,158.0,34.0,always yahoo messenger send message get may send mobile mode sha get reply,74,13
ham,I'm putting it on now. It should be ready for  &lt,50.0,11.0,putting ready lt,16,3
ham,"Time n Smile r the two crucial things in our life. Sometimes time makes us to forget smile, and sometimes someone's smile makes us to forget time gud noon",154.0,29.0,time smile two crucial thing life sometimes time make u forget smile sometimes someone smile make u forget time gud noon,120,21
spam,"SMS. ac JSco: Energy is high, but u may not know where 2channel it. 2day ur leadership skills r strong. Psychic? Reply ANS w/question. End? Reply END JSCO",154.0,28.0,sm ac jsco energy high may know channel day ur leadership skill strong psychic reply an question end reply end jsco,115,21
ham,Host-based IDPS for linux systems.,34.0,5.0,host based idp linux system,27,5
spam,"HOT LIVE FANTASIES call now 08707509020 Just 20p per min NTT Ltd, PO Box 1327 Croydon CR9 5WB 0870 is a national rate call",122.0,24.0,hot live fantasy call per min ntt ltd po box croydon cr wb national rate call,77,16
ham,Don no da:)whats you plan?,26.0,5.0,da whats plan,13,3
ham,Ill be there on  &lt,20.0,5.0,ill lt,6,2
ham,Oh my God. I'm almost home,26.0,6.0,oh god almost home,18,4
ham,Total video converter free download type this in google search:),64.0,10.0,total video converter free download type google search,54,8
spam,Thanks for the Vote. Now sing along with the stars with Karaoke on your mobile. For a FREE link just reply with SING now.,121.0,24.0,thanks vote sing along star karaoke mobile free link reply sing,63,11
ham,"Wen ur lovable bcums angry wid u, dnt take it seriously.. Coz being angry is d most childish n true way of showing deep affection, care n luv!.. kettoda manda... Have nice day da.",179.0,34.0,wen ur lovable bcums angry wid dnt take seriously coz angry childish true way showing deep affection care luv kettoda manda nice day da,135,24
ham,Sounds like something that someone testing me would sayy,56.0,9.0,sound like something someone testing would sayy,47,7
ham,When u love someone Dont make them to love u as much as u do. But Love them so much that they dont want to be loved by anyone except you... Gud nit.,148.0,33.0,love someone dont make love much love much dont want loved anyone except gud nit,80,15
ham,"Pete,is this your phone still? Its Jenny from college and Leanne.what are you up to now?:)",90.0,16.0,pete phone still jenny college leanne,37,6
ham,Oops sorry. Just to check that you don't mind picking me up tomo at half eight from station. Would that be ok?,110.0,22.0,oops sorry check mind picking tomo half eight station would ok,62,11
ham,"Hey sweet, I was wondering when you had a moment if you might come to me ? I want to send a file to someone but it won't go over yahoo for them because their connection sucks, remember when you set up that page for me to go to and download the format disc ? Could you tell me how to do that ? Or do you know some other way to download big files ? Because they can download stuff directly from the internet. Any help would be great, my prey ... *teasing kiss*",458.0,95.0,hey sweet wondering moment might come want send file someone go yahoo connection suck remember set page go download format disc could tell know way download big file download stuff directly internet help would great prey teasing kiss,233,38
ham,Hows the champ just leaving glasgow!,36.0,6.0,hows champ leaving glasgow,26,4
ham,K:)all the best:)congrats...,28.0,3.0,best congrats,13,2
ham,I wonder if you'll get this text?,33.0,7.0,wonder get text,15,3
ham,I need to come home and give you some good lovin...,51.0,11.0,need come home give good lovin,30,6
spam,Our brand new mobile music service is now live. The free music player will arrive shortly. Just install on your phone to browse content from the top artists.,157.0,28.0,brand new mobile music service live free music player arrive shortly install phone browse content top artist,108,17
ham,Shall i ask one thing if you dont mistake me.,45.0,10.0,shall ask one thing dont mistake,32,6
ham,Check wid corect speling i.e. Sarcasm,37.0,6.0,check wid corect speling sarcasm,32,5
spam,"URGENT! Your Mobile No was awarded a å£2,000 Bonus Caller Prize on 1/08/03! This is our 2nd attempt to contact YOU! Call 0871-4719-523 BOX95QU BT National Rate",159.0,27.0,urgent mobile awarded bonus caller prize nd attempt contact call box qu bt national rate,88,15
ham,Are you angry with me. What happen dear,39.0,8.0,angry happen dear,17,3
ham,I thk u dun haf 2 hint in e forum already lor... Cos i told ron n darren is going 2 tell shuhui.,96.0,23.0,thk dun haf hint forum already lor co told ron darren going tell shuhui,71,14
ham,Yup ok thanx...,15.0,3.0,yup ok thanx,12,3
ham,Hi:)cts employee how are you?,29.0,5.0,hi ct employee,14,3
ham,Pls pls find out from aunt nike.,32.0,7.0,pls pls find aunt nike,22,5
ham,"Wow ... I love you sooo much, you know ? I can barely stand it ! I wonder how your day goes and if you are well, my love ... I think of you and miss you",152.0,37.0,wow love sooo much know barely stand wonder day go well love think miss,71,14
ham,No screaming means shouting..,29.0,4.0,screaming mean shouting,23,3
ham,Hey what happen de. Are you alright.,36.0,7.0,hey happen de alright,21,4
ham,Should I have picked up a receipt or something earlier,54.0,10.0,picked receipt something earlier,32,4
ham,I think chennai well settled?,29.0,5.0,think chennai well settled,26,4
ham,Oh dang! I didn't mean o send that to you! Lol!,47.0,11.0,oh dang mean send lol,21,5
ham,Unfortunately i've just found out that we have to pick my sister up from the airport that evening so don't think i'll be going out at all. We should try to go out one of th,172.0,36.0,unfortunately found pick sister airport evening think going try go one th,73,12
ham,Horrible bf... I now v hungry...,32.0,6.0,horrible bf hungry,18,3
ham,Remember on that day..,22.0,4.0,remember day,12,2
spam,You have won a Nokia 7250i. This is what you get when you win our FREE auction. To take part send Nokia to 86021 now. HG/Suite342/2Lands Row/W1JHL 16+,150.0,28.0,nokia get win free auction take part send nokia hg suite land row jhl,69,14
ham,How's it feel? Mr. Your not my real Valentine just my yo Valentine even tho u hardly play!!,91.0,18.0,feel mr real valentine yo valentine even tho hardly play,56,10
ham,All sounds good. Fingers . Makes it difficult to type,53.0,10.0,sound good finger make difficult type,37,6
ham,Midnight at the earliest,24.0,4.0,midnight earliest,17,2
ham,You're not sure that I'm not trying to make xavier smoke because I don't want to smoke after being told I smoke too much?,121.0,24.0,sure trying make xavier smoke want smoke told smoke much,56,10
ham,K come to nordstrom when you're done,36.0,7.0,come nordstrom done,19,3
ham,Do u konw waht is rael FRIENDSHIP Im gving yuo an exmpel: Jsut ese tihs msg.. Evrey splleing of tihs msg is wrnog.. Bt sitll yuo can raed it wihtuot ayn mitsake.. GOODNIGHT &amp,177.0,34.0,konw waht rael friendship im gving yuo exmpel jsut ese tihs msg evrey splleing tihs msg wrnog bt sitll yuo raed wihtuot ayn mitsake goodnight amp,145,26
ham,Now press conference da:),25.0,4.0,press conference da,19,3
spam,"Hello from Orange. For 1 month's free access to games, news and sport, plus 10 free texts and 20 photo messages, reply YES. Terms apply: www.orange.co.uk/ow",156.0,26.0,hello orange month free access game news sport plus free text photo message reply yes term apply www orange co uk ow,116,22
ham,After completed degree. There is no use in joining finance.,59.0,10.0,completed degree use joining finance,36,5
ham,"Good afternoon, my love ! Any job prospects ? Are you missing me ? What do you do ? Are you being lazy and bleak, hmmm ? Or happy and filled with my love ?",155.0,35.0,good afternoon love job prospect missing lazy bleak hmmm happy filled love,74,12
ham,Shant disturb u anymore... Jia you...,37.0,6.0,shant disturb anymore jia,25,4
ham,Bishan lar nearer... No need buy so early cos if buy now i gotta park my car...,79.0,17.0,bishan lar nearer need buy early co buy got ta park car,55,12
ham,"Me, i dont know again oh",24.0,6.0,dont know oh,12,3
ham,Dude sux for snake. He got old and raiden got buff,50.0,11.0,dude sux snake got old raiden got buff,38,8
ham,He says hi and to get your ass back to south tampa (preferably at a kegger),75.0,16.0,say hi get as back south tampa preferably kegger,48,9
ham,In e msg jus now. U said thanks for gift.,41.0,10.0,msg jus said thanks gift,24,5
ham,U too...,8.0,2.0,,0,0
ham,Ok how you dear. Did you call chechi,36.0,8.0,ok dear call chechi,19,4
ham,Yeah we do totes. When u wanna?,31.0,7.0,yeah tote wan na,16,4
ham,Ok i found dis pierre cardin one which looks normal costs 20 its on sale.,73.0,15.0,ok found dis pierre cardin one look normal cost sale,52,10
ham,Good sleep is about rhythm. The person has to establish a rhythm that the body will learn and use. If you want to know more :-),127.0,26.0,good sleep rhythm person establish rhythm body learn use want know,66,11
ham,Wat r u doing?,14.0,4.0,wat,3,1
ham,Message from . I am at Truro Hospital on ext. You can phone me here. as I have a phone by my side,97.0,23.0,message truro hospital ext phone phone side,43,7
ham,"Single line with a big meaning::::: \Miss anything 4 ur \""Best Life\"" but",73.0,13.0,single line big meaning miss anything ur best life,50,9
ham,"Just got some gas money, any chance you and the gang want to go on a grand nature adventure?",92.0,19.0,got gas money chance gang want go grand nature adventure,56,10
ham,Dnt worry...use ice pieces in a cloth pack.also take 2 tablets.,63.0,11.0,dnt worry use ice piece cloth pack also take tablet,51,10
ham,Dude just saw a parked car with its sunroof popped up. Sux,58.0,12.0,dude saw parked car sunroof popped sux,38,7
ham,Get ready to put on your excellent sub face :),46.0,10.0,get ready put excellent sub face,32,6
ham,Tmrw. Im finishing 9 doors,26.0,5.0,tmrw im finishing door,22,4
ham,The  &lt,8.0,2.0,lt,2,1
ham,I am late. I will be there at,29.0,8.0,late,4,1
ham,"whatever, im pretty pissed off.",31.0,5.0,whatever im pretty pissed,25,4
ham,Today is ACCEPT DAY..U Accept me as? Brother Sister Lover Dear1 Best1 Clos1 Lvblefrnd Jstfrnd Cutefrnd Lifpartnr Belovd Swtheart Bstfrnd No rply means enemy,156.0,24.0,today accept day accept brother sister lover dear best clos lvblefrnd jstfrnd cutefrnd lifpartnr belovd swtheart bstfrnd rply mean enemy,136,20
ham,I dont have that much image in class.,37.0,8.0,dont much image class,21,4
ham,No:-)i got rumour that you going to buy apartment in chennai:-),63.0,11.0,got rumour going buy apartment chennai,38,6
ham,Near kalainar tv office.thenampet,33.0,4.0,near kalainar tv office thenampet,33,5
spam,Ur cash-balance is currently 500 pounds - to maximize ur cash-in now send GO to 86688 only 150p/msg. CC 08718720201 HG/Suite342/2Lands Row/W1J6HL,145.0,22.0,ur cash balance currently pound maximize ur cash send go msg cc hg suite land row hl,84,17
spam,SMS AUCTION - A BRAND NEW Nokia 7250 is up 4 auction today! Auction is FREE 2 join & take part! Txt NOKIA to 86021 now! HG/Suite342/2Lands Row/W1J6HL,149.0,28.0,sm auction brand new nokia auction today auction free join take part txt nokia hg suite land row hl,99,19
ham,My sis is catching e show in e afternoon so i'm not watching w her. So c u wan 2 watch today or tmr lor.,104.0,25.0,si catching show afternoon watching wan watch today tmr lor,59,10
ham,"Sounds gd... Haha... Can... Wah, u yan jiu so fast liao...",58.0,11.0,sound gd haha wah yan jiu fast liao,35,8
ham,No. To be nosy I guess. Idk am I over reacting if I'm freaked?,62.0,14.0,nosy guess idk reacting freaked,31,5
ham,"Remember all those whom i hurt during days of satanic imposter in me.need to pay a price,so be it.may destiny keep me going and as u said pray that i get the mind to get over the same.",184.0,38.0,remember hurt day satanic imposter need pay price may destiny keep going said pray get mind get,95,17
ham,How to Make a girl Happy? It's not at all difficult to make girls happy. U only need to be... 1. A friend 2. Companion 3. Lover 4. Chef . . .  &lt,146.0,33.0,make girl happy difficult make girl happy need friend companion lover chef lt,77,13
ham,"Why is that, princess? I bet the brothas are all chasing you!",61.0,12.0,princess bet brothas chasing,28,4
ham,"I shall book chez jules for half eight, if that's ok with you?",62.0,13.0,shall book chez jules half eight ok,35,7
ham,Hhahhaahahah rofl wtf nig was leonardo in your room or something,64.0,11.0,hhahhaahahah rofl wtf nig leonardo room something,49,7
ham,"Yep, at derek's house now, see you Sunday &lt",45.0,9.0,yep derek house see sunday lt,29,6
ham,"It's cool, let me know before it kicks off around  &lt",54.0,11.0,cool let know kick around lt,28,6
ham,"Sorry, I'll call later",22.0,4.0,sorry call later,16,3
ham,I was wondering if it would be okay for you to call uncle john and let him know that things are not the same in nigeria as they r here. That  &lt,145.0,32.0,wondering would okay call uncle john let know thing nigeria lt,62,11
ham,There are no other charges after transfer charges and you can withdraw anyhow you like,86.0,15.0,charge transfer charge withdraw anyhow like,43,6
ham,"Dont search love, let love find U. Thats why its called falling in love, bcoz U dont force yourself, U just fall and U know there is smeone to hold U... BSLVYL",159.0,32.0,dont search love let love find thats called falling love bcoz dont force fall know smeone hold bslvyl,101,18
ham,At 4. Let's go to bill millers,30.0,7.0,let go bill miller,18,4
ham,I love you. You set my soul on fire. It is not just a spark. But it is a flame. A big rawring flame. XoXo,105.0,25.0,love set soul fire spark flame big rawring flame xoxo,53,10
ham,"Somewhr someone is surely made 4 u. And God has decided a perfect time to make u meet dat person. . . . till den, . . . . . Enjoy ur crushes..!!!",145.0,33.0,somewhr someone surely made god decided perfect time make meet dat person till den enjoy ur crush,97,17
ham,That's my honeymoon outfit. :),30.0,5.0,honeymoon outfit,16,2
ham,Will it help if we propose going back again tomorrow,52.0,10.0,help propose going back tomorrow,32,5
spam,PRIVATE! Your 2003 Account Statement for shows 800 un-redeemed S. I. M. points. Call 08719899230 Identifier Code: 41685 Expires 07/11/04,136.0,20.0,private account statement show un redeemed point call identifier code expires,77,11
ham,Never blame a day in ur life. Good days give u happiness. Bad days give u experience. Both are essential in life! All are Gods blessings! good morning.:,152.0,28.0,never blame day ur life good day give happiness bad day give experience essential life god blessing good morning,112,19
ham,Pls confirm the time to collect the cheque.,43.0,8.0,pls confirm time collect cheque,31,5
spam,As a Registered Subscriber yr draw 4 a å£100 gift voucher will b entered on receipt of a correct ans. When are the next olympics. Txt ans to 80062,146.0,29.0,registered subscriber yr draw gift voucher entered receipt correct an next olympics txt an,90,14
spam,URGENT! Your Mobile number has been awarded with a å£2000 prize GUARANTEED. Call 09061790121 from land line. Claim 3030. Valid 12hrs only 150ppm,144.0,23.0,urgent mobile number awarded prize guaranteed call land line claim valid hr ppm,79,13
ham,Daddy will take good care of you :),35.0,8.0,daddy take good care,20,4
ham,"Yeah probably, I still gotta check out with leo",47.0,9.0,yeah probably still got ta check leo,36,7
ham,K.then any other special?,25.0,4.0,special,7,1
ham,Carlos is taking his sweet time as usual so let me know when you and patty are done/want to smoke and I'll tell him to haul ass,127.0,27.0,carlos taking sweet time usual let know patty done want smoke tell haul as,74,14
ham,Ok pa. Nothing problem:-),25.0,4.0,ok pa nothing problem,21,4
ham,Have you heard about that job? I'm going to that wildlife talk again tonight if u want2come. Its that2worzels and a wizzle or whatever it is?! ,143.0,26.0,heard job going wildlife talk tonight want come worzels wizzle whatever,71,11
ham,"God picked up a flower and dippeditinaDEW, lovingly touched itwhichturnedinto u, and the he gifted tomeandsaid,THIS FRIEND IS 4U",128.0,19.0,god picked flower dippeditinadew lovingly touched itwhichturnedinto gifted tomeandsaid friend,93,10
ham,When you came to hostel.,24.0,5.0,came hostel,11,2
ham,Ok no prob... I'll come after lunch then...,43.0,8.0,ok prob come lunch,18,4
ham,Jus telling u dat i'll b leaving 4 shanghai on 21st instead so we'll haf more time 2 meet up cya...,99.0,21.0,jus telling dat leaving shanghai st instead haf time meet cya,61,11
ham,Are your freezing ? Are you home yet ? Will you remember to kiss your mom in the morning? Do you love me ? Do you think of me ? Are you missing me yet ?,152.0,36.0,freezing home yet remember kiss mom morning love think missing yet,66,11
ham,You all ready for * big day tomorrow?,37.0,8.0,ready big day tomorrow,22,4
ham,I'll probably be around mu a lot,32.0,7.0,probably around mu lot,22,4
ham,645,3.0,1.0,,0,0
spam,RT-KIng Pro Video Club>> Need help? info@ringtoneking.co.uk or call 08701237397 You must be 16+ Club credits redeemable at www.ringtoneking.co.uk! Enjoy!,153.0,20.0,rt king pro video club need help info ringtoneking co uk call must club credit redeemable www ringtoneking co uk enjoy,118,21
ham,Thnx dude. u guys out 2nite?,28.0,6.0,thnx dude guy nite,18,4
ham,Me sef dey laugh you. Meanwhile how's my darling anjie!,55.0,10.0,sef dey laugh meanwhile darling anjie,37,6
ham,Mm i had my food da from out,28.0,8.0,mm food da,10,3
ham,"K, makes sense, btw carlos is being difficult so you guys are gonna smoke while I go pick up the second batch and get gas",121.0,25.0,make sense btw carlos difficult guy gon na smoke go pick second batch get gas,77,15
ham,Did u download the fring app?,29.0,6.0,download fring app,18,3
ham,The 2 oz guy is being kinda flaky but one friend is interested in picking up $ &lt,82.0,18.0,oz guy kinda flaky one friend interested picking lt,51,9
ham,Friends that u can stay on fb chat with,39.0,9.0,friend stay fb chat,19,4
ham,"Fuck babe, I miss you sooooo much !! I wish you were here to sleep with me ... My bed is so lonely ... I go now, to sleep ... To dream of you, my love ...",154.0,37.0,fuck babe miss sooooo much wish sleep bed lonely go sleep dream love,68,13
ham,"Living is very simple.. Loving is also simple.. Laughing is too simple.. Winning is tooo simple.. But, being 'SIMPLE' is very difficult.. Gud nte.:-",148.0,24.0,living simple loving also simple laughing simple winning tooo simple simple difficult gud nte,93,14
spam,U have a secret admirer who is looking 2 make contact with U-find out who they R*reveal who thinks UR so special-call on 09058094599,132.0,24.0,secret admirer looking make contact find reveal think ur special call,69,11
ham,"Ah, well that confuses things, doesnÛ÷t it?",44.0,7.0,ah well confuses thing,22,4
spam,500 free text msgs. Just text ok to 80488 and we'll credit your account,71.0,14.0,free text msg text ok credit account,36,7
ham,Hi Dear Call me its urgnt. I don't know whats your problem. You don't want to work or if you have any other problem at least tell me. Wating for your reply.,156.0,32.0,hi dear call urgnt know whats problem want work problem least tell wating reply,79,14
ham,Dear how you. Are you ok?,25.0,6.0,dear ok,7,2
spam,"You have been selected to stay in 1 of 250 top British hotels - FOR NOTHING! Holiday Worth å£350! To Claim, Call London 02072069400. Bx 526, SW73SS",147.0,27.0,selected stay top british hotel nothing holiday worth claim call london bx sw s,79,14
ham,Yes princess! I want to make you happy...,41.0,8.0,yes princess want make happy,28,5
ham,Sounds like you have many talents! would you like to go on a dinner date next week?,83.0,17.0,sound like many talent would like go dinner date next week,58,11
ham,I am going to film 2day da. At 6pm. Sorry da.,45.0,11.0,going film day da pm sorry da,29,7
ham,We not watching movie already. Xy wants 2 shop so i'm shopping w her now.,73.0,15.0,watching movie already xy want shop shopping,44,7
ham,Hello my little party animal! I just thought I'd buzz you as you were with your friends ...*grins*... Reminding you were loved and send a naughty adoring kiss,158.0,28.0,hello little party animal thought buzz friend grin reminding loved send naughty adoring kiss,92,14
ham,Yesterday its with me only . Now am going home.,47.0,10.0,yesterday going home,20,3
spam,"Eerie Nokia tones 4u, rply TONE TITLE to 8007 eg TONE DRACULA to 8007 Titles: GHOST, ADDAMSFA, MUNSTERS, EXORCIST, TWILIGHT www.getzed.co.uk POBox36504W45WQ 150p",161.0,23.0,eerie nokia tone rply tone title eg tone dracula title ghost addamsfa munsters exorcist twilight www getzed co uk pobox wq,122,21
ham,"You have come into my life and brought the sun ..Shiny down on me, warming my heart. Putting a constant smile on my face ... Making me feel loved and cared for",159.0,32.0,come life brought sun shiny warming heart putting constant smile face making feel loved cared,93,15
ham,"No shit, but I wasn't that surprised, so I went and spent the evening with that french guy I met in town here and we fooled around a bit but I didn't let him fuck me",165.0,36.0,shit surprised went spent evening french guy met town fooled around bit let fuck,80,14
spam,"0A$NETWORKS allow companies to bill for SMS, so they are responsible for their \suppliers\""",91.0,14.0,network allow company bill sm responsible supplier,50,7
ham,Great comedy..cant stop laughing da:),37.0,5.0,great comedy cant stop laughing da,34,6
spam,FreeMsg:Feelin kinda lnly hope u like 2 keep me company! Jst got a cam moby wanna c my pic?Txt or reply DATE to 82242 Msg150p 2rcv Hlp 08712317606 stop to 82242,160.0,31.0,freemsg feelin kinda lnly hope like keep company jst got cam moby wan na pic txt reply date msg rcv hlp stop,108,22
ham,"Alright, we're all set here, text the man",41.0,8.0,alright set text man,20,4
ham,"Hi , where are you? We're at  and they're not keen to go out i kind of am but feel i shouldn't so can we go out tomo, don't mind do you?",136.0,32.0,hi keen go kind feel go tomo mind,33,8
ham,Sleeping nt feeling well,24.0,4.0,sleeping nt feeling well,24,4
ham,U WILL SWITCH YOUR FONE ON DAMMIT!!,35.0,7.0,switch fone dammit,18,3
ham,India have to take lead:),25.0,5.0,india take lead,15,3
ham,I.ll post her out l8r. In class,31.0,7.0,post class,10,2
ham,Thts wat Wright Brother did to fly..,36.0,7.0,thts wat wright brother fly,27,5
ham,"Evening * v good if somewhat event laden. Will fill you in, don't you worry Û_ Head * ok but throat * wrecked. See you at six then!",132.0,28.0,evening good somewhat event laden fill worry head ok throat wrecked see six,75,13
ham,If u laugh really loud.. If u talk spontaneously.. If u dont care what others feel.. U are probably with your dear &amp,119.0,23.0,laugh really loud talk spontaneously dont care others feel probably dear amp,76,12
ham,ITS A LAPTOP TAKE IT WITH YOU.,30.0,7.0,laptop take,11,2
ham,I dont have any of your file in my bag..i was in work when you called me.i 'll tell you if i find anything in my room.,118.0,27.0,dont file bag work called tell find anything room,49,9
ham,I wan but too early lei... Me outside now wun b home so early... Neva mind then...,82.0,17.0,wan early lei outside wun home early neva mind,46,9
spam,"For ur chance to win a å£250 cash every wk TXT: ACTION to 80608. T's&C's www.movietrivia.tv custcare 08712405022, 1x150p/wk",123.0,19.0,ur chance win cash every wk txt action www movietrivia tv custcare wk,69,13
ham,I was at bugis juz now wat... But now i'm walking home oredi... ÌÏ so late then reply... I oso saw a top dat i like but din buy... Where r Ì_ now? ,147.0,33.0,bugis juz wat walking home oredi late reply oso saw top dat like din buy,72,15
ham,"Wishing you and your family Merry \X\"" mas and HAPPY NEW Year in advance..""",75.0,14.0,wishing family merry ma happy new year advance,46,8
ham,At 7 we will go ok na.,22.0,7.0,go ok na,8,3
ham,Yes I posted a couple of pics on fb. There's still snow outside too. I'm just waking up :),90.0,19.0,yes posted couple pic fb still snow outside waking,50,9
ham,S:-)if we have one good partnership going we will take lead:),61.0,11.0,one good partnership going take lead,36,6
spam,RGENT! This is the 2nd attempt to contact U!U have WON å£1250 CALL 09071512433 b4 050703 T&CsBCM4235WC1N3XX. callcost 150ppm mobilesvary. maxå£7. 50,148.0,22.0,rgent nd attempt contact call csbcm wc xx callcost ppm mobilesvary max,70,12
ham,"Yeah, where's your class at?",28.0,5.0,yeah class,10,2
ham,No just send to you. Bec you in temple na.,42.0,10.0,send bec temple na,18,4
ham,"You aren't coming home between class, right? I need to work out and shower!",75.0,14.0,coming home class right need work shower,40,7
spam,Hi if ur lookin 4 saucy daytime fun wiv busty married woman Am free all next week Chat now 2 sort time 09099726429 JANINExx Callså£1/minMobsmoreLKPOBOX177HP51FL,160.0,25.0,hi ur lookin saucy daytime fun wiv busty married woman free next week chat sort time janinexx call minmobsmorelkpobox hp fl,123,21
ham,S but mostly not like that.,27.0,6.0,mostly like,11,2
ham,ÌÏ v ma fan...,14.0,4.0,fan,3,1
ham,Dunno cos i was v late n when i reach they inside already... But we ate spageddies lor... It's e gals who r laughing at me lor...,129.0,27.0,dunno co late reach inside already ate spageddies lor gal laughing lor,70,12
ham,Guess who spent all last night phasing in and out of the fourth dimension,73.0,14.0,guess spent last night phasing fourth dimension,47,7
ham,So now my dad is gonna call after he gets out of work and ask all these crazy questions.,88.0,19.0,dad gon na call get work ask crazy question,43,9
ham,"Yes..but they said its IT.,",27.0,5.0,yes said,8,2
ham,Very hurting n meaningful lines ever: \I compromised everything for my love,75.0,12.0,hurting meaningful line ever compromised everything love,56,7
ham,Lmao!nice 1,11.0,2.0,lmao nice,9,2
ham,Glad to see your reply.,23.0,5.0,glad see reply,14,3
spam,URGENT! We are trying to contact U. Todays draw shows that you have won a å£800 prize GUARANTEED. Call 09050001295 from land line. Claim A21. Valid 12hrs only,158.0,28.0,urgent trying contact today draw show prize guaranteed call land line claim valid hr,84,14
spam,Monthly password for wap. mobsi.com is 391784. Use your wap phone not PC.,73.0,13.0,monthly password wap mobsi com use wap phone pc,47,9
ham,Nah dub but je still buff,25.0,6.0,nah dub je still buff,21,5
ham,Painful words- \I thought being Happy was the most toughest thing on Earth... But,81.0,14.0,painful word thought happy toughest thing earth,47,7
ham,"Yeah, that's fine! It's å£6 to get in, is that ok? ",51.0,11.0,yeah fine get ok,16,4
ham,Lol where do u come up with these ideas?,40.0,9.0,lol come idea,13,3
ham,"So many people seems to be special at first sight, But only very few will remain special to you till your last sight.. Maintain them till life ends.. Sh!jas",156.0,29.0,many people seems special first sight remain special till last sight maintain till life end sh jas,98,17
ham,"Today is \song dedicated day..\"" Which song will u dedicate for me? Send this to all ur valuable frnds but first rply me...""",124.0,23.0,today song dedicated day song dedicate send ur valuable frnds first rply,72,12
ham,Okay... We wait ah,18.0,4.0,okay wait ah,12,3
ham,Y lei?,6.0,2.0,lei,3,1
ham,HI BABE U R MOST LIKELY TO BE IN BED BUT IM SO SORRY ABOUT TONIGHT! I REALLY WANNA SEE U TOMORROW SO CALL ME AT 9. LOVE ME XXX,126.0,30.0,hi babe likely bed im sorry tonight really wan na see tomorrow call love xxx,76,15
ham,Already am squatting is the new way of walking,46.0,9.0,already squatting new way walking,33,5
ham,Do you want bold 2 or bb torch,30.0,8.0,want bold bb torch,18,4
ham,Cramps stopped. Going back to sleep,35.0,6.0,cramp stopped going back sleep,30,5
spam,todays vodafone numbers ending with 0089(my last four digits) are selected to received a å£350 award. If your number matches please call 09063442151 to claim your å£350 award,174.0,28.0,today vodafone number ending last four digit selected received award number match please call claim award,105,16
spam,Free Top ringtone -sub to weekly ringtone-get 1st week free-send SUBPOLY to 81618-?3 per week-stop sms-08718727870,114.0,16.0,free top ringtone sub weekly ringtone get st week free send subpoly per week stop sm,84,16
ham,Nan sonathaya soladha. Why boss?,32.0,5.0,nan sonathaya soladha bos,25,4
ham,Bring tat cd don forget,23.0,5.0,bring tat cd forget,19,4
spam,Sunshine Quiz Wkly Q! Win a top Sony DVD player if u know which country the Algarve is in? Txt ansr to 82277. å£1.50 SP:Tyrone,126.0,25.0,sunshine quiz wkly win top sony dvd player know country algarve txt ansr sp tyrone,82,15
ham,I don't know but I'm raping dudes at poker,42.0,9.0,know raping dude poker,22,4
ham,Weightloss! No more girl friends. Make loads of money on ebay or something. And give thanks to God.,99.0,18.0,weightloss girl friend make load money ebay something give thanks god,69,11
ham,Was gr8 to see that message. So when r u leaving? Congrats dear. What school and wat r ur plans.,96.0,20.0,gr see message leaving congrats dear school wat ur plan,55,10
ham,ÌÏ eatin later but i'm eatin wif my frens now lei... ÌÏ going home first? ,74.0,15.0,eatin later eatin wif frens lei going home first,48,9
ham,Finish already... Yar they keep saying i mushy... I so embarrassed ok...,72.0,12.0,finish already yar keep saying mushy embarrassed ok,51,8
ham,"Sorry man, my stash ran dry last night and I can't pick up more until sunday",76.0,16.0,sorry man stash ran dry last night pick sunday,46,9
ham,Hai priya are you right. What doctor said pa. Where are you.,60.0,12.0,hai priya right doctor said pa,30,6
spam,"Free msg. Sorry, a service you ordered from 81303 could not be delivered as you do not have sufficient credit. Please top up to receive the service.",148.0,27.0,free msg sorry service ordered could delivered sufficient credit please top receive service,91,13
ham,Ok...,5.0,1.0,ok,2,1
ham,Please ask mummy to call father,31.0,6.0,please ask mummy call father,28,5
ham,Can come my room but cannot come my house cos my house still messy... Haha...,77.0,15.0,come room come house co house still messy haha,46,9
ham,I have lost 10 kilos as of today!,33.0,8.0,lost kilo today,15,3
ham,Just taste fish curry :-P,25.0,5.0,taste fish curry,16,3
ham,What can i do? Might accidant tookplace between somewhere ghodbandar rd. Traffic moves slovely. So plz slip &amp,112.0,18.0,might accidant tookplace somewhere ghodbandar rd traffic move slovely plz slip amp,82,12
ham,Yun ah.now Ì_ wkg where?btw if Ì_ go nus sc. ÌÏ wana specialise in wad?,71.0,15.0,yun ah wkg btw go nu sc wana specialise wad,43,10
ham,Yes! I am a one woman man! Please tell me your likes and dislikes in bed...,75.0,16.0,yes one woman man please tell like dislike bed,46,9
ham,Was doing my test earlier. I appreciate you. Will call you tomorrow.,68.0,12.0,test earlier appreciate call tomorrow,37,5
ham,"How's my loverboy doing ? What does he do that keeps him from coming to his Queen, hmmm ? Doesn't he ache to speak to me ? Miss me desparately ?",144.0,31.0,loverboy keep coming queen hmmm ache speak miss desparately,59,9
ham,U meet other fren dun wan meet me ah... Muz b a guy rite...,59.0,14.0,meet fren dun wan meet ah muz guy rite,38,9
ham,"(No promises on when though, haven't even gotten dinner yet)",60.0,10.0,promise though even gotten dinner yet,37,6
ham,I got your back! Do you have any dislikes in bed?,49.0,11.0,got back dislike bed,20,4
ham,o turns out i had stereo love on mi phone under the unknown album.,66.0,14.0,turn stereo love mi phone unknown album,39,7
spam,Hard LIVE 121 chat just 60p/min. Choose your girl and connect LIVE. Call 09094646899 now! Cheap Chat UK's biggest live service. VU BCM1896WC1N3XX,145.0,23.0,hard live chat min choose girl connect live call cheap chat uk biggest live service vu bcm wc xx,96,19
ham,Yeah I don't see why not,24.0,6.0,yeah see,8,2
ham,Asking do u knw them or nt? May be ur frnds or classmates?,58.0,13.0,asking knw nt may ur frnds classmate,36,7
ham,"Sorry about earlier. Putting out fires.Are you around to talk after 9? Or do you actually have a life, lol!",107.0,20.0,sorry earlier putting fire around talk actually life lol,56,9
spam,WOW! The Boys R Back. TAKE THAT 2007 UK Tour. Win VIP Tickets & pre-book with VIP Club. Txt CLUB to 81303. Trackmarque Ltd info@vipclub4u.,138.0,25.0,wow boy back take uk tour win vip ticket pre book vip club txt club trackmarque ltd info vipclub,96,19
ham,"As in missionary hook up, doggy hook up, standing...|",53.0,9.0,missionary hook doggy hook standing,35,5
ham,Then u better go sleep.. Dun disturb u liao.. U wake up then msg me lor..,73.0,16.0,better go sleep dun disturb liao wake msg lor,45,9
ham,"Fighting with the world is easy, u either win or lose bt fightng with some1 who is close to u is dificult if u lose - u lose if u win - u still lose.",149.0,35.0,fighting world easy either win lose bt fightng close dificult lose lose win still lose,86,15
ham,Am watching house ÛÒ very entertaining ÛÒ am getting the whole hugh laurie thing ÛÒ even with the stick ÛÒ indeed especially with the stick.,144.0,25.0,watching house entertaining getting whole hugh laurie thing even stick indeed especially stick,94,13
ham,Thought praps you meant another one. Goodo! I'll look tomorrow ,63.0,10.0,thought praps meant another one goodo look tomorrow,51,8
ham,"Hi Jon, Pete here, Ive bin 2 Spain recently & hav sum dinero left, Bill said u or ur åÔrents mayb interested in it, I hav 12,000pes, so around å£48, tb, James.",159.0,32.0,hi jon pete ive bin spain recently hav sum dinero left bill said ur rent mayb interested hav pe around tb james,111,22
ham,There bold 2  &lt,17.0,4.0,bold lt,7,2
ham,You know there is. I shall speak to you in  &lt,47.0,11.0,know shall speak lt,19,4
ham,"\ALRITE HUNNY!WOT U UP 2 2NITE? DIDNT END UP GOIN DOWN TOWN JUS DA PUB INSTEAD! JUS CHILLIN AT DA MO IN ME BEDROOM!LOVE JEN XXX.\""""",131.0,26.0,alrite hunny wot nite didnt end goin town jus da pub instead jus chillin da mo bedroom love jen xxx,99,20
ham,I went to project centre,24.0,5.0,went project centre,19,3
ham,As per your request 'Maangalyam (Alaipayuthe)' has been set as your callertune for all Callers. Press *9 to copy your friends Callertune,136.0,22.0,per request maangalyam alaipayuthe set callertune caller press copy friend callertune,85,11
ham,Lol yeah at this point I guess not,34.0,8.0,lol yeah point guess,20,4
ham,Doing project w frens lor. ,27.0,5.0,project frens lor,17,3
ham,Lol. Well quality aint bad at all so i aint complaining,55.0,11.0,lol well quality aint bad aint complaining,42,7
ham,"K, can that happen tonight?",27.0,5.0,happen tonight,14,2
spam,"Hi, this is Mandy Sullivan calling from HOTMIX FM...you are chosen to receive å£5000.00 in our Easter Prize draw.....Please telephone 09041940223 to claim before 29/03/05 or your prize will be transferred to someone else....",224.0,34.0,hi mandy sullivan calling hotmix fm chosen receive easter prize draw please telephone claim prize transferred someone else,122,18
ham,"I think we're going to finn's now, come",39.0,8.0,think going finn come,21,4
ham,Why tired what special there you had,36.0,7.0,tired special,13,2
ham,I will come tomorrow di,23.0,5.0,come tomorrow di,16,3
ham,I cant pick the phone right now. Pls send a message,51.0,11.0,cant pick phone right pls send message,38,7
ham,K go and sleep well. Take rest:-).,34.0,7.0,go sleep well take rest,23,5
ham,U guys never invite me anywhere :(,34.0,7.0,guy never invite anywhere,25,4
spam,UR GOING 2 BAHAMAS! CallFREEFONE 08081560665 and speak to a live operator to claim either Bahamas cruise ofå£2000 CASH 18+only. To opt out txt X to 07786200117,159.0,27.0,ur going bahamas callfreefone speak live operator claim either bahamas cruise cash opt txt,90,14
ham,I can do that! I want to please you both inside and outside the bedroom...,74.0,15.0,want please inside outside bedroom,34,5
ham,"\EY! CALM DOWNON THEACUSATIONS.. ITXT U COS IWANA KNOW WOTU R DOIN AT THEW/END... HAVENTCN U IN AGES..RING ME IF UR UP4 NETHING SAT.LOVE J XXX.\""""",146.0,26.0,ey calm downon theacusations itxt co iwana know wotu doin thew end haventcn age ring ur nething sat love xxx,108,20
ham,I love to wine and dine my lady!,32.0,8.0,love wine dine lady,19,4
spam,Someone has conacted our dating service and entered your phone because they fancy you!To find out who it is call from landline 09111030116. PoBox12n146tf15,155.0,24.0,someone conacted dating service entered phone fancy find call landline pobox tf,79,12
ham,"IåÕm cool ta luv but v.tired 2 cause i have been doin loads of planning all wk, we have got our social services inspection at the nursery! Take care & spk sn x.",160.0,33.0,cool ta luv tired cause doin load planning wk got social service inspection nursery take care spk sn,100,18
ham,I don know account details..i will ask my mom and send you.my mom is out of reach now.,86.0,18.0,know account detail ask mom send mom reach,42,8
ham,I think u have the wrong number.,32.0,7.0,think wrong number,18,3
ham,Feel Yourself That You Are Always Happy.. Slowly It Becomes Your Habit &amp,75.0,13.0,feel always happy slowly becomes habit amp,42,7
ham,DO NOT B LATE LOVE MUM,22.0,6.0,late love mum,13,3
ham,Got it..mail panren paru..,26.0,4.0,got mail panren paru,20,4
ham,* Was thinking about chuckin ur red green n black trainners 2 save carryin them bac on train,92.0,18.0,thinking chuckin ur red green black trainners save carryin bac train,68,11
ham,Give one miss from that number please,37.0,7.0,give one miss number please,27,5
ham,Jus came back fr lunch wif my sis only. U leh?,46.0,11.0,jus came back fr lunch wif si leh,33,8
ham,How is your schedule next week? I am out of town this weekend.,62.0,13.0,schedule next week town weekend,31,5
ham,Really good:)dhanush rocks once again:),39.0,5.0,really good dhanush rock,24,4
ham,Lmao ok I wont be needing u to do my hair anymore.,50.0,12.0,lmao ok wont needing hair anymore,33,6
ham,"Miss ya, need ya, want ya, love ya.",35.0,8.0,miss ya need ya want ya love ya,31,8
ham,Sorry i'm not free...,21.0,4.0,sorry free,10,2
ham,Do u ever get a song stuck in your head for no reason and it won't go away til u listen to it like 5 times?,107.0,26.0,ever get song stuck head reason go away til listen like time,60,12
ham,Nt yet chikku..simple habba..hw abt u?,38.0,6.0,nt yet chikku simple habba hw abt,33,7
ham,"Got ur mail Dileep.thank you so muchand look forward to lots of support...very less contacts here,remember one venugopal you mentioned.tomorrow if not late,i shall try to come up till there.goodnight dear.",205.0,31.0,got ur mail dileep thank muchand look forward lot support less contact remember one venugopal mentioned tomorrow late shall try come till goodnight dear,152,24
ham,Sometimes Heart Remembrs someone Very much... Forgets someone soon... Bcoz Heart will not like everyone. But liked ones will be Remembered Everytime... BSLVYL,158.0,23.0,sometimes heart remembrs someone much forgets someone soon bcoz heart like everyone liked one remembered everytime bslvyl,121,17
ham,Joy's father is John. Then John is the NAME of Joy's father. Mandan,67.0,13.0,joy father john john name joy father mandan,43,8
spam,Hi 07734396839 IBH Customer Loyalty Offer: The NEW NOKIA6600 Mobile from ONLY å£10 at TXTAUCTION!Txt word:START to No:81151 & get Yours Now!4T&,143.0,22.0,hi ibh customer loyalty offer new nokia mobile txtauction txt word start get,76,13
ham,Hi this is yijue... It's regarding the 3230 textbook it's intro to algorithms second edition... I'm selling it for $50...,121.0,20.0,hi yijue regarding textbook intro algorithm second edition selling,66,9
spam,SMS AUCTION You have won a Nokia 7250i. This is what you get when you win our FREE auction. To take part send Nokia to 86021 now. HG/Suite342/2Lands Row/W1JHL 16+,162.0,30.0,sm auction nokia get win free auction take part send nokia hg suite land row jhl,80,16
ham,"K, want us to come by now?",26.0,7.0,want u come,11,3
ham,How. Its a little difficult but its a simple way to enter this place,68.0,14.0,little difficult simple way enter place,39,6
ham,Ha... Both of us doing e same thing. But i got tv 2 watch. U can thk of where 2 go tonight or u already haf smth in mind...,123.0,29.0,ha u thing got tv watch thk go tonight already haf smth mind,60,13
ham,Dont show yourself. How far. Put new pictures up on facebook.,61.0,11.0,dont show far put new picture facebook,38,7
ham,Watching tv now. I got new job :),33.0,8.0,watching tv got new job,23,5
ham,"Good afternoon sexy buns! How goes the job search ? I wake and you are my first thought as always, my love. I wish your fine and happy and know I adore you!",156.0,33.0,good afternoon sexy bun go job search wake first thought always love wish fine happy know adore,95,17
ham,"I'm not coming over, do whatever you want",41.0,8.0,coming whatever want,20,3
ham,"Its ok chikku, and its my 1 of favourite song..:-)",50.0,10.0,ok chikku favourite song,24,4
ham,Did u see what I posted on your Facebook?,41.0,9.0,see posted facebook,19,3
spam,Call FREEPHONE 0800 542 0578 now!,33.0,6.0,call freephone,14,2
spam,Buy Space Invaders 4 a chance 2 win orig Arcade Game console. Press 0 for Games Arcade (std WAP charge) See o2.co.uk/games 4 Terms + settings. No purchase,154.0,28.0,buy space invader chance win orig arcade game console press game arcade std wap charge see co uk game term setting purchase,123,22
ham,"7 wonders in My WORLD 7th You 6th Ur style 5th Ur smile 4th Ur Personality 3rd Ur Nature 2nd Ur SMS and 1st \Ur Lovely Friendship\""... good morning dear""",153.0,30.0,wonder world th th ur style th ur smile th ur personality rd ur nature nd ur sm st ur lovely friendship good morning dear,121,25
spam,"Loan for any purpose å£500 - å£75,000. Homeowners + Tenants welcome. Have you been previously refused? We can still help. Call Free 0800 1956669 or text back 'help'",164.0,28.0,loan purpose homeowner tenant welcome previously refused still help call free text back help,92,14
spam,BIG BROTHER ALERT! The computer has selected u for 10k cash or #150 voucher. Call 09064018838. NTT PO Box CRO1327 18+ BT Landline Cost 150ppm mobiles vary,154.0,27.0,big brother alert computer selected cash voucher call ntt po box cro bt landline cost ppm mobile vary,101,18
ham,,,,,0,0
ham,My uncles in Atlanta. Wish you guys a great semester.,53.0,10.0,uncle atlanta wish guy great semester,37,6
ham,No dear i do have free messages without any recharge. Hi hi hi,62.0,13.0,dear free message without recharge hi hi hi,43,8
ham,"Dont search love, let love find U. Thats why its called falling in love, bcoz U dont force yourself, U just fall and U know there is smeone to hold U... BSLVYL",159.0,32.0,dont search love let love find thats called falling love bcoz dont force fall know smeone hold bslvyl,101,18
ham,I dun believe u. I thk u told him.,34.0,9.0,dun believe thk told,20,4
ham,"Do you know why god created gap between your fingers..? So that, One who is made for you comes &amp",99.0,20.0,know god created gap finger one made come amp,45,9
ham,Yes:)sura in sun tv.:)lol.,26.0,4.0,yes sura sun tv lol,19,5
ham,Arun can u transfr me d amt,27.0,7.0,arun transfr amt,16,3
ham,Takin a shower now but yeah I'll leave when I'm done,52.0,11.0,takin shower yeah leave done,28,5
ham,Am not working but am up to eyes in philosophy so will text u later when a bit more free for chat...,100.0,22.0,working eye philosophy text later bit free chat,47,8
ham,U havenåÕt lost me ill always b here 4u.i didnåÕt intend 2 hurt u but I never knew how u felt about me when Iwas+marine&thatåÕs what itried2tell urmom.i careabout u,164.0,30.0,lost ill always intend hurt never knew felt iwas marine itried tell urmom careabout,83,14
spam,"WIN: We have a winner! Mr. T. Foley won an iPod! More exciting prizes soon, so keep an eye on ur mobile or visit www.win-82050.co.uk",132.0,25.0,win winner mr foley ipod exciting prize soon keep eye ur mobile visit www win co uk,83,17
ham,You bad girl. I can still remember them,39.0,8.0,bad girl still remember,23,4
ham,How much i gave to you. Morning.,32.0,7.0,much gave morning,17,3
ham,"I hope your alright babe? I worry that you might have felt a bit desparate when you learned the job was a fake ? I am here waiting when you come back, my love",158.0,34.0,hope alright babe worry might felt bit desparate learned job fake waiting come back love,88,15
ham,"Hey, can you tell me blake's address? Carlos wanted me to meet him there but I got lost and he's not answering his phone",120.0,24.0,hey tell blake address carlos wanted meet got lost answering phone,66,11
ham,Can i get your opinion on something first?,42.0,8.0,get opinion something first,27,4
ham,That one week leave i put know that time. Why.,46.0,10.0,one week leave put know time,28,6
ham,"If we hit it off, you can move in with me :)",44.0,12.0,hit move,8,2
ham,excellent. I spent  &lt,23.0,4.0,excellent spent lt,18,3
ham,I wanna watch that movie,24.0,5.0,wan na watch movie,18,4
ham,Ok lor thanx... ÌÏ in school?,29.0,6.0,ok lor thanx school,19,4
ham,I'm in class. Did you get my text.,34.0,8.0,class get text,14,3
ham,The bus leaves at  &lt,22.0,5.0,bus leaf lt,11,3
ham,God bless.get good sleep my dear...i will pray!,47.0,8.0,god bless get good sleep dear pray,34,7
spam,Todays Voda numbers ending 1225 are selected to receive a å£50award. If you have a match please call 08712300220 quoting claim code 3100 standard rates app ,156.0,26.0,today voda number ending selected receive award match please call quoting claim code standard rate app,102,16
ham,Do have a nice day today. I love you so dearly.,47.0,11.0,nice day today love dearly,26,5
ham,Aiyo a bit pai seh Ì_ noe... Scared he dun rem who i am then die... Hee... But he become better lookin oredi leh...,115.0,24.0,aiyo bit pai seh noe scared dun rem die hee become better lookin oredi leh,74,15
ham,"Aight, I'll ask a few of my roommates",37.0,8.0,aight ask roommate,18,3
ham,"Now, whats your house # again ? And do you have any beer there ?",64.0,15.0,whats house beer,16,3
ham,Do Ì_ all wan 2 meet up n combine all the parts? How's da rest of da project going?,83.0,19.0,wan meet combine part da rest da project going,46,9
ham,"\Getting tickets 4 walsall tue 6 th march. My mate is getting me them on sat. ill pay my treat. Want 2 go. Txt bak .Terry\""""",124.0,26.0,getting ticket walsall tue th march mate getting sat ill pay treat want go txt bak terry,88,17
ham,Yes we are chatting too.,24.0,5.0,yes chatting,12,2
ham,HI ITS JESS I DONT KNOW IF YOU ARE AT WORK BUT CALL ME WHEN U CAN IM AT HOME ALL EVE. XXX,89.0,23.0,hi jess dont know work call im home eve xxx,43,10
ham,Sian... Aft meeting supervisor got work 2 do liao... U working now?,67.0,12.0,sian aft meeting supervisor got work liao working,49,8
ham,Are you going to write ccna exam this week??,44.0,9.0,going write ccna exam week,26,5
ham,Well i will watch shrek in 3D!!B),33.0,7.0,well watch shrek,16,3
ham,Am i that much dirty fellow?,28.0,6.0,much dirty fellow,17,3
ham,Dunno dat's wat he told me. Ok lor...,37.0,8.0,dunno dat wat told ok lor,25,6
ham,I'll probably be by tomorrow (or even later tonight if something's going on),76.0,13.0,probably tomorrow even later tonight something going,52,7
ham,I couldn't say no as he is a dying man and I feel sad for him so I will go and I just wanted you to know I would probably be gone late into your night,150.0,36.0,say dying man feel sad go wanted know would probably gone late night,68,13
ham,If you're thinking of lifting me one then no.,45.0,9.0,thinking lifting one,20,3
ham,Same as u... Dun wan... Y u dun like me already ah... Wat u doing now? Still eating?,84.0,18.0,dun wan dun like already ah wat still eating,44,9
ham,Sent me ur email id soon,24.0,6.0,sent ur email id soon,21,5
ham,Wat makes some people dearer is not just de happiness dat u feel when u meet them but de pain u feel when u miss dem!!!,119.0,26.0,wat make people dearer de happiness dat feel meet de pain feel miss dem,71,14
ham,"Dude. What's up. How Teresa. Hope you have been okay. When i didnt hear from these people, i called them and they had received the package since dec  &lt",153.0,29.0,dude teresa hope okay didnt hear people called received package since dec lt,76,13
ham,Hey gorgeous man. My work mobile number is. Have a good one babe. Squishy Mwahs.,80.0,15.0,hey gorgeous man work mobile number good one babe squishy mwahs,63,11
ham,May i call You later Pls,24.0,6.0,may call later pls,18,4
spam,"Hottest pics straight to your phone!! See me getting Wet and Wanting, just for you xx Text PICS to 89555 now! txt costs 150p textoperator g696ga 18 XxX",151.0,28.0,hottest pic straight phone see getting wet wanting xx text pic txt cost textoperator ga xxx,91,16
ham,That's the way you should stay oh.,34.0,7.0,way stay oh,11,3
ham,Hello- thanx for taking that call. I got a job! Starts on monday!,65.0,13.0,hello thanx taking call got job start monday,44,8
ham,What time is ur flight tmr?,27.0,6.0,time ur flight tmr,18,4
ham,When should I come over?,24.0,5.0,come,4,1
ham,I have a rather prominent bite mark on my right cheek,53.0,11.0,rather prominent bite mark right cheek,38,6
ham,* Will be september by then!,28.0,6.0,september,9,1
ham,Are you wet right now?,22.0,5.0,wet right,9,2
ham,And how's your husband.,23.0,4.0,husband,7,1
spam,"Hack Chat. Get backdoor entry into 121 chat rooms at a fraction of the cost. Reply NEO69 or call 09050280520, to subscribe 25p pm. DPS, Bcm box 8027 Ldn, wc1n3xx",161.0,30.0,hack chat get backdoor entry chat room fraction cost reply neo call subscribe pm dp bcm box ldn wc xx,101,20
ham,Are we doing the norm tomorrow? I finish just a 4.15 cos of st tests. Need to sort library stuff out at some point tomo - got letter from today - access til end march so i better get move on!,191.0,41.0,norm tomorrow finish co st test need sort library stuff point tomo got letter today access til end march better get move,120,22
ham,Yeah. I got a list with only u and Joanna if I'm feeling really anti social,75.0,16.0,yeah got list joanna feeling really anti social,47,8
ham,I am in your office na.,23.0,6.0,office na,9,2
ham,"\Are you comingdown later?\""""",29.0,4.0,comingdown later,16,2
ham,Super da:)good replacement for murali,37.0,5.0,super da good replacement murali,32,5
ham,Da is good good player.why he is unsold.,40.0,8.0,da good good player unsold,26,5
ham,Hi. || Do u want | to join me with sts later? || Meeting them at five. || Call u after class.,93.0,22.0,hi want join sts later meeting five call class,46,9
ham,Its on in engalnd! But telly has decided it won't let me watch it and mia and elliot were kissing! Damn it!,107.0,22.0,engalnd telly decided let watch mia elliot kissing damn,55,9
spam,"FREE NOKIA Or Motorola with upto 12mths 1/2price linerental, 500 FREE x-net mins&100txt/mth FREE B'tooth*. Call Mobileupd8 on 08001950382 or call 2optout/D3WV",158.0,22.0,free nokia motorola upto mths price linerental free net min txt mth free tooth call mobileupd call optout wv,108,19
ham,I dont want to hear philosophy. Just say what happen,52.0,10.0,dont want hear philosophy say happen,36,6
ham,You got job in wipro:)you will get every thing in life in 2 or 3 years.,71.0,16.0,got job wipro get every thing life year,39,8
ham,Then cant get da laptop? My matric card wif Ì_ lei... ,54.0,11.0,cant get da laptop matric card wif lei,38,8
ham,Dunno da next show aft 6 is 850. Toa payoh got 650.,51.0,12.0,dunno da next show aft toa payoh got,36,8
spam,"This is the 2nd time we have tried 2 contact u. U have won the 750 Pound prize. 2 claim is easy, call 08718726970 NOW! Only 10p per min. BT-national-rate ",154.0,30.0,nd time tried contact pound prize claim easy call per min bt national rate,74,14
ham,I just made some payments so dont have that much. Sorry. Would you want it fedex or the other way.,98.0,20.0,made payment dont much sorry would want fedex way,49,9
ham,They did't play one day last year know even though they have very good team.. Like india.,89.0,17.0,play one day last year know even though good team like india,60,12
ham,K.:)you are the only girl waiting in reception ah?,50.0,9.0,girl waiting reception ah,25,4
ham,"Say this slowly.? GOD,I LOVE YOU &amp",37.0,7.0,say slowly god love amp,23,5
ham,I hate when she does this. She turns what should be a fun shopping trip into an annoying day of how everything would look in her house.,135.0,27.0,hate turn fun shopping trip annoying day everything would look house,68,11
ham,"Sir, i am waiting for your call.",32.0,7.0,sir waiting call,16,3
ham,What's up. Do you want me to come online?,41.0,9.0,want come online,16,3
ham,"It could work, we'll reach a consensus at the next meeting",58.0,11.0,could work reach consensus next meeting,39,6
ham,Aiyah then i wait lor. Then u entertain me. Hee...,50.0,10.0,aiyah wait lor entertain hee,28,5
ham,"The last thing i ever wanted to do was hurt you. And i didn't think it would have. You'd laugh, be embarassed, delete the tag and keep going. But as far as i knew, it wasn't even up. The fact that you even felt like i would do it to hurt you shows you really don't know me at all. It was messy wednesday, but it wasn't bad. The problem i have with it is you HAVE the time to clean it, but you choose not to. You skype, you take pictures, you sleep, you want to go out. I don't mind a few things here and there, but when you don't make the bed, when you throw laundry on top of it, when i can't have a friend in the house because i'm embarassed that there's underwear and bras strewn on the bed, pillows on the floor, that's something else. You used to be good about at least making the bed.",790.0,162.0,last thing ever wanted hurt think would laugh embarassed delete tag keep going far knew even fact even felt like would hurt show really know messy wednesday bad problem time clean choose skype take picture sleep want go mind thing make bed throw laundry top friend house embarassed underwear bra strewn bed pillow floor something else used good least making bed,361,61
ham,I'll let you know when it kicks in,34.0,8.0,let know kick,13,3
ham,You call him now ok i said call him,35.0,9.0,call ok said call,17,4
ham,Call to the number which is available in appointment. And ask to connect the call to waheed fathima.,100.0,18.0,call number available appointment ask connect call waheed fathima,65,9
ham,Or Ì_ go buy wif him then i meet Ì_ later can?,46.0,12.0,go buy wif meet later,21,5
ham,Mmmm ... Fuck ... Not fair ! You know my weaknesses ! *grins* *pushes you to your knee's* *exposes my belly and pulls your head to it* Don't forget ... I know yours too *wicked smile*,183.0,36.0,mmmm fuck fair know weakness grin push knee expose belly pull head forget know wicked smile,91,16
ham,Today my system sh get ready.all is well and i am also in the deep well,71.0,16.0,today system sh get ready well also deep well,45,9
ham,Mom wants to know where you at,30.0,7.0,mom want know,13,3
ham,"Aight, I'll text you when I'm back",34.0,7.0,aight text back,15,3
ham,Dont know supports ass and srt i thnk. I think ps3 can play through usb too,75.0,16.0,dont know support as srt thnk think p play usb,46,10
ham,Oh ok i didnt know what you meant. Yep i am baby jontin,55.0,13.0,oh ok didnt know meant yep baby jontin,38,8
spam,You have WON a guaranteed å£1000 cash or a å£2000 prize.To claim yr prize call our customer service representative on,117.0,20.0,guaranteed cash prize claim yr prize call customer service representative,73,10
spam,Would you like to see my XXX pics they are so hot they were nearly banned in the uk!,84.0,19.0,would like see xxx pic hot nearly banned uk,43,9
spam,HMV BONUS SPECIAL 500 pounds of genuine HMV vouchers to be won. Just answer 4 easy questions. Play Now! Send HMV to 86688 More info:www.100percent-real.com,155.0,25.0,hmv bonus special pound genuine hmv voucher answer easy question play send hmv info www percent real com,104,18
ham,Watching tv now. I got new job :),33.0,8.0,watching tv got new job,23,5
ham,This pen thing is beyond a joke. Wont a Biro do? Don't do a masters as can't do this ever again! ,97.0,21.0,pen thing beyond joke wont biro master ever,43,8
ham,I AM AT A PARTY WITH ALEX NICHOLS,33.0,8.0,party alex nichols,18,3
spam,U have a secret admirer who is looking 2 make contact with U-find out who they R*reveal who thinks UR so special-call on 09058094594,132.0,24.0,secret admirer looking make contact find reveal think ur special call,69,11
ham,Just seeing your missed call my dear brother. Do have a gr8 day.,64.0,13.0,seeing missed call dear brother gr day,38,7
ham,Ok.. ÌÏ finishing soon?,23.0,4.0,ok finishing soon,17,3
ham,"Sorry, I can't help you on this.",32.0,7.0,sorry help,10,2
ham,"Come to me, slave. Your doing it again ... Going into your shell and unconsciously avoiding me ... You are making me unhappy :-(",128.0,24.0,come slave going shell unconsciously avoiding making unhappy,60,8
ham,I love your ass! Do you enjoy doggy style? :),45.0,10.0,love as enjoy doggy style,25,5
ham,I think asking for a gym is the excuse for lazy people. I jog.,62.0,14.0,think asking gym excuse lazy people jog,39,7
spam,Dear 0776xxxxxxx U've been invited to XCHAT. This is our final attempt to contact u! Txt CHAT to 86688 150p/MsgrcvdHG/Suite342/2Lands/Row/W1J6HL LDN 18yrs ,155.0,22.0,dear xxxxxxx invited xchat final attempt contact txt chat msgrcvdhg suite land row hl ldn yr,92,16
spam,Urgent! Please call 09061743811 from landline. Your ABTA complimentary 4* Tenerife Holiday or å£5000 cash await collection SAE T&Cs Box 326 CW25WX 150ppm,153.0,23.0,urgent please call landline abta complimentary tenerife holiday cash await collection sae c box cw wx ppm,105,17
ham,No. On the way home. So if not for the long dry spell the season would have been over,85.0,19.0,way home long dry spell season would,36,7
ham,I gotta collect da car at 6 lei.,32.0,8.0,got ta collect da car lei,25,6
ham,Ok but knackered. Just came home and went to sleep! Not good at this full time work lark.,89.0,18.0,ok knackered came home went sleep good full time work lark,58,11
ham,Probably earlier than that if the station's where I think it is,63.0,12.0,probably earlier station think,30,4
spam,CALL 09090900040 & LISTEN TO EXTREME DIRTY LIVE CHAT GOING ON IN THE OFFICE RIGHT NOW TOTAL PRIVACY NO ONE KNOWS YOUR [sic] LISTENING 60P MIN 24/7MP 0870753331018+,163.0,28.0,call listen extreme dirty live chat going office right total privacy one know sic listening min mp,98,17
ham,Good Morning plz call me sir,28.0,6.0,good morning plz call sir,25,5
spam,"FreeMsg Hey U, i just got 1 of these video/pic fones, reply WILD to this txt & ill send U my pics, hurry up Im so bored at work xxx (18 150p/rcvd STOP2stop)",156.0,33.0,freemsg hey got video pic fones reply wild txt ill send pic hurry im bored work xxx rcvd stop stop,98,20
ham,"Uh, heads up we don't have THAT much left",41.0,9.0,uh head much left,17,4
ham,I tot u outside cos darren say u come shopping. Of course we nice wat. We jus went sim lim look at mp3 player.,110.0,24.0,tot outside co darren say come shopping course nice wat jus went sim lim look mp player,87,17
ham,"Aight, sounds good. When do you want me to come down?",53.0,11.0,aight sound good want come,26,5
ham,Wat would u like 4 ur birthday?,31.0,7.0,wat would like ur birthday,26,5
ham,I love working from home :),27.0,6.0,love working home,17,3
ham,And miss vday the parachute and double coins??? U must not know me very well...,79.0,15.0,miss vday parachute double coin must know well,46,8
ham,"Sorry, I'll call later",22.0,4.0,sorry call later,16,3
ham,My sister got placed in birla soft da:-),40.0,8.0,sister got placed birla soft da,31,6
spam,Free entry in 2 a weekly comp for a chance to win an ipod. Txt POD to 80182 to get entry (std txt rate) T&C's apply 08452810073 for details 18+,143.0,30.0,free entry weekly comp chance win ipod txt pod get entry std txt rate apply detail,82,16
ham,Wah... Okie okie... Muz make use of e unlimited... Haha... ,59.0,10.0,wah okie okie muz make use unlimited haha,41,8
ham,"There're some people by mu, I'm at the table by lambda",54.0,11.0,people mu table lambda,22,4
ham,And stop being an old man. You get to build snowman snow angels and snowball fights.,84.0,16.0,stop old man get build snowman snow angel snowball fight,56,10
ham,ELLO BABE U OK?,15.0,4.0,ello babe ok,12,3
ham,Hello beautiful r u ok? I've kinda ad a row wiv and he walked out the pub?? I wanted a night wiv u Miss u ,106.0,25.0,hello beautiful ok kinda ad row wiv walked pub wanted night wiv miss,68,13
ham,Then u going ikea str aft dat?,30.0,7.0,going ikea str aft dat,22,5
ham,Becoz its  &lt,14.0,3.0,becoz lt,8,2
ham,Lol grr my mom is taking forever with my prescription. Pharmacy is like 2 minutes away. Ugh.,92.0,17.0,lol grr mom taking forever prescription pharmacy like minute away ugh,69,11
ham,For real tho this sucks. I can't even cook my whole electricity is out. And I'm hungry.,87.0,17.0,real tho suck even cook whole electricity hungry,48,8
ham,You want to go? ,16.0,4.0,want go,7,2
spam,New TEXTBUDDY Chat 2 horny guys in ur area 4 just 25p Free 2 receive Search postcode or at gaytextbuddy.com. TXT ONE name to 89693. 08715500022 rpl Stop 2 cnl,158.0,30.0,new textbuddy chat horny guy ur area free receive search postcode gaytextbuddy com txt one name rpl stop cnl,108,19
ham,Its not that time of the month nor mid of the time?,51.0,12.0,time month mid time,19,4
ham,Fffff. Can you text kadeem or are you too far gone,50.0,11.0,fffff text kadeem far gone,26,5
ham,We not leaving yet. Ok lor then we go elsewhere n eat. U thk...,63.0,14.0,leaving yet ok lor go elsewhere eat thk,39,8
ham,Is fujitsu s series lifebook good?,34.0,6.0,fujitsu series lifebook good,28,4
ham,Yar i wanted 2 scold u yest but late already... I where got zhong se qing you? If u ask me b4 he ask me then i'll go out w u all lor. N u still can act so real.,160.0,40.0,yar wanted scold yest late already got zhong se qing ask ask go lor still act real,82,17
ham,Dont know you bring some food,29.0,6.0,dont know bring food,20,4
ham,No current and food here. I am alone also,41.0,9.0,current food alone also,23,4
ham,I'll be in sch fr 4-6... I dun haf da book in sch... It's at home...,68.0,16.0,sch fr dun haf da book sch home,31,8
ham,Hello. They are going to the village pub at 8 so either come here or there accordingly. Ok?,91.0,18.0,hello going village pub either come accordingly ok,50,8
ham,Ok,2.0,1.0,ok,2,1
ham,We don call like  &lt,21.0,5.0,call like lt,12,3
ham,"Dont give a monkeys wot they think and i certainly don't mind. Any friend of mine&all that! Just don't sleep wiv , that wud be annoyin!",135.0,26.0,dont give monkey wot think certainly mind friend mine sleep wiv wud annoyin,75,13
ham,Omg it could snow here tonite!,30.0,6.0,omg could snow tonite,21,4
spam,Call from 08702490080 - tells u 2 call 09066358152 to claim å£5000 prize. U have 2 enter all ur mobile & personal details @ the prompts. Careful!,145.0,27.0,call tell call claim prize enter ur mobile personal detail prompt careful,73,12
spam,Free 1st week entry 2 TEXTPOD 4 a chance 2 win 40GB iPod or å£250 cash every wk. Txt VPOD to 81303 Ts&Cs www.textpod.net custcare 08712405020.,142.0,26.0,free st week entry textpod chance win gb ipod cash every wk txt vpod t c www textpod net custcare,97,20
ham,Carry on not disturbing both of you,35.0,7.0,carry disturbing,16,2
ham,What pa tell me.. I went to bath:-),35.0,8.0,pa tell went bath,17,4
ham,Jus finished avatar nigro,25.0,4.0,jus finished avatar nigro,25,4
ham,R u over scratching it?,23.0,5.0,scratching,10,1
ham,Hope you are having a great day.,32.0,7.0,hope great day,14,3
ham,Did either of you have any idea's? Do you know of anyplaces doing something?,76.0,14.0,either idea know anyplaces something,36,5
ham,My planning usually stops at \find hella weed,45.0,8.0,planning usually stop find hella weed,37,6
ham,The fact that you're cleaning shows you know why i'm upset. Your priority is constantly \what i want to do,106.0,20.0,fact cleaning show know upset priority constantly want,54,8
ham,Excellent! Are you ready to moan and scream in ecstasy?,55.0,10.0,excellent ready moan scream ecstasy,35,5
spam,More people are dogging in your area now. Call 09090204448 and join like minded guys. Why not arrange 1 yourself. There's 1 this evening. Aå£1.50 minAPN LS278BB,160.0,27.0,people dogging area call join like minded guy arrange evening minapn l bb,73,13
ham,Dude avatar 3d was imp. At one point i thought there were actually flies in the room and almost tried hittng one as a reflex,124.0,25.0,dude avatar imp one point thought actually fly room almost tried hittng one reflex,82,14
spam,"WELL DONE! Your 4* Costa Del Sol Holiday or å£5000 await collection. Call 09050090044 Now toClaim. SAE, TCs, POBox334, Stockport, SK38xh, Costå£1.50/pm, Max10mins",162.0,23.0,well done costa del sol holiday await collection call toclaim sae tc pobox stockport sk xh cost pm max min,106,20
ham,K...k:)why cant you come here and search job:),46.0,8.0,cant come search job,20,4
ham,I got lousy sleep. I kept waking up every 2 hours to see if my cat wanted to come in. I worry about him when its cold :(,120.0,28.0,got lousy sleep kept waking every hour see cat wanted come worry cold,69,13
ham,"Yeah, I'll leave in a couple minutes &amp",41.0,8.0,yeah leave couple minute amp,28,5
ham,Can Ì_ call me at 10:10 to make sure dat i've woken up...,57.0,13.0,call make sure dat woken,24,5
ham,Hey we can go jazz power yoga hip hop kb and yogasana ,54.0,12.0,hey go jazz power yoga hip hop kb yogasana,42,9
ham,The battery is for mr adewale my uncle. Aka Egbon,49.0,10.0,battery mr adewale uncle aka egbon,34,6
ham,I cant pick the phone right now. Pls send a message,51.0,11.0,cant pick phone right pls send message,38,7
ham,Wait 2 min..stand at bus stop,29.0,6.0,wait min stand bus stop,23,5
ham,Oh ic. I thought you meant mary jane.,37.0,8.0,oh ic thought meant mary jane,29,6
ham,Haha... Really oh no... How? Then will they deduct your lesson tmr?,67.0,12.0,haha really oh deduct lesson tmr,32,6
ham,Nah im goin 2 the wrks with j wot bout u?,41.0,11.0,nah im goin wrks wot bout,25,6
ham,Then just eat a shit and wait for ur monkey face bitch.......... U asshole..................,92.0,14.0,eat shit wait ur monkey face bitch asshole,42,8
ham,Good night. Am going to sleep.,30.0,6.0,good night going sleep,22,4
ham,"Aight I'll grab something to eat too, text me when you're back at mu",68.0,14.0,aight grab something eat text back mu,37,7
ham,K...k:)why cant you come here and search job:),46.0,8.0,cant come search job,20,4
ham,Take something for pain. If it moves however to any side in the next 6hrs see a doctor.,87.0,18.0,take something pain move however side next hr see doctor,56,10
ham,"Lol ... Oh no babe, I wont be sliding into your place after midnight, but thanks for the invite",95.0,19.0,lol oh babe wont sliding place midnight thanks invite,53,9
ham,Howz that persons story,23.0,4.0,howz person story,17,3
spam,Guess what! Somebody you know secretly fancies you! Wanna find out who it is? Give us a call on 09065394973 from Landline DATEBox1282EssexCM61XN 150p/min 18,156.0,25.0,guess somebody know secretly fancy wan na find give u call landline datebox essexcm xn min,90,16
ham,LOL that would be awesome payback.,34.0,6.0,lol would awesome payback,25,4
spam,it to 80488. Your 500 free text messages are valid until 31 December 2005.,74.0,14.0,free text message valid december,32,5
ham,Yes :)it completely in out of form:)clark also utter waste.,59.0,10.0,yes completely form clark also utter waste,42,7
ham,Honeybee Said: *I'm d Sweetest in d World* God Laughed &amp,59.0,11.0,honeybee said sweetest world god laughed amp,44,7
ham,Thanks. It was only from tescos but quite nice. All gone now. Speak soon ,73.0,14.0,thanks tescos quite nice gone speak soon,40,7
ham,What's a feathery bowa? Is that something guys have that I don't know about?,76.0,14.0,feathery bowa something guy know,32,5
ham,Even i cant close my eyes you are in me our vava playing umma :-D,65.0,15.0,even cant close eye vava playing umma,37,7
ham,2 laptop... I noe infra but too slow lar... I wan fast one,58.0,13.0,laptop noe infra slow lar wan fast one,38,8
spam,You have won a guaranteed å£200 award or even å£1000 cashto claim UR award call free on 08000407165 (18+) 2 stop getstop on 88222 PHP,133.0,25.0,guaranteed award even cashto claim ur award call free stop getstop php,70,12
ham,Nvm it's ok...,14.0,3.0,nvm ok,6,2
ham,Enjoy ur life. . Good night,27.0,6.0,enjoy ur life good night,24,5
ham,Yes but can we meet in town cos will go to gep and then home. You could text at bus stop. And don't worry we'll have finished by march Û_ ish!,143.0,31.0,yes meet town co go gep home could text bus stop worry finished march ish,73,15
ham,I had askd u a question some hours before. Its answer,53.0,11.0,askd question hour answer,25,4
ham,Thats cool. Where should i cum? On you or in you? :),52.0,12.0,thats cool cum,14,3
ham,Delhi and chennai still silent.,31.0,5.0,delhi chennai still silent,26,4
ham,Lol alright i was thinkin that too haha,39.0,8.0,lol alright thinkin haha,24,4
spam,Reply to win å£100 weekly! Where will the 2006 FIFA World Cup be held? Send STOP to 87239 to end service,104.0,21.0,reply win weekly fifa world cup held send stop end service,58,11
ham,No I'm in the same boat. Still here at my moms. Check me out on yo. I'm half naked.,83.0,19.0,boat still mom check yo half naked,34,7
ham,Shhhhh nobody is supposed to know!,34.0,6.0,shhhhh nobody supposed know,27,4
ham,"Sorry, I'll call later",22.0,4.0,sorry call later,16,3
ham,"Sorry, I'll call later in meeting any thing related to trade please call Arul. &lt",82.0,15.0,sorry call later meeting thing related trade please call arul lt,64,11
ham,Hey i will be late... i'm at amk. Need to drink tea or coffee,61.0,14.0,hey late amk need drink tea coffee,34,7
ham,I wnt to buy a BMW car urgently..its vry urgent.but hv a shortage of  &lt,73.0,15.0,wnt buy bmw car urgently vry urgent hv shortage lt,50,10
spam,Urgent! Please call 09061743810 from landline. Your ABTA complimentary 4* Tenerife Holiday or #5000 cash await collection SAE T&Cs Box 326 CW25WX 150 ppm,153.0,24.0,urgent please call landline abta complimentary tenerife holiday cash await collection sae c box cw wx ppm,105,17
ham,The length is e same but e top shorter n i got a fringe now. I thk i'm not going liao. Too lazy. Dun wan 2 distract u also.,123.0,29.0,length top shorter got fringe thk going liao lazy dun wan distract also,71,13
ham,S..antha num corrct dane,24.0,4.0,antha num corrct dane,21,4
ham,No calls..messages..missed calls,32.0,3.0,call message missed call,24,4
ham,"Sorry, I'll call later",22.0,4.0,sorry call later,16,3
ham,The basket's gettin full so I might be by tonight,49.0,10.0,basket gettin full might tonight,32,5
ham,HI DARLIN IVE JUST GOT BACK AND I HAD A REALLY NICE NIGHT AND THANKS SO MUCH FOR THE LIFT SEE U TOMORROW XXX,108.0,24.0,hi darlin ive got back really nice night thanks much lift see tomorrow xxx,74,14
ham,No other Valentines huh? The proof is on your fb page. Ugh I'm so glad I really DIDN'T watch your rupaul show you TOOL!,119.0,24.0,valentine huh proof fb page ugh glad really watch rupaul show tool,66,12
spam,Free tones Hope you enjoyed your new content. text stop to 61610 to unsubscribe. help:08712400602450p Provided by tones2you.co.uk,129.0,18.0,free tone hope enjoyed new content text stop unsubscribe help provided tone co uk,81,14
ham,Eh den sat u book e kb liao huh...,34.0,9.0,eh den sat book kb liao huh,27,7
ham,Have you been practising your curtsey?,38.0,6.0,practising curtsey,18,2
ham,Shall i come to get pickle,26.0,6.0,shall come get pickle,21,4
ham,Lol boo I was hoping for a laugh,32.0,8.0,lol boo hoping laugh,20,4
ham,\YEH I AM DEF UP4 SOMETHING SAT,31.0,7.0,yeh def something sat,21,4
ham,"Well, I have to leave for my class babe ... You never came back to me ... :-( ... Hope you have a nice sleep, my love",117.0,27.0,well leave class babe never came back hope nice sleep love,58,11
ham,LMAO where's your fish memory when I need it?,45.0,9.0,lmao fish memory need,21,4
ham,But i'll b going 2 sch on mon. My sis need 2 take smth.,55.0,14.0,going sch mon si need take smth,31,7
ham,Idea will soon get converted to live:),38.0,7.0,idea soon get converted live,28,5
spam,TheMob>Yo yo yo-Here comes a new selection of hot downloads for our members to get for FREE! Just click & open the next link sent to ur fone...,143.0,28.0,themob yo yo yo come new selection hot downloads member get free click open next link sent ur fone,98,19
ham,S....s...india going to draw the series after many years in south african soil..,80.0,13.0,india going draw series many year south african soil,52,9
ham,"Goodmorning, today i am late for  &lt",37.0,7.0,goodmorning today late lt,25,4
ham,Can't take any major roles in community outreach. You rock mel,62.0,11.0,take major role community outreach rock mel,43,7
ham,Shopping lor. Them raining mah hard 2 leave orchard.,52.0,9.0,shopping lor raining mah hard leave orchard,43,7
ham,Hi here. have birth at on the  to  at 8lb 7oz. Mother and baby doing brilliantly.,81.0,16.0,hi birth lb oz mother baby brilliantly,38,7
ham,See the forwarding message for proof,36.0,6.0,see forwarding message proof,28,4
ham,"I can't keep going through this. It was never my intention to run you out, but if you choose to do that rather than keep the room clean so *I* don't have to say no to visitors, then maybe that's the best choice. Yes, I wanted you to be embarassed, so maybe you'd feel for once how I feel when i have a friend who wants to drop buy and i have to say no, as happened this morning. I've tried everything. I don't know what else to do.",431.0,89.0,keep going never intention run choose rather keep room clean say visitor maybe best choice yes wanted embarassed maybe feel feel friend want drop buy say happened morning tried everything know else,197,32
ham,Dunno lei... I thk mum lazy to go out... I neva ask her yet...,62.0,14.0,dunno lei thk mum lazy go neva ask yet,38,9
ham,"Do whatever you want. You know what the rules are. We had a talk earlier this week about what had to start happening, you showing responsibility. Yet, every week it's can i bend the rule this way? What about that way? Do whatever. I'm tired of having thia same argument with you every week. And a  &lt",301.0,57.0,whatever want know rule talk earlier week start happening showing responsibility yet every week bend rule way way whatever tired thia argument every week lt,156,25
ham,"Beautiful Truth against Gravity.. Read carefully: \Our heart feels light when someone is in it.. But it feels very heavy when someone leaves it..\"" GOODMORNING""",160.0,25.0,beautiful truth gravity read carefully heart feel light someone feel heavy someone leaf goodmorning,99,14
spam,Great News! Call FREEFONE 08006344447 to claim your guaranteed å£1000 CASH or å£2000 gift. Speak to a live operator NOW!,120.0,20.0,great news call freefone claim guaranteed cash gift speak live operator,71,11
ham,Ambrith..madurai..met u in arun dha marrge..remembr?,52.0,6.0,ambrith madurai met arun dha marrge remembr,43,7
ham,Just re read it and I have no shame but tell me how he takes it and if he runs I will blame u 4 ever!! Not really 4 ever just a long time ,138.0,34.0,read shame tell take run blame ever really ever long time,57,11
ham,"Princess, is your kitty shaved or natural?",42.0,7.0,princess kitty shaved natural,29,4
ham,"Better than bb. If he wont use it, his wife will or them doctor",63.0,14.0,better bb wont use wife doctor,30,6
ham,Ya it came a while ago,22.0,6.0,ya came ago,11,3
ham,From tomorrow onwards eve 6 to 3 work.,38.0,8.0,tomorrow onwards eve work,25,4
ham,Anything lor but toa payoh got place 2 walk meh...,50.0,10.0,anything lor toa payoh got place walk meh,41,8
ham,"I don't have anybody's number, I still haven't thought up a tactful way to ask alex",83.0,16.0,anybody number still thought tactful way ask alex,49,8
spam,"U can WIN å£100 of Music Gift Vouchers every week starting NOW Txt the word DRAW to 87066 TsCs www.ldew.com SkillGame,1Winaweek, age16.150ppermessSubscription",158.0,22.0,win music gift voucher every week starting txt word draw tscs www ldew com skillgame winaweek age ppermesssubscription,118,18
ham,Is there any movie theatre i can go to and watch unlimited movies and just pay once?,84.0,17.0,movie theatre go watch unlimited movie pay,42,7
ham,U having lunch alone? I now so bored...,39.0,8.0,lunch alone bored,17,3
ham,"Yes obviously, but you are the eggs-pert and the potato headÛ_ Speak soon! ",76.0,13.0,yes obviously egg pert potato head speak soon,45,8
ham,"Nah man, my car is meant to be crammed full of people",53.0,12.0,nah man car meant crammed full people,37,7
ham,No got new job at bar in airport on satsgettin 4.47per hour but means no lie in! keep in touch,94.0,20.0,got new job bar airport satsgettin per hour mean lie keep touch,63,12
ham,Kallis is ready for bat in 2nd innings,38.0,8.0,kallis ready bat nd inning,26,5
ham,Thanx but my birthday is over already.,38.0,7.0,thanx birthday already,22,3
ham,"Ugh y can't u just apologize, admit u were wrong and ask me to take u back?",75.0,17.0,ugh apologize admit wrong ask take back,39,7
ham,"I noe la... U wana pei bf oso rite... K lor, other days den...",62.0,14.0,noe la wana pei bf oso rite lor day den,39,10
ham,"Yes, i'm small kid.. And boost is the secret of my energy..",59.0,12.0,yes small kid boost secret energy,33,6
ham,IM GONNA MISS U SO MUCH,23.0,6.0,im gon na miss much,19,5
ham,Is avatar supposed to have subtoitles,37.0,6.0,avatar supposed subtoitles,26,3
ham,Simply sitting and watching match in office..,45.0,7.0,simply sitting watching match office,36,5
ham,You can jot down things you want to remember later.,51.0,10.0,jot thing want remember later,29,5
ham,Oh sorry please its over,24.0,5.0,oh sorry please,15,3
ham,Hey are we going for the lo lesson or gym? ,43.0,10.0,hey going lo lesson gym,23,5
ham,"Dont pack what you can buy at any store.like cereals. If you must pack food, pack gari or something 9ja that you will miss.",123.0,24.0,dont pack buy store like cereal must pack food pack gari something ja miss,74,14
ham,You always make things bigger than they are,43.0,8.0,always make thing bigger,24,4
ham,ÌÏ dun wan to watch infernal affair?,36.0,7.0,dun wan watch infernal affair,29,5
ham,"Me not waking up until 4 in the afternoon, sup",46.0,10.0,waking afternoon sup,20,3
spam,4mths half price Orange line rental & latest camera phones 4 FREE. Had your phone 11mths ? Call MobilesDirect free on 08000938767 to update now! or2stoptxt,155.0,26.0,mths half price orange line rental latest camera phone free phone mths call mobilesdirect free update stoptxt,109,17
ham,I can send you a pic if you like :),35.0,10.0,send pic like,13,3
ham,Okay... I booked all already... Including the one at bugis.,59.0,10.0,okay booked already including one bugis,39,6
ham,"Aight fuck it, I'll get it later",32.0,7.0,aight fuck get later,20,4
ham,No de. But call me after some time. Ill tell you k,50.0,12.0,de call time ill tell,21,5
ham,So dont use hook up any how,27.0,7.0,dont use hook,13,3
ham,How much is blackberry bold2 in nigeria.,40.0,7.0,much blackberry bold nigeria,28,4
ham,Hi where you. You in home or calicut?,37.0,8.0,hi home calicut,15,3
ham,Hey darlin.. i can pick u up at college if u tell me wen & where 2 mt.. love Pete xx,84.0,21.0,hey darlin pick college tell wen mt love pete xx,48,10
spam,"Call 09094100151 to use ur mins! Calls cast 10p/min (mob vary). Service provided by AOM, just GBP5/month. AOM Box61,M60 1ER until u stop. Ages 18+ only!",152.0,26.0,call use ur min call cast min mob vary service provided aom gbp month aom box er stop age,89,19
ham,"Oh... I was thkin of goin yogasana at 10 den no nd to go at 3 den can rush to parco 4 nb... Okie lor, u call me when ready...",125.0,30.0,oh thkin goin yogasana den nd go den rush parco nb okie lor call ready,70,15
ham,Y so late but i need to go n get da laptop...,45.0,12.0,late need go get da laptop,26,6
ham,"Sir, I am waiting for your mail.",32.0,7.0,sir waiting mail,16,3
ham,.Please charge my mobile when you get up in morning.,52.0,10.0,please charge mobile get morning,32,5
ham,"Nothing, i got msg frm tht unknown no..",39.0,8.0,nothing got msg frm tht unknown,31,6
ham,Ugh fuck it I'm resubbing to eve,32.0,7.0,ugh fuck resubbing eve,22,4
ham,He didn't see his shadow. We get an early spring yay,52.0,11.0,see shadow get early spring yay,31,6
ham,I did. One slice and one breadstick. Lol,40.0,8.0,one slice one breadstick lol,28,5
ham,"Hey ! I want you ! I crave you ! I miss you ! I need you ! I love you, Ahmad Saeed al Hallaq ...",96.0,26.0,hey want crave miss need love ahmad saeed al hallaq,51,10
ham,Is there any training tomorrow?,31.0,5.0,training tomorrow,17,2
spam,"URGENT! Your mobile No *********** WON a å£2,000 Bonus Caller Prize on 02/06/03! This is the 2nd attempt to reach YOU! Call 09066362220 ASAP! BOX97N7QP, 150ppm",159.0,26.0,urgent mobile bonus caller prize nd attempt reach call asap box qp ppm,70,13
ham,Pass dis to all ur contacts n see wat u get! Red,48.0,12.0,pas dis ur contact see wat get red,34,8
ham,Cos daddy arranging time c wat time fetch Ì_ mah...,51.0,10.0,co daddy arranging time wat time fetch mah,42,8
ham,Then. You are eldest know.,26.0,5.0,eldest know,11,2
ham,Who's there say hi to our drugdealer,36.0,7.0,say hi drugdealer,17,3
ham,Its hard to believe things like this. All can say lie but think twice before saying anything to me.,99.0,19.0,hard believe thing like say lie think twice saying anything,59,10
spam,"Eerie Nokia tones 4u, rply TONE TITLE to 8007 eg TONE DRACULA to 8007 Titles: GHOST, ADDAMSFA, MUNSTERS, EXORCIST, TWILIGHT www.getzed.co.uk POBox36504W45WQ 150p ",162.0,23.0,eerie nokia tone rply tone title eg tone dracula title ghost addamsfa munsters exorcist twilight www getzed co uk pobox wq,122,21
spam,Sexy Singles are waiting for you! Text your AGE followed by your GENDER as wither M or F E.G.23F. For gay men text your AGE followed by a G. e.g.23G.,149.0,30.0,sexy single waiting text age followed gender wither gay men text age followed,77,13
ham,Good night my dear.. Sleepwell&amp,34.0,5.0,good night dear sleepwell amp,29,5
ham,That is wondarfull song,23.0,4.0,wondarfull song,15,2
spam,"FreeMsg: Claim ur 250 SMS messages-Text OK to 84025 now!Use web2mobile 2 ur mates etc. Join Txt250.com for 1.50p/wk. T&C BOX139, LA32WU. 16 . Remove txtX or stop",161.0,28.0,freemsg claim ur sm message text ok use web mobile ur mate etc join txt com wk box la wu remove txtx stop,105,23
ham,Yar lor actually we quite fast... Cos da ge slow wat... Haha...,63.0,12.0,yar lor actually quite fast co da ge slow wat haha,50,11
ham,Must come later.. I normally bathe him in da afternoon mah..,60.0,11.0,must come later normally bathe da afternoon mah,47,8
ham,"Trust me. Even if isn't there, its there.",41.0,8.0,trust even,10,2
ham,Hey hun-onbus goin 2 meet him. He wants 2go out 4a meal but I donyt feel like it cuz have 2 get last bus home!But hes sweet latelyxxx,133.0,28.0,hey hun onbus goin meet want go meal donyt feel like cuz get last bus home he sweet latelyxxx,93,19
spam,85233 FREE>Ringtone!Reply REAL,30.0,3.0,free ringtone reply real,24,4
ham,I can take you at like noon,27.0,7.0,take like noon,14,3
ham,Where is it. Is there any opening for mca.,42.0,9.0,opening mca,11,2
ham,I'm aight. Wat's happening on your side.,40.0,7.0,aight wat happening side,24,4
ham,I'm done oredi...,17.0,3.0,done oredi,10,2
ham,"you are sweet as well, princess. Please tell me your likes and dislikes in bed...",81.0,15.0,sweet well princess please tell like dislike bed,48,8
ham,How are you. Wish you a great semester,38.0,8.0,wish great semester,19,3
ham,Moji i love you more than words. Have a rich day,48.0,11.0,moji love word rich day,23,5
ham,Dude how do you like the buff wind.,35.0,8.0,dude like buff wind,19,4
ham,\alright babe,13.0,2.0,alright babe,12,2
spam,Well done ENGLAND! Get the official poly ringtone or colour flag on yer mobile! text TONE or FLAG to 84199 NOW! Opt-out txt ENG STOP. Box39822 W111WX å£1.50,156.0,28.0,well done england get official poly ringtone colour flag yer mobile text tone flag opt txt eng stop box wx,106,20
ham,"No i'm not. I can't give you everything you want and need. You actually could do better for yourself on yor own--you've got more money than i do. I can't get work, i can't get a man, i can't pay the rent, i can't even fill my fucking gas tank. yes, i'm stressed and depressed. I didn't even call home for thanksgiving cuz i'll have to tell them i,m up to nothing.",363.0,72.0,give everything want need actually could better yor got money get work get man pay rent even fill fucking gas tank yes stressed depressed even call home thanksgiving cuz tell nothing,182,31
ham,S:-)kallis wont play in first two odi:-),40.0,7.0,kallis wont play first two odi,30,6
ham,Then get some cash together and I'll text jason,47.0,9.0,get cash together text jason,28,5
ham,"Oh, my love, it's soooo good to hear from you. Omg I missed you so much today. I'm sorry your having problems with the provider but thank you for tming me",154.0,31.0,oh love soooo good hear omg missed much today sorry problem provider thank tming,80,14
spam,"Final Chance! Claim ur å£150 worth of discount vouchers today! Text YES to 85023 now! SavaMob, member offers mobile! T Cs SavaMob POBOX84, M263UZ. å£3.00 Subs 16",161.0,27.0,final chance claim ur worth discount voucher today text yes savamob member offer mobile c savamob pobox uz sub,110,19
spam,PRIVATE! Your 2004 Account Statement for 07742676969 shows 786 unredeemed Bonus Points. To claim call 08719180248 Identifier Code: 45239 Expires,144.0,20.0,private account statement show unredeemed bonus point claim call identifier code expires,88,12
ham,"Probably, want to pick up more?",31.0,6.0,probably want pick,18,3
ham,I'm done...,11.0,2.0,done,4,1
ham,Are you the cutest girl in the world or what,44.0,10.0,cutest girl world,17,3
ham,"No dice, art class 6 thru 9 :( thanks though. Any idea what time I should come tomorrow?",88.0,18.0,dice art class thru thanks though idea time come tomorrow,57,10
spam,"SMS SERVICES. for your inclusive text credits, pls goto www.comuk.net login= ***** unsubscribe with STOP. no extra charge. help:08700469649. PO BOX420. IP4 5WE",159.0,23.0,sm service inclusive text credit pls goto www comuk net login unsubscribe stop extra charge help po box ip,106,19
ham,Oh Howda gud gud.. Mathe en samachara chikku:-),47.0,8.0,oh howda gud gud mathe en samachara chikku,42,8
ham,I thk 530 lor. But dunno can get tickets a not. Wat u doing now?,64.0,15.0,thk lor dunno get ticket wat,28,6
ham,Audrie lousy autocorrect,24.0,3.0,audrie lousy autocorrect,24,3
ham,Its a site to simulate the test. It just gives you very tough questions to test your readiness.,95.0,18.0,site simulate test give tough question test readiness,53,8
ham,Anyway seriously hit me up when you're back because otherwise I have to light up with armand and he always has shit and/or is vomiting,134.0,25.0,anyway seriously hit back otherwise light armand always shit vomiting,69,10
ham,I fetch yun or u fetch?,23.0,6.0,fetch yun fetch,15,3
ham,Thank you. I like you as well...,32.0,7.0,thank like well,15,3
ham,"Hmmm ... And imagine after you've come home from that having to rub my feet, make me dinner and help me get ready for my date ! Are you sure your ready for that kind of life ?",175.0,38.0,hmmm imagine come home rub foot make dinner help get ready date sure ready kind life,84,16
spam,"FREE2DAY sexy St George's Day pic of Jordan!Txt PIC to 89080 dont miss out, then every wk a saucy celeb!4 more pics c PocketBabe.co.uk 0870241182716 å£3/wk",155.0,26.0,free day sexy st george day pic jordan txt pic dont miss every wk saucy celeb pic pocketbabe co uk wk,101,21
ham,Lara said she can loan me  &lt,30.0,7.0,lara said loan lt,17,4
ham,Do we have any spare power supplies,35.0,7.0,spare power supply,18,3
ham,Yar he quite clever but aft many guesses lor. He got ask me 2 bring but i thk darren not so willing 2 go. Aiya they thk leona still not attach wat.,147.0,32.0,yar quite clever aft many guess lor got ask bring thk darren willing go aiya thk leona still attach wat,103,20
spam,You are a winner you have been specially selected to receive å£1000 cash or a å£2000 award. Speak to a live operator to claim call 087123002209am-7pm. Cost 10p,159.0,28.0,winner specially selected receive cash award speak live operator claim call pm cost,83,13
ham,"Yeah, don't go to bed, I'll be back before midnight",51.0,10.0,yeah go bed back midnight,25,5
spam,"Sunshine Hols. To claim ur med holiday send a stamped self address envelope to Drinks on Us UK, PO Box 113, Bray, Wicklow, Eire. Quiz Starts Saturday! Unsub Stop",161.0,29.0,sunshine hols claim ur med holiday send stamped self address envelope drink u uk po box bray wicklow eire quiz start saturday unsub stop,136,24
ham,Well I wasn't available as I washob nobbing with last night so they had to ask Nickey Platt instead of me!,106.0,21.0,well available washob nobbing last night ask nickey platt instead,65,10
ham,"It's that time of the week again, ryan",38.0,8.0,time week ryan,14,3
ham,Wish u many many returns of the day.. Happy birthday vikky..,60.0,11.0,wish many many return day happy birthday vikky,46,8
spam,"U can WIN å£100 of Music Gift Vouchers every week starting NOW Txt the word DRAW to 87066 TsCs www.Idew.com SkillGame, 1Winaweek, age16. 150ppermessSubscription",160.0,24.0,win music gift voucher every week starting txt word draw tscs www idew com skillgame winaweek age ppermesssubscription,118,18
ham,I hope you know I'm still mad at you.,37.0,9.0,hope know still mad,19,4
ham,"Argh my 3g is spotty, anyway the only thing I remember from the research we did was that province and sterling were the only problem-free places we looked at",157.0,29.0,argh spotty anyway thing remember research province sterling problem free place looked,86,12
ham,In xam hall boy asked girl Tell me the starting term for dis answer I can den manage on my own After lot of hesitation n lookin around silently she said THE! intha ponnungale ipaditan,183.0,35.0,xam hall boy asked girl tell starting term dis answer den manage lot hesitation lookin around silently said intha ponnungale ipaditan,133,21
ham,Do you know when the result.,28.0,6.0,know result,11,2
spam,+123 Congratulations - in this week's competition draw u have won the å£1450 prize to claim just call 09050002311 b4280703. T&Cs/stop SMS 08718727868. Over 18 only 150ppm,170.0,27.0,congratulation week competition draw prize claim call c stop sm ppm,67,11
ham,"Beautiful Truth against Gravity.. Read carefully: \Our heart feels light when someone is in it.. But it feels very heavy when someone leaves it..\"" GOOD NIGHT""",159.0,26.0,beautiful truth gravity read carefully heart feel light someone feel heavy someone leaf good night,98,15
ham,"Sorry im getting up now, feel really bad- totally rejected that kinda me thing.",79.0,14.0,sorry im getting feel really bad totally rejected kinda thing,61,10
ham,You do got a shitload of diamonds though,40.0,8.0,got shitload diamond though,27,4
ham,Tessy..pls do me a favor. Pls convey my birthday wishes to Nimya..pls dnt forget it. Today is her birthday Shijas,113.0,20.0,tessy pls favor pls convey birthday wish nimya pls dnt forget today birthday shijas,83,14
ham,Well I'm going to be an aunty!,30.0,7.0,well going aunty,16,3
ham,Mine here like all fr china then so noisy.,42.0,9.0,mine like fr china noisy,24,5
ham,Later i guess. I needa do mcat study too.,41.0,9.0,later guess needa mcat study,28,5
ham,S...from the training manual it show there is no tech process:)its all about password reset and troubleshooting:),113.0,17.0,training manual show tech process password reset troubleshooting,64,8
spam,Your B4U voucher w/c 27/03 is MARSMS. Log onto www.B4Utele.com for discount credit. To opt out reply stop. Customer care call 08717168528,137.0,22.0,voucher marsms log onto www utele com discount credit opt reply stop customer care call,87,15
ham,"Spoke with uncle john today. He strongly feels that you need to sacrifice to keep me here. He's going to call you. When he does, i beg you to just listen. Dont make any promises or make it clear things are not easy. And i need you to please let us work things out. As long as i keep expecting help, my creativity will be stifled so pls just keep him happy, no promises on your part.",382.0,77.0,spoke uncle john today strongly feel need sacrifice keep going call beg listen dont make promise make clear thing easy need please let u work thing long keep expecting help creativity stifled pls keep happy promise part,219,37
ham,If he started searching he will get job in few days.he have great potential and talent.,87.0,16.0,started searching get job day great potential talent,52,8
ham,"Carlos took a while (again), we leave in a minute",49.0,10.0,carlos took leave minute,24,4
ham,Well done and ! luv ya all ,27.0,7.0,well done luv ya,16,4
ham,Then why you came to hostel.,28.0,6.0,came hostel,11,2
ham,K still are you loving me.,26.0,6.0,still loving,12,2
ham,But i juz remembered i gotta bathe my dog today..,49.0,10.0,juz remembered got ta bathe dog today,37,7
ham,After the drug she will be able to eat.,39.0,9.0,drug able eat,13,3
ham,Alright took the morphine. Back in yo.,38.0,7.0,alright took morphine back yo,29,5
ham,You see the requirements please,31.0,5.0,see requirement please,22,3
ham,You stayin out of trouble stranger!!saw Dave the other day heåÕs sorted now!still with me bloke when u gona get a girl MR!ur mum still Thinks we will get 2GETHA! ,162.0,30.0,stayin trouble stranger saw dave day sorted still bloke gona get girl mr ur mum still think get getha,101,19
spam,FreeMsg: Hey - I'm Buffy. 25 and love to satisfy men. Home alone feeling randy. Reply 2 C my PIX! QlynnBV Help08700621170150p a msg Send stop to stop txts,154.0,29.0,freemsg hey buffy love satisfy men home alone feeling randy reply pix qlynnbv help msg send stop stop txts,106,19
spam,"Sunshine Hols. To claim ur med holiday send a stamped self address envelope to Drinks on Us UK, PO Box 113, Bray, Wicklow, Eire. Quiz Starts Saturday! Unsub Stop",161.0,29.0,sunshine hols claim ur med holiday send stamped self address envelope drink u uk po box bray wicklow eire quiz start saturday unsub stop,136,24
ham,So can collect ur laptop?,25.0,5.0,collect ur laptop,17,3
ham,"Ok. Can be later showing around 8-8:30 if you want + cld have drink before. Wld prefer not to spend money on nosh if you don't mind, as doing that nxt wk.",154.0,32.0,ok later showing around want cld drink wld prefer spend money nosh mind nxt wk,78,15
ham,I will once i get home,22.0,6.0,get home,8,2
ham,Waaaat?? Lololo ok next time then!,34.0,6.0,waaaat lololo ok next time,26,5
ham,"The table's occupied, I'm waiting by the tree",45.0,8.0,table occupied waiting tree,27,4
ham,I surely dont forgot to come:)i will always be in touch in with you:-),70.0,14.0,surely dont forgot come always touch,36,6
ham,Hi kindly give us back our documents which we submitted for loan from STAPATI,77.0,14.0,hi kindly give u back document submitted loan stapati,53,9
ham,I dont have i shall buy one dear,32.0,8.0,dont shall buy one dear,23,5
ham,Oh god i am happy to see your message after 3 days,50.0,12.0,oh god happy see message day,28,6
ham,What year. And how many miles.,30.0,6.0,year many mile,14,3
ham,Hey cutie. How goes it? Here in WALES its kinda ok. There is like hills and shit but i still avent killed myself. ,114.0,23.0,hey cutie go wale kinda ok like hill shit still avent killed,60,12
ham,"Sad story of a Man - Last week was my b'day. My Wife did'nt wish me. My Parents forgot n so did my Kids . I went to work. Even my Colleagues did not wish. As I entered my cabin my PA said, '' Happy B'day Boss !!''. I felt special. She askd me 4 lunch. After lunch she invited me to her apartment. We went there. She said,'' do u mind if I go into the bedroom for a minute ? '' ''OK'', I sed in a sexy mood. She came out 5 minuts latr wid a cake...n My Wife, My Parents, My Kidz, My Friends n My Colleagues. All screaming.. SURPRISE !! and I was waiting on the sofa.. ... ..... ' NAKED...!",588.0,125.0,sad story man last week day wife nt wish parent forgot kid went work even colleague wish entered cabin pa said happy day bos felt special askd lunch lunch invited apartment went said mind go bedroom minute ok sed sexy mood came minuts latr wid cake wife parent kidz friend colleague screaming surprise waiting sofa naked,320,56
ham,I think you should go the honesty road. Call the bank tomorrow. Its the tough decisions that make us great people.,114.0,21.0,think go honesty road call bank tomorrow tough decision make u great people,75,13
spam,FREE for 1st week! No1 Nokia tone 4 ur mob every week just txt NOKIA to 87077 Get txting and tell ur mates. zed POBox 36504 W45WQ norm150p/tone 16+,147.0,29.0,free st week nokia tone ur mob every week txt nokia get txting tell ur mate zed pobox wq norm tone,98,21
ham,No. Its not specialisation. Can work but its slave labor. Will look for it this month sha cos no shakara 4 beggar.,114.0,22.0,specialisation work slave labor look month sha co shakara beggar,64,10
ham,Is she replying. Has boye changed his phone number,50.0,9.0,replying boye changed phone number,34,5
ham,"1) Go to write msg 2) Put on Dictionary mode 3)Cover the screen with hand, 4)Press  &lt",87.0,17.0,go write msg put dictionary mode cover screen hand press lt,59,11
ham,hi my darlin im on my way to London and we have just been smashed into by another driver! and have a big dent! im really missing u what have u been up to? xxx,158.0,35.0,hi darlin im way london smashed another driver big dent im really missing xxx,77,14
ham,"Nothing really, just making sure everybody's up to speed",56.0,9.0,nothing really making sure everybody speed,42,6
ham,I'm not coming home 4 dinner.,29.0,6.0,coming home dinner,18,3
ham,"Thank you. And by the way, I just lost.",39.0,9.0,thank way lost,14,3
ham,Yes.he have good crickiting mind,32.0,5.0,yes good crickiting mind,24,4
ham,Thx. All will be well in a few months,37.0,9.0,thx well month,14,3
spam,"Shop till u Drop, IS IT YOU, either 10K, 5K, å£500 Cash or å£100 Travel voucher, Call now, 09064011000. NTT PO Box CR01327BT fixedline Cost 150ppm mobile vary",158.0,28.0,shop till drop either cash travel voucher call ntt po box cr bt fixedline cost ppm mobile vary,94,18
ham,\CAN I PLEASE COME UP NOW IMIN TOWN.DONTMATTER IF URGOIN OUTL8R,63.0,11.0,please come imin town dontmatter urgoin outl,44,7
ham,I wont. So wat's wit the guys,29.0,7.0,wont wat wit guy,16,4
ham,Yavnt tried yet and never played original either,48.0,8.0,yavnt tried yet never played original either,44,7
ham,"Hiya, had a good day? Have you spoken to since the weekend?",59.0,12.0,hiya good day spoken since weekend,34,6
ham,See? I thought it all through,29.0,6.0,see thought,11,2
ham,I'm at work. Please call,24.0,5.0,work please call,16,3
ham,get ready to moan and scream :),31.0,7.0,get ready moan scream,21,4
ham,Oh k :)why you got job then whats up?,37.0,9.0,oh got job whats,16,4
ham,"I don,t think so. You don't need to be going out that late on a school night. ESPECIALLY when the one class you have is the one you missed last wednesday and probably failed a test in on friday",193.0,39.0,think need going late school night especially one class one missed last wednesday probably failed test friday,109,17
ham,And popping &lt,15.0,3.0,popping lt,10,2
ham,"Babe ! How goes that day ? What are you doing ? Where are you ? I sip my cappuccino and think of you, my love ... I send a kiss to you from across the sea",154.0,37.0,babe go day sip cappuccino think love send kiss across sea,58,11
ham,Ok.,3.0,1.0,ok,2,1
ham,PS U no ur a grown up now right?,32.0,9.0,p ur grown right,16,4
ham,"Chinatown got porridge, claypot rice, yam cake, fishhead beehoon... Either we eat cheap den go cafe n tok or go nydc or somethin...",131.0,23.0,chinatown got porridge claypot rice yam cake fishhead beehoon either eat cheap den go cafe tok go nydc somethin,111,19
ham,I know a few people I can hit up and fuck to the yes,52.0,14.0,know people hit fuck yes,24,5
ham,Purity of friendship between two is not about smiling after reading the forwarded message..Its about smiling just by seeing the name. Gud evng,142.0,23.0,purity friendship two smiling reading forwarded message smiling seeing name gud evng,84,12
ham,So is there anything specific I should be doing with regards to jaklin or what because idk what the fuck,104.0,20.0,anything specific regard jaklin idk fuck,40,6
ham,Oh god. I'm gonna Google nearby cliffs now.,43.0,8.0,oh god gon na google nearby cliff,33,7
spam,FREE camera phones with linerental from 4.49/month with 750 cross ntwk mins. 1/2 price txt bundle deals also avble. Call 08001950382 or call2optout/J MF,152.0,24.0,free camera phone linerental month cross ntwk min price txt bundle deal also avble call call optout mf,102,18
ham,Yup i shd haf ard 10 pages if i add figures... ÌÏ all got how many pages?,73.0,17.0,yup shd haf ard page add figure got many page,45,10
ham,"Ooh, 4got, i'm gonna start belly dancing in moseley weds 6.30 if u want 2 join me, they have a cafe too. ",105.0,22.0,ooh got gon na start belly dancing moseley wed want join cafe,61,12
ham,Thankyou so much for the call. I appreciate your care.,54.0,10.0,thankyou much call appreciate care,34,5
ham,Congrats ! Treat pending.i am not on mail for 2 days.will mail once thru.Respect mother at home.check mails.,108.0,18.0,congrats treat pending mail day mail thru respect mother home check mail,72,12
ham,I called but no one pick up e phone. I ask both of them already they said ok.,77.0,18.0,called one pick phone ask already said ok,41,8
ham,Hi my email address has changed now it is ,42.0,9.0,hi email address changed,24,4
ham,"V-aluable. A-ffectionate. L-oveable. E-ternal. N-oble. T-ruthful. I-ntimate. N-atural. E-namous. Happy \VALENTINES DAY\"" in advance""",132.0,14.0,aluable ffectionate oveable ternal oble ruthful ntimate atural namous happy valentine day advance,97,13
ham,"Not much, just some textin'. How bout you?",42.0,8.0,much textin bout,16,3
ham,Bring it if you got it,22.0,6.0,bring got,9,2
ham,I'm in a movie. Call me 4 wat?,30.0,8.0,movie call wat,14,3
ham,Not sure I have the stomach for it ...,38.0,9.0,sure stomach,12,2
ham,Haha... can... But i'm having dinner with my cousin...,54.0,9.0,haha dinner cousin,18,3
ham,"A boy was late 2 home. His father: \POWER OF FRNDSHIP\""""",56.0,11.0,boy late home father power frndship,35,6
ham,"(And my man carlos is definitely coming by mu tonight, no excuses)",66.0,12.0,man carlos definitely coming mu tonight excuse,46,7
ham,soon you will have the real thing princess! Do i make you wet? :),65.0,14.0,soon real thing princess make wet,33,6
ham,Raji..pls do me a favour. Pls convey my Birthday wishes to Nimya. Pls. Today is her birthday.,93.0,17.0,raji pls favour pls convey birthday wish nimya pls today birthday,65,11
ham,"Haha, my legs and neck are killing me and my amigos are hoping to end the night with a burn, think I could swing by in like an hour?",132.0,29.0,haha leg neck killing amigo hoping end night burn think could swing like hour,77,14
spam,"URGENT! Your mobile No 07xxxxxxxxx won a å£2,000 bonus caller prize on 02/06/03! this is the 2nd attempt to reach YOU! call 09066362231 ASAP! BOX97N7QP, 150PPM",159.0,26.0,urgent mobile xxxxxxxxx bonus caller prize nd attempt reach call asap box qp ppm,80,14
ham,Usually the body takes care of it buy making sure it doesnt progress. Can we pls continue this talk on saturday.,112.0,21.0,usually body take care buy making sure doesnt progress pls continue talk saturday,81,13
spam,"URGENT!! Your 4* Costa Del Sol Holiday or å£5000 await collection. Call 09050090044 Now toClaim. SAE, TC s, POBox334, Stockport, SK38xh, Costå£1.50/pm, Max10mins",161.0,23.0,urgent costa del sol holiday await collection call toclaim sae tc pobox stockport sk xh cost pm max min,103,19
ham,"Hmm well, night night ",22.0,4.0,hmm well night night,20,4
ham,Just wanted to say holy shit you guys weren't kidding about this bud,68.0,13.0,wanted say holy shit guy kidding bud,36,7
ham,"Just gettin a bit arty with my collages at the mo, well tryin 2 ne way! Got a roast in a min lovely i shall enjoy that!",119.0,27.0,gettin bit arty collage mo well tryin ne way got roast min lovely shall enjoy,77,15
ham,"This is one of the days you have a billion classes, right?",58.0,12.0,one day billion class right,27,5
ham,"Goodmorning, today i am late for 2hrs. Because of back pain.",60.0,11.0,goodmorning today late hr back pain,35,6
ham,Ok then i'll let him noe later n ask him call u tmr...,54.0,13.0,ok let noe later ask call tmr,29,7
ham,Prabha..i'm soryda..realy..frm heart i'm sory,45.0,5.0,prabha soryda realy frm heart sory,34,6
ham,OK i'm waliking ard now... Do u wan me 2 buy anything go ur house?,66.0,15.0,ok waliking ard wan buy anything go ur house,44,9
ham,* Will have two more cartons off u and is very pleased with shelves,67.0,14.0,two carton pleased shelf,24,4
ham,Nice talking to you! please dont forget my pix :) i want to see all of you...,77.0,17.0,nice talking please dont forget pix want see,44,8
spam,You have WON a guaranteed å£1000 cash or a å£2000 prize. To claim yr prize call our customer service representative on 08714712379 between 10am-7pm Cost 10p,156.0,26.0,guaranteed cash prize claim yr prize call customer service representative pm cost,81,12
ham,But really quite funny lor wat... Then u shd haf run shorter distance wat...,76.0,14.0,really quite funny lor wat shd haf run shorter distance wat,59,11
ham,I notice you like looking in the shit mirror youre turning into a right freak,77.0,15.0,notice like looking shit mirror youre turning right freak,57,9
ham,Great. I was getting worried about you. Just know that a wonderful and caring person like you will have only the best in life. Know that u r wonderful and God's love is yours.,175.0,34.0,great getting worried know wonderful caring person like best life know wonderful god love,89,14
spam,"Thanks for your ringtone order, ref number K718. Your mobile will be charged å£4.50. Should your tone not arrive please call customer services on 09065069120",157.0,25.0,thanks ringtone order ref number mobile charged tone arrive please call customer service,88,13
ham,"I prefer my free days... Tues, wed, fri oso can... ÌÏ ask those workin lor...",77.0,15.0,prefer free day tues wed fri oso ask workin lor,47,10
ham,Alrite jod hows the revision goin? Keris bin doin a smidgin. N e way u wanna cum over after college?xx,102.0,20.0,alrite jod hows revision goin keris bin doin smidgin way wan na cum college xx,78,15
ham,If you have belive me. Come to my home.,39.0,9.0,belive come home,16,3
ham,Oh k.k..where did you take test?,32.0,6.0,oh take test,12,3
ham,Those were my exact intentions,30.0,5.0,exact intention,15,2
ham,haha but no money leh... Later got to go for tuition... Haha and looking for empty slots for driving lessons,108.0,20.0,haha money leh later got go tuition haha looking empty slot driving lesson,74,13
ham,"Hey... Thk we juz go accordin to wat we discussed yest lor, except no kb on sun... Cos there's nt much lesson to go if we attend kb on sat...",141.0,30.0,hey thk juz go accordin wat discussed yest lor except kb sun co nt much lesson go attend kb sat,95,20
ham,"K, wen ur free come to my home and also tel vikky i hav sent mail to him also.. Better come evening il be free today aftr 6pm..:-)",130.0,28.0,wen ur free come home also tel vikky hav sent mail also better come evening il free today aftr pm,97,20
ham,Nothing just getting msgs by dis name wit different no's..,58.0,10.0,nothing getting msg dis name wit different,42,7
ham,Good Morning plz call me sir,28.0,6.0,good morning plz call sir,25,5
ham,What's your room number again? Wanna make sure I'm knocking on the right door,77.0,14.0,room number wan na make sure knocking right door,48,9
ham,\Si.como no?!listened2the plaid album-quite gd&the new air1 which is hilarious-also boughtåÓbraindanceåÓa comp.ofstuff on aphexåÕs ,131.0,14.0,si como listened plaid album quite gd new air hilarious also bought braindance comp ofstuff aphex,97,16
ham,Pls tell nelson that the bb's are no longer comin. The money i was expecting aint coming,88.0,17.0,pls tell nelson bb longer comin money expecting aint coming,59,10
ham,"Give her something to drink, if she takes it and doesn't vomit then you her temp might drop. If she unmits however let me know.",127.0,25.0,give something drink take vomit temp might drop unmits however let know,71,12
ham,Think you sent the text to the home phone. That cant display texts. If you still want to send it his number is,110.0,23.0,think sent text home phone cant display text still want send number,67,12
ham,Every day i use to sleep after  &lt,35.0,8.0,every day use sleep lt,22,5
ham,K I'll call you when I'm close,30.0,7.0,call close,10,2
ham,U buy newspapers already?,25.0,4.0,buy newspaper already,21,3
ham,Nope wif my sis lor... Aft bathing my dog then i can bathe... Looks like it's going 2 rain soon.,96.0,20.0,nope wif si lor aft bathing dog bathe look like going rain soon,63,13
ham,Boo I'm on my way to my moms. She's making tortilla soup. Yummmm,64.0,13.0,boo way mom making tortilla soup yummmm,39,7
ham,No management puzzeles.,23.0,3.0,management puzzeles,19,2
ham,How did you find out in a way that didn't include all of these details,70.0,15.0,find way include detail,23,4
spam,"Hi ya babe x u 4goten bout me?' scammers getting smart..Though this is a regular vodafone no, if you respond you get further prem rate msg/subscription. Other nos used also. Beware!",181.0,31.0,hi ya babe goten bout scammer getting smart though regular vodafone respond get prem rate msg subscription no used also beware,126,21
spam,Back 2 work 2morro half term over! Can U C me 2nite 4 some sexy passion B4 I have 2 go back? Chat NOW 09099726481 Luv DENA Calls å£1/minMobsmoreLKPOBOX177HP51FL,160.0,29.0,back work morro half term nite sexy passion go back chat luv dena call minmobsmorelkpobox hp fl,95,17
ham,will you like to be spoiled? :),31.0,7.0,like spoiled,12,2
spam,"Thanks for your ringtone order, ref number R836. Your mobile will be charged å£4.50. Should your tone not arrive please call customer services on 09065069154",157.0,25.0,thanks ringtone order ref number mobile charged tone arrive please call customer service,88,13
ham,I am getting threats from your sales executive Shifad as i raised complaint against him. Its an official message.,113.0,19.0,getting threat sale executive shifad raised complaint official message,70,9
ham,hope things went well at 'doctors' ,35.0,6.0,hope thing went well doctor,27,5
ham,Den wat will e schedule b lk on sun?,36.0,9.0,den wat schedule lk sun,23,5
ham,Lol enjoy role playing much?,28.0,5.0,lol enjoy role playing much,27,5
ham,Ok. Me watching tv too.,23.0,5.0,ok watching tv,14,3
ham,I just lov this line: \Hurt me with the truth,45.0,10.0,lov line hurt truth,19,4
ham,"Just checked out, heading out to drop off my stuff now",54.0,11.0,checked heading drop stuff,26,4
ham,Here got lots of hair dresser fr china.,39.0,8.0,got lot hair dresser fr china,29,6
ham,Sad story of a Man - Last week was my b'day. My Wife did'nt wish me. My Parents forgot n so did my Kids . I went to work. Even my Colleagues did not wish.,154.0,35.0,sad story man last week day wife nt wish parent forgot kid went work even colleague wish,88,17
ham,Ill call you evening ill some ideas.,36.0,7.0,ill call evening ill idea,25,5
spam,SplashMobile: Choose from 1000s of gr8 tones each wk! This is a subscrition service with weekly tones costing 300p. U have one credit - kick back and ENJOY,155.0,28.0,splashmobile choose gr tone wk subscrition service weekly tone costing one credit kick back enjoy,97,15
ham,Did you show him and wot did he say or could u not c him 4 dust?,64.0,17.0,show wot say could dust,23,5
ham,It should take about  &lt,25.0,5.0,take lt,7,2
spam,Not heard from U4 a while. Call 4 rude chat private line 01223585334 to cum. Wan 2C pics of me gettin shagged then text PIX to 8552. 2End send STOP 8552 SAM xxx,160.0,33.0,heard call rude chat private line cum wan pic gettin shagged text pix end send stop sam xxx,91,18
ham,Ok . . now i am in bus. . If i come soon i will come otherwise tomorrow,71.0,18.0,ok bus come soon come otherwise tomorrow,40,7
ham,I cant pick the phone right now. Pls send a message,51.0,11.0,cant pick phone right pls send message,38,7
spam,<Forwarded from 88877>FREE entry into our å£250 weekly comp just send the word ENTER to 88877 NOW. 18 T&C www.textcomp.com,122.0,20.0,forwarded free entry weekly comp send word enter www textcomp com,65,11
ham,Finish liao... U?,17.0,3.0,finish liao,11,2
spam,88066 FROM 88066 LOST 3POUND HELP,33.0,6.0,lost pound help,15,3
ham,Haha i think i did too,22.0,6.0,haha think,10,2
ham,U know we watchin at lido?,26.0,6.0,know watchin lido,17,3
ham,Life spend with someone for a lifetime may be meaningless but a few moments spent with someone who really love you means more than life itself..,144.0,26.0,life spend someone lifetime may meaningless moment spent someone really love mean life,86,13
ham,"Haha awesome, I've been to 4u a couple times. Who all's coming?",63.0,12.0,haha awesome couple time coming,31,5
ham,Cold. Dont be sad dear,22.0,5.0,cold dont sad dear,18,4
ham,Think I could stop by in like an hour or so? My roommate's looking to stock up for a trip,89.0,20.0,think could stop like hour roommate looking stock trip,54,9
ham,Is that on the telly? No its Brdget Jones!,42.0,9.0,telly brdget jones,18,3
ham,Love you aathi..love u lot..,28.0,5.0,love aathi love lot,19,4
ham,Hello! How r u? Im bored. Inever thought id get bored with the tv but I am. Tell me something exciting has happened there? Anything! =/,135.0,26.0,hello im bored inever thought id get bored tv tell something exciting happened anything,87,14
ham,Hmm...Bad news...Hype park plaza $700 studio taken...Only left 2 bedrm-$900...,78.0,10.0,hmm bad news hype park plaza studio taken left bedrm,52,10
ham,"Sorry, I'll call later in meeting",33.0,6.0,sorry call later meeting,24,4
ham,R Ì_ comin back for dinner?,27.0,6.0,comin back dinner,17,3
ham,"I hav almost reached. Call, i m unable to connect u.",52.0,11.0,hav almost reached call unable connect,38,6
ham,Whom you waited for yesterday,29.0,5.0,waited yesterday,16,2
ham,I reach home safe n sound liao...,33.0,7.0,reach home safe sound liao,26,5
ham,"Velly good, yes please!",23.0,4.0,velly good yes please,21,4
ham,"Hi, wkend ok but journey terrible. Wk not good as have huge back log of marking to do",85.0,18.0,hi wkend ok journey terrible wk good huge back log marking,58,11
ham,I have had two more letters from . I will copy them for you cos one has a message for you. Speak soon,101.0,23.0,two letter copy co one message speak soon,41,8
ham,Alex knows a guy who sells mids but he's down in south tampa and I don't think I could set it up before like 8,110.0,25.0,alex know guy sell mids south tampa think could set like,56,11
ham,Dont you have message offer,27.0,5.0,dont message offer,18,3
spam,Had your mobile 11mths ? Update for FREE to Oranges latest colour camera mobiles & unlimited weekend calls. Call Mobile Upd8 on freefone 08000839402 or 2StopTx,159.0,26.0,mobile mths update free orange latest colour camera mobile unlimited weekend call call mobile upd freefone stoptx,113,17
ham,"HEY THERE BABE, HOW U DOIN? WOT U UP 2 2NITE LOVE ANNIE X.",58.0,14.0,hey babe doin wot nite love annie,33,7
ham,Remind me how to get there and I shall do so,44.0,11.0,remind get shall,16,3
ham,:-( that's not v romantic!,26.0,5.0,romantic,8,1
ham,Hello. Damn this christmas thing. I think i have decided to keep this mp3 that doesnt work.,91.0,17.0,hello damn christmas thing think decided keep mp doesnt work,60,10
spam,You have 1 new message. Please call 08718738034.,48.0,8.0,new message please call,23,4
ham,HI DARLIN IM MISSIN U HOPE YOU ARE HAVING A GOOD TIME. WHEN ARE U BACK AND WHAT TIME IF U CAN GIVE ME A CALL AT HOME. JESS XX,125.0,30.0,hi darlin im missin hope good time back time give call home jess xx,67,14
spam,<Forwarded from 21870000>Hi - this is your Mailbox Messaging SMS alert. You have 4 messages. You have 21 matches. Please call back on 09056242159 to retrieve your messages and matches,183.0,30.0,forwarded hi mailbox messaging sm alert message match please call back retrieve message match,93,14
ham,Draw va?i dont think so:),25.0,5.0,draw va dont think,18,4
ham,Dont pick up d call when something important is There to tell. Hrishi,69.0,13.0,dont pick call something important tell hrishi,46,7
spam,"Congrats! 1 year special cinema pass for 2 is yours. call 09061209465 now! C Suprman V, Matrix3, StarWars3, etc all 4 FREE! bx420-ip4-5we. 150pm. Dont miss out!",160.0,27.0,congrats year special cinema pas call suprman matrix starwars etc free bx ip pm dont miss,89,16
ham,Nothin comes to my mind. ÌÏ help me buy hanger lor. Ur laptop not heavy?,72.0,15.0,nothin come mind help buy hanger lor ur laptop heavy,52,10
ham,&lt,3.0,1.0,lt,2,1
ham,We can make a baby in yo tho,28.0,8.0,make baby yo tho,16,4
ham,Should I tell my friend not to come round til like  &lt,55.0,12.0,tell friend come round til like lt,34,7
ham,Friendship poem: Dear O Dear U R Not Near But I Can Hear Dont Get Fear Live With Cheer No More Tear U R Always my Dear. Gud ni8,127.0,29.0,friendship poem dear dear near hear dont get fear live cheer tear always dear gud ni,84,16
ham,Still in the area of the restaurant. Ill try to come back soon,62.0,13.0,still area restaurant ill try come back soon,44,8
ham,"Aight that'll work, thanks",26.0,4.0,aight work thanks,17,3
spam,WIN a year supply of CDs 4 a store of ur choice worth å£500 & enter our å£100 Weekly draw txt MUSIC to 87066 Ts&Cs www.Ldew.com.subs16+1win150ppmx3,147.0,26.0,win year supply cd store ur choice worth enter weekly draw txt music t c www ldew com sub win ppmx,98,21
spam,Moby Pub Quiz.Win a å£100 High Street prize if u know who the new Duchess of Cornwall will be? Txt her first name to 82277.unsub STOP å£1.50 008704050406 SP Arrow,162.0,30.0,moby pub quiz win high street prize know new duchess cornwall txt first name unsub stop sp arrow,96,18
ham,"I have 2 sleeping bags, 1 blanket and paper and  phone details. Anything else?",78.0,14.0,sleeping bag blanket paper phone detail anything else,53,8
spam,You have won a Nokia 7250i. This is what you get when you win our FREE auction. To take part send Nokia to 86021 now. HG/Suite342/2Lands Row/W1JHL 16+ ,151.0,28.0,nokia get win free auction take part send nokia hg suite land row jhl,69,14
spam,"Congratulations! Thanks to a good friend U have WON the å£2,000 Xmas prize. 2 claim is easy, just call 08718726971 NOW! Only 10p per minute. BT-national-rate.",158.0,26.0,congratulation thanks good friend xmas prize claim easy call per minute bt national rate,88,14
spam,"tddnewsletter@emc1.co.uk (More games from TheDailyDraw) Dear Helen, Dozens of Free Games - with great prizesWith..",114.0,15.0,tddnewsletter emc co uk game thedailydraw dear helen dozen free game great prizeswith,85,13
ham,So what do you guys do.,23.0,6.0,guy,3,1
ham,Also that chat was awesome but don't make it regular unless you can see her in person,85.0,17.0,also chat awesome make regular unless see person,48,8
ham,That's significant but dont worry.,34.0,5.0,significant dont worry,22,3
ham,That's cause your old. I live to be high.,41.0,9.0,cause old live high,19,4
ham,"Waqt se pehle or naseeb se zyada kisi ko kuch nahi milta,Zindgi wo nahi he jo hum sochte hai Zindgi wo hai jo ham jeetey hai..........",134.0,26.0,waqt se pehle naseeb se zyada kisi ko kuch nahi milta zindgi wo nahi jo hum sochte hai zindgi wo hai jo ham jeetey hai,118,25
ham,On the way to office da..,25.0,6.0,way office da,13,3
ham,In which place do you want da.,30.0,7.0,place want da,13,3
ham,This pain couldn't have come at a worse time.,45.0,9.0,pain come worse time,20,4
ham,Ok...,5.0,1.0,ok,2,1
ham,Should I be stalking u?,23.0,5.0,stalking,8,1
ham,Sorry dude. Dont know how i forgot. Even after Dan reminded me. Sorry. Hope you guys had fun.,93.0,18.0,sorry dude dont know forgot even dan reminded sorry hope guy fun,64,12
ham,Ok lor.,7.0,2.0,ok lor,6,2
ham,Apps class varaya elaya.,24.0,4.0,apps class varaya elaya,23,4
ham,The Xmas story is peace.. The Xmas msg is love.. The Xmas miracle is jesus.. Hav a blessed month ahead &amp,107.0,21.0,xmas story peace xmas msg love xmas miracle jesus hav blessed month ahead amp,77,14
spam,"URGENT! Your mobile number *************** WON a å£2000 Bonus Caller prize on 10/06/03! This is the 2nd attempt to reach you! Call 09066368753 ASAP! Box 97N7QP, 150ppm",167.0,27.0,urgent mobile number bonus caller prize nd attempt reach call asap box qp ppm,77,14
ham,That day you asked about anand number. Why:-),45.0,8.0,day asked anand number,22,4
ham,Am surfing online store. For offers do you want to buy any thing.,65.0,13.0,surfing online store offer want buy thing,41,7
ham,Long beach lor. Expected... U having dinner now?,48.0,8.0,long beach lor expected dinner,30,5
ham,At home by the way,18.0,5.0,home way,8,2
ham,We are both fine. Thanks,24.0,5.0,fine thanks,11,2
ham,What happen to her tell the truth,33.0,7.0,happen tell truth,17,3
ham,Do you like Italian food?,25.0,5.0,like italian food,17,3
ham,Which is weird because I know I had it at one point,51.0,12.0,weird know one point,20,4
ham,"\Aww you must be nearly dead!Well Jez isComing over toDo some workAnd that whillTake forever!\""""",96.0,15.0,aww must nearly dead well jez iscoming todo workand whilltake forever,69,11
ham,Tell your friends what you plan to do on Valentines day @ &lt,61.0,13.0,tell friend plan valentine day lt,33,6
ham,"Alright, see you in a bit",25.0,6.0,alright see bit,15,3
ham,Cheers for the message Zogtorius. IåÕve been staring at my phone for an age deciding whether to text or not.,108.0,20.0,cheer message zogtorius staring phone age deciding whether text,63,9
ham,I will take care of financial problem.i will help:),51.0,9.0,take care financial problem help,32,5
ham,Tell dear what happen to you. Why you talking to me like an alian,65.0,14.0,tell dear happen talking like alian,35,6
spam,Double your mins & txts on Orange or 1/2 price linerental - Motorola and SonyEricsson with B/Tooth FREE-Nokia FREE Call MobileUpd8 on 08000839402 or2optout/HV9D,160.0,24.0,double min txts orange price linerental motorola sonyericsson tooth free nokia free call mobileupd optout hv,108,16
ham,"1) Go to write msg 2) Put on Dictionary mode 3)Cover the screen with hand, 4)Press  &lt",87.0,17.0,go write msg put dictionary mode cover screen hand press lt,59,11
ham,Okie...,7.0,1.0,okie,4,1
ham,"Hi this is yijue, can i meet u at 11 tmr?",41.0,11.0,hi yijue meet tmr,17,4
ham,Its posible dnt live in  &lt,28.0,6.0,posible dnt live lt,19,4
ham,But i dint slept in afternoon.,30.0,6.0,dint slept afternoon,20,3
ham,That seems unnecessarily affectionate,37.0,4.0,seems unnecessarily affectionate,32,3
ham,Yar else i'll thk of all sorts of funny things.,47.0,10.0,yar else thk sort funny thing,29,6
ham,You will be in the place of that man,36.0,9.0,place man,9,2
spam,"Download as many ringtones as u like no restrictions, 1000s 2 choose. U can even send 2 yr buddys. Txt Sir to 80082 å£3 ",120.0,24.0,download many ringtones like restriction choose even send yr buddy txt sir,74,12
ham,Thats cool. How was your day?,29.0,6.0,thats cool day,14,3
spam,Please CALL 08712402902 immediately as there is an urgent message waiting for you.,82.0,13.0,please call immediately urgent message waiting,46,6
ham,R we going with the  &lt,24.0,6.0,going lt,8,2
ham,"Hello, my love ! How went your day ? Are you alright ? I think of you, my sweet and send a jolt to your heart to remind you ... I LOVE YOU! Can you hear it ? I screamed it across the sea for all the world to hear. Ahmad al Hallaq is loved ! and owned ! *possessive passionate kiss*",281.0,62.0,hello love went day alright think sweet send jolt heart remind love hear screamed across sea world hear ahmad al hallaq loved owned possessive passionate kiss,158,26
ham,No..he joined today itself.,27.0,4.0,joined today,12,2
ham,Okay same with me. Well thanks for the clarification,52.0,9.0,okay well thanks clarification,30,4
ham,I'll talk to the others and probably just come early tomorrow then,66.0,12.0,talk others probably come early tomorrow,40,6
spam,"Spook up your mob with a Halloween collection of a logo & pic message plus a free eerie tone, txt CARD SPOOK to 8007 zed 08701417012150p per logo/pic",149.0,28.0,spook mob halloween collection logo pic message plus free eerie tone txt card spook zed per logo pic,100,18
ham,"Had the money issue weigh me down but thanks to you, I can breathe easier now. I.ll make sure you dont regret it. Thanks.",121.0,24.0,money issue weigh thanks breathe easier make sure dont regret thanks,68,11
ham,Hi. I'm sorry i missed your call. Can you pls call back.,56.0,12.0,hi sorry missed call pls call back,34,7
ham,How are you doing? Hope you've settled in for the new school year. Just wishin you a gr8 day,92.0,19.0,hope settled new school year wishin gr day,42,8
spam,"Fantasy Football is back on your TV. Go to Sky Gamestar on Sky Active and play å£250k Dream Team. Scoring starts on Saturday, so register now!SKY OPT OUT to 88088",162.0,30.0,fantasy football back tv go sky gamestar sky active play dream team scoring start saturday register sky opt,107,18
ham,Ok then no need to tell me anything i am going to sleep good night,66.0,15.0,ok need tell anything going sleep good night,44,8
ham,Ok try to do week end course in coimbatore.,43.0,9.0,ok try week end course coimbatore,33,6
spam,Tone Club: Your subs has now expired 2 re-sub reply MONOC 4 monos or POLYC 4 polys 1 weekly @ 150p per week Txt STOP 2 stop This msg free Stream 0871212025016,158.0,32.0,tone club sub expired sub reply monoc mono polyc polys weekly per week txt stop stop msg free stream,100,19
ham,V nice! Off 2 sheffield tom 2 air my opinions on categories 2 b used 2 measure ethnicity in next census. Busy transcribing. :-),127.0,24.0,nice sheffield tom air opinion category used measure ethnicity next census busy transcribing,92,13
ham,If you r @ home then come down within 5 min,43.0,11.0,home come within min,20,4
ham,"A Boy loved a gal. He propsd bt she didnt mind. He gv lv lttrs, Bt her frnds threw thm. Again d boy decided 2 aproach d gal , dt time a truck was speeding towards d gal. Wn it was about 2 hit d girl,d boy ran like hell n saved her. She asked 'hw cn u run so fast?' D boy replied \Boost is d secret of my energy\"" n instantly d girl shouted \""our energy\"" n Thy lived happily 2gthr drinking boost evrydy Moral of d story:- I hv free msgs:D",438.0,94.0,boy loved gal propsd bt didnt mind gv lv lttrs bt frnds threw thm boy decided aproach gal dt time truck speeding towards gal wn hit girl boy ran like hell saved asked hw cn run fast boy replied boost secret energy instantly girl shouted energy thy lived happily gthr drinking boost evrydy moral story hv free msg,312,58
ham,"That day Ì_ say Ì_ cut ur hair at paragon, is it called hair sense? Do Ì_ noe how much is a hair cut? ",102.0,24.0,day say cut ur hair paragon called hair sense noe much hair cut,63,13
ham,"Hmm, too many of them unfortunately... Pics obviously arent hot cakes. Its kinda fun tho",88.0,15.0,hmm many unfortunately pic obviously arent hot cake kinda fun tho,65,11
ham,Watching tv lor... Y she so funny we bluff her 4 wat. Izzit because she thk it's impossible between us?,103.0,20.0,watching tv lor funny bluff wat izzit thk impossible u,54,10
spam,XMAS Prize draws! We are trying to contact U. Todays draw shows that you have won a å£2000 prize GUARANTEED. Call 09058094565 from land line. Valid 12hrs only,158.0,28.0,xmas prize draw trying contact today draw show prize guaranteed call land line valid hr,87,15
ham,Dunno lei he neva say...,24.0,5.0,dunno lei neva say,18,4
ham,Thanx 4 2day! U r a goodmate I THINK UR RITE SARY! ASUSUAL!1 U CHEERED ME UP! LOVE U FRANYxxxxx,95.0,20.0,thanx day goodmate think ur rite sary asusual cheered love franyxxxxx,69,11
ham,I'm on my way home. Went to change batt 4 my watch then go shop a bit lor.,74.0,18.0,way home went change batt watch go shop bit lor,47,10
spam,YES! The only place in town to meet exciting adult singles is now in the UK. Txt CHAT to 86688 now! 150p/Msg.,109.0,22.0,yes place town meet exciting adult single uk txt chat msg,57,11
ham,"Hi, Mobile no.  &lt",19.0,4.0,hi mobile lt,12,3
ham,"Good evening Sir, hope you are having a nice day. I wanted to bring it to your notice that I have been late in paying rent for the past few months and have had to pay a $ &lt",174.0,39.0,good evening sir hope nice day wanted bring notice late paying rent past month pay lt,85,16
ham,"If i let you do this, i want you in the house by 8am.",53.0,14.0,let want house,14,3
ham,"Best line said in Love: . \I will wait till the day I can forget u Or The day u realize that u cannot forget me.\""... Gn""",121.0,27.0,best line said love wait till day forget day realize forget gn,62,12
ham,I will reach before ten morning,31.0,6.0,reach ten morning,17,3
ham,Your pussy is perfect!,22.0,4.0,pussy perfect,13,2
ham,"Sorry, I'll call later",22.0,4.0,sorry call later,16,3
spam,"Someone has contacted our dating service and entered your phone becausethey fancy you! To find out who it is call from a landline 09058098002. PoBox1, W14RG 150p",161.0,27.0,someone contacted dating service entered phone becausethey fancy find call landline pobox rg,92,13
ham,No message..no responce..what happend?,38.0,4.0,message responce happend,24,3
ham,Also where's the piece,22.0,4.0,also piece,10,2
ham,"wiskey Brandy Rum Gin Beer Vodka Scotch Shampain Wine \KUDI\""yarasu dhina vaazhthukkal. ..""",91.0,13.0,wiskey brandy rum gin beer vodka scotch shampain wine kudi yarasu dhina vaazhthukkal,84,13
ham,Boo. How's things? I'm back at home and a little bored already :-(,66.0,13.0,boo thing back home little bored already,40,7
ham,First has she gained more than  &lt,35.0,7.0,first gained lt,15,3
ham,PICK UR FONE UP NOW U DUMB?,27.0,7.0,pick ur fone dumb,17,4
ham,"Thanks da thangam, i feel very very happy dear. I also miss you da.",67.0,14.0,thanks da thangam feel happy dear also miss da,46,9
ham,"Okey doke. I'm at home, but not dressed cos laying around ill! Speak to you later bout times and stuff. ",104.0,20.0,okey doke home dressed co laying around ill speak later bout time stuff,71,13
ham,I don't run away frm u... I walk slowly &amp,44.0,10.0,run away frm walk slowly amp,28,6
ham,"Babe, I'm back ... Come back to me ...",38.0,9.0,babe back come back,19,4
ham,Well you told others you'd marry them...,40.0,7.0,well told others marry,22,4
ham,Neshanth..tel me who r u?,25.0,5.0,neshanth tel,12,2
ham,YO YO YO BYATCH WHASSUP?,24.0,5.0,yo yo yo byatch whassup,23,5
ham,Oh... Kay... On sat right?,26.0,5.0,oh kay sat right,16,4
ham,Hi! This is Roger from CL. How are you?,39.0,9.0,hi roger cl,11,3
spam,Babe: U want me dont u baby! Im nasty and have a thing 4 filthyguys. Fancy a rude time with a sexy bitch. How about we go slo n hard! Txt XXX SLO(4msgs),152.0,33.0,babe want dont baby im nasty thing filthyguys fancy rude time sexy bitch go slo hard txt xxx slo msg,100,20
ham,Oh oh... Wasted... Den muz chiong on sat n sun liao...,54.0,11.0,oh oh wasted den muz chiong sat sun liao,40,9
ham,Jesus christ bitch I'm trying to give you drugs answer your fucking phone,73.0,13.0,jesus christ bitch trying give drug answer fucking phone,56,9
ham,Please give it 2  or i will pick it up on Tuesday evening about 8 if that is ok.,80.0,19.0,please give pick tuesday evening ok,35,6
ham,I'm meeting Darren...,21.0,3.0,meeting darren,14,2
ham,One of best dialogue in cute reltnship..!! \Wen i Die,53.0,10.0,one best dialogue cute reltnship wen die,40,7
ham,Solve d Case : A Man Was Found Murdered On  &lt,47.0,11.0,solve case man found murdered lt,32,6
ham,Dear where you will be when i reach there,41.0,9.0,dear reach,10,2
ham,Aww that's the first time u said u missed me without asking if I missed u first. You DO love me! :),99.0,22.0,aww first time said missed without asking missed first love,59,10
ham,Ok... Thanx... Gd nite 2 Ì_ too...,34.0,7.0,ok thanx gd nite,16,4
ham,"Come to me right now, Ahmad",27.0,6.0,come right ahmad,16,3
spam,I don't know u and u don't know me. Send CHAT to 86688 now and let's find each other! Only 150p/Msg rcvd. HG/Suite342/2Lands/Row/W1J6HL LDN. 18 years or over.,158.0,28.0,know know send chat let find msg rcvd hg suite land row hl ldn year,67,15
ham,Lol please do. Actually send a pic of yourself right now. I wanna see. Pose with a comb and hair dryer or something.,116.0,23.0,lol please actually send pic right wan na see pose comb hair dryer something,76,14
ham,O was not into fps then.,24.0,6.0,fps,3,1
ham,Huh means computational science... Y they like dat one push here n there...,75.0,13.0,huh mean computational science like dat one push,48,8
ham,"Could you not read me, my Love ? I answered you",47.0,11.0,could read love answered,24,4
ham,Oh... Lk tt den we take e one tt ends at cine lor... Dun wan yogasana oso can... ,81.0,18.0,oh lk tt den take one tt end cine lor dun wan yogasana oso,58,14
ham,"Madam,regret disturbance.might receive a reference check from DLF Premarica.kindly be informed.Rgds,Rakhesh,Kerala.",115.0,11.0,madam regret disturbance might receive reference check dlf premarica kindly informed rgds rakhesh kerala,104,14
spam,SMS SERVICES For your inclusive text credits pls gotto www.comuk.net login 3qxj9 unsubscribe with STOP no extra charge help 08702840625 comuk.220cm2 9AE,152.0,22.0,sm service inclusive text credit pls gotto www comuk net login qxj unsubscribe stop extra charge help comuk cm ae,113,20
ham,Oic... Then better quickly go bathe n settle down...,52.0,9.0,oic better quickly go bathe settle,34,6
ham,Err... Cud do. I'm going to  at 8pm. I haven't got a way to contact him until then.,83.0,18.0,err cud going pm got way contact,32,7
ham,A bloo bloo bloo I'll miss the first bowl,41.0,9.0,bloo bloo bloo miss first bowl,30,6
ham,Lmao but its so fun...,22.0,5.0,lmao fun,8,2
ham,Oh k k:)but he is not a big hitter.anyway good,46.0,10.0,oh big hitter anyway good,25,5
ham,Hey!!! I almost forgot ... Happy B-day babe ! I love ya!!,57.0,12.0,hey almost forgot happy day babe love ya,40,8
spam,Valentines Day Special! Win over å£1000 in our quiz and take your partner on the trip of a lifetime! Send GO to 83600 now. 150p/msg rcvd. CustCare:08718720201,158.0,27.0,valentine day special win quiz take partner trip lifetime send go msg rcvd custcare,83,14
ham,Do you think i can move  &lt,28.0,7.0,think move lt,13,3
ham,She.s find. I sent you an offline message to know how anjola's now.,67.0,13.0,find sent offline message know anjola,37,6
spam,Guess who am I?This is the first time I created a web page WWW.ASJESUS.COM read all I wrote. I'm waiting for your opinions. I want to be your friend 1/1,152.0,30.0,guess first time created web page www asjesus com read wrote waiting opinion want friend,88,15
ham,How was txting and driving,26.0,5.0,txting driving,14,2
ham,That's good. Lets thank God. Please complete the drug. Have lots of water. And have a beautiful day.,100.0,18.0,good let thank god please complete drug lot water beautiful day,63,11
ham,Really dun bluff me leh... U sleep early too. Nite...,53.0,10.0,really dun bluff leh sleep early nite,37,7
ham,Indians r poor but India is not a poor country. Says one of the swiss bank directors. He says that \ &lt,104.0,22.0,indian poor india poor country say one swiss bank director say lt,65,12
ham,Uncle boye. I need movies oh. Guide me. Plus you know torrents are not particularly legal here. And the system is slowing down. What should i do. Have a gr8 day. Plus have you started cos i dont meet you online. How was the honey moon.,235.0,46.0,uncle boye need movie oh guide plus know torrent particularly legal system slowing gr day plus started co dont meet online honey moon,133,23
ham,Oh ya ya. I remember da. .,26.0,7.0,oh ya ya remember da,20,5
ham,Btw regarding that we should really try to see if anyone else can be our 4th guy before we commit to a random dude,114.0,24.0,btw regarding really try see anyone else th guy commit random dude,66,12
spam,"For ur chance to win å£250 cash every wk TXT: PLAY to 83370. T's&C's www.music-trivia.net custcare 08715705022, 1x150p/wk.",122.0,18.0,ur chance win cash every wk txt play www music trivia net custcare wk,69,14
ham,I not busy juz dun wan 2 go so early.. Hee.. ,45.0,11.0,busy juz dun wan go early hee,29,7
ham,Rightio. 11.48 it is then. Well arent we all up bright and early this morning.,78.0,15.0,rightio well arent bright early morning,39,6
ham,"Great. I'm in church now, will holla when i get out",51.0,11.0,great church holla get,22,4
ham,Back in brum! Thanks for putting us up and keeping us all and happy. See you soon ,82.0,17.0,back brum thanks putting u keeping u happy see soon,51,10
ham,I donno if they are scorable,28.0,6.0,donno scorable,14,2
ham,&lt,3.0,1.0,lt,2,1
ham,"Yes but i dont care! I need you bad, princess!",46.0,10.0,yes dont care need bad princess,31,6
ham,"The guy (kadeem) hasn't been selling since the break, I know one other guy but he's paranoid as fuck and doesn't like selling without me there and I can't be up there til late tonight",183.0,35.0,guy kadeem selling since break know one guy paranoid fuck like selling without til late tonight,95,16
ham,"Sorry, I'll call later",22.0,4.0,sorry call later,16,3
ham,Tmr then Ì_ brin lar... Aiya later i come n c lar... Mayb Ì_ neva set properly Ì_ got da help sheet wif Ì_...,109.0,24.0,tmr brin lar aiya later come lar mayb neva set properly got da help sheet wif,77,16
ham,Do u knw dis no. &lt,20.0,6.0,knw dis lt,10,3
ham,Then she dun believe wat?,25.0,5.0,dun believe wat,15,3
ham,K..give back my thanks.,23.0,4.0,give back thanks,16,3
ham,I know complain num only..bettr directly go to bsnl offc nd apply for it..,74.0,14.0,know complain num bettr directly go bsnl offc nd apply,54,10
ham,Okay. I've seen it. So i should pick it on friday?,50.0,11.0,okay seen pick friday,21,4
ham,How much she payed. Suganya.,28.0,5.0,much payed suganya,18,3
ham,Left dessert. U wan me 2 go suntec look 4 u?,44.0,11.0,left dessert wan go suntec look,31,6
ham,"Abeg, make profit. But its a start. Are you using it to get sponsors for the next event?",88.0,18.0,abeg make profit start using get sponsor next event,51,9
ham,Onum ela pa. Normal than.,25.0,5.0,onum ela pa normal,18,4
ham,K.k..how is your sister kids?,29.0,5.0,sister kid,10,2
ham,"Cool, I'll text you when I'm on the way",39.0,9.0,cool text way,13,3
ham,Nope. Meanwhile she talk say make i greet you.,46.0,9.0,nope meanwhile talk say make greet,34,6
ham,i cant talk to you now.i will call when i can.dont keep calling.,64.0,13.0,cant talk call dont keep calling,32,6
ham,Anything lar...,15.0,2.0,anything lar,12,2
ham,"Rose needs water, season needs change, poet needs imagination..My phone needs ur sms and i need ur lovely frndship forever....",126.0,20.0,rose need water season need change poet need imagination phone need ur sm need ur lovely frndship forever,105,18
ham,"Good afternoon, babe. How goes that day ? Any job prospects yet ? I miss you, my love ... *sighs* ... :-(",105.0,22.0,good afternoon babe go day job prospect yet miss love sigh,58,11
ham,They will pick up and drop in car.so no problem..,49.0,10.0,pick drop car problem,21,4
ham,S.i think he is waste for rr..,30.0,7.0,think waste rr,14,3
ham,He is world famamus....,23.0,4.0,world famamus,13,2
ham,Is there coming friday is leave for pongal?do you get any news from your work place.,84.0,16.0,coming friday leave pongal get news work place,46,8
ham,Lol well don't do it without me. We could have a big sale together.,67.0,14.0,lol well without could big sale together,40,7
ham,* Am on my way,14.0,5.0,way,3,1
ham,Eat at old airport road... But now 630 oredi... Got a lot of pple...,68.0,14.0,eat old airport road oredi got lot pple,39,8
ham,"sry can't talk on phone, with parents",37.0,7.0,sry talk phone parent,21,4
spam,"Final Chance! Claim ur å£150 worth of discount vouchers today! Text YES to 85023 now! SavaMob, member offers mobile! T Cs SavaMob POBOX84, M263UZ. å£3.00 Subs 16",161.0,27.0,final chance claim ur worth discount voucher today text yes savamob member offer mobile c savamob pobox uz sub,110,19
ham,Ok lor wat time Ì_ finish?,26.0,6.0,ok lor wat time finish,22,5
ham,"Princess, i like to make love  &lt",34.0,7.0,princess like make love lt,26,5
ham,Mm i am on the way to railway,29.0,8.0,mm way railway,14,3
ham,i dnt wnt to tlk wid u,22.0,7.0,dnt wnt tlk wid,15,4
ham,"I'm done. I'm sorry. I hope your next space gives you everything you want. Remember all the furniture is yours. If i'm not around when you move it, just lock all the locks and leave the key with jenne.",201.0,39.0,done sorry hope next space give everything want remember furniture around move lock lock leave key jenne,104,17
ham,Not yet. Just i'd like to keep in touch and it will be the easiest way to do that from barcelona. By the way how ru and how is the house?,137.0,31.0,yet like keep touch easiest way barcelona way ru house,54,10
spam,"Sppok up ur mob with a Halloween collection of nokia logo&pic message plus a FREE eerie tone, txt CARD SPOOK to 8007",116.0,22.0,sppok ur mob halloween collection nokia logo pic message plus free eerie tone txt card spook,92,16
spam,"Urgent! call 09066612661 from landline. Your complementary 4* Tenerife Holiday or å£10,000 cash await collection SAE T&Cs PO Box 3 WA14 2PX 150ppm 18+ Sender: Hol Offer",168.0,27.0,urgent call landline complementary tenerife holiday cash await collection sae c po box wa px ppm sender hol offer,113,19
ham,K.:)do it at evening da:)urgent:),33.0,5.0,evening da urgent,17,3
ham,Pansy! You've been living in a jungle for two years! Its my driving you should be more worried about!,101.0,19.0,pansy living jungle two year driving worried,44,7
ham,Mm have some kanji dont eat anything heavy ok,45.0,9.0,mm kanji dont eat anything heavy ok,35,7
ham,Only if you promise your getting out as SOON as you can. And you'll text me in the morning to let me know you made it in ok.,124.0,28.0,promise getting soon text morning let know made ok,50,9
ham,Lol that's different. I don't go trying to find every real life photo you ever took.,84.0,16.0,lol different go trying find every real life photo ever took,60,11
ham,I dont thnk its a wrong calling between us,42.0,9.0,dont thnk wrong calling u,25,5
ham,K ill drink.pa then what doing. I need srs model pls send it to my mail id pa.,78.0,18.0,ill drink pa need sr model pls send mail id pa,46,11
ham,Aiyah e rain like quite big leh. If drizzling i can at least run home.,70.0,15.0,aiyah rain like quite big leh drizzling least run home,54,10
ham,I have 2 docs appointments next week.:/ I'm tired of them shoving stuff up me. Ugh why couldn't I have had a normal body?,121.0,24.0,doc appointment next week tired shoving stuff ugh normal body,61,10
ham,Dun b sad.. It's over.. Dun thk abt it already. Concentrate on ur other papers k.,81.0,16.0,dun sad dun thk abt already concentrate ur paper,48,9
ham,"Greetings me, ! Consider yourself excused.",42.0,6.0,greeting consider excused,25,3
ham,No drama Pls.i have had enough from you and family while i am struggling in the hot sun in a strange place.No reason why there should be an ego of not going 'IF NOT INVITED' when actually its necessity to go.wait for very serious reppurcussions.,245.0,45.0,drama pls enough family struggling hot sun strange place reason ego going invited actually necessity go wait serious reppurcussions,131,19
ham,they released another Italian one today and it has a cosign option,66.0,12.0,released another italian one today cosign option,48,7
ham,"You at mu? You should try to figure out how much money everyone has for gas and alcohol, jay and I are trying to figure out our weed budget",139.0,29.0,mu try figure much money everyone gas alcohol jay trying figure weed budget,75,13
spam,WINNER! As a valued network customer you hvae been selected to receive a å£900 reward! To collect call 09061701444. Valid 24 hours only. ACL03530150PM,150.0,24.0,winner valued network customer hvae selected receive reward collect call valid hour acl pm,90,14
ham,HCL chennai requires FRESHERS for voice process.Excellent english needed.Salary upto  &lt,89.0,11.0,hcl chennai requires fresher voice process excellent english needed salary upto lt,82,12
ham,Dai what this da.. Can i send my resume to this id.,51.0,12.0,dai da send resume id,21,5
ham,I know where the  &lt,21.0,5.0,know lt,7,2
ham,Yup i've finished c Ì_ there...,31.0,6.0,yup finished,12,2
ham,Remember to ask alex about his pizza,36.0,7.0,remember ask alex pizza,23,4
ham,No da..today also i forgot..,28.0,5.0,da today also forgot,20,4
ham,"Ola would get back to you maybe not today but I ve told him you can be his direct link in the US in getting cars he bids for online, you arrange shipping and you get a cut. Or U????? For a partnership where U????? Invest money for shipping and he takes care of the rest!U??Wud b self reliant soon dnt worry",306.0,62.0,ola would get back maybe today told direct link u getting car bid online arrange shipping get cut partnership invest money shipping take care rest wud self reliant soon dnt worry,178,31
ham,Fwiw the reason I'm only around when it's time to smoke is that because of gas I can only afford to be around when someone tells me to be and that apparently only happens when somebody wants to light up,202.0,40.0,fwiw reason around time smoke gas afford around someone tell apparently happens somebody want light,99,15
ham,"Hello, my boytoy! I made it home and my constant thought is of you, my love. I hope your having a nice visit but I can't wait till you come home to me ...*kiss*",160.0,34.0,hello boytoy made home constant thought love hope nice visit wait till come home kiss,85,15
ham,Congrats kano..whr s the treat maga?,36.0,6.0,congrats kano whr treat maga,28,5
ham,Who u talking about?,20.0,4.0,talking,7,1
ham,Yup...,6.0,1.0,yup,3,1
ham,Ok...,5.0,1.0,ok,2,1
ham,"U wake up already? Wat u doing? U picking us up later rite? I'm taking sq825, reaching ard 7 smth 8 like dat. U can check e arrival time. C ya soon...",150.0,32.0,wake already wat picking u later rite taking sq reaching ard smth like dat check arrival time ya soon,101,19
ham,Yunny i'm walking in citylink now Ì_ faster come down... Me very hungry...,74.0,13.0,yunny walking citylink faster come hungry,41,6
ham,Er yep sure. Props?,19.0,4.0,er yep sure prop,16,4
ham,"Hiya , have u been paying money into my account? If so, thanks. Got a pleasant surprise when i checked my balance -u c, i don't get statements 4 that acc",153.0,31.0,hiya paying money account thanks got pleasant surprise checked balance get statement acc,88,13
spam,U have won a nokia 6230 plus a free digital camera. This is what u get when u win our FREE auction. To take part send NOKIA to 83383 now. POBOX114/14TCR/W1 16,158.0,32.0,nokia plus free digital camera get win free auction take part send nokia pobox tcr,82,15
ham,Ok ill send you with in  &lt,28.0,7.0,ok ill send lt,14,4
ham,Bognor it is! Should be splendid at this time of year.,54.0,11.0,bognor splendid time year,25,4
ham,Yes.i'm in office da:),22.0,4.0,yes office da,13,3
ham,"Sorry, I'll call later",22.0,4.0,sorry call later,16,3
ham,Joy's father is John. Then John is the NAME of Joy's father. Mandan,67.0,13.0,joy father john john name joy father mandan,43,8
ham,Ok. I only ask abt e movie. U wan ktv oso?,42.0,11.0,ok ask abt movie wan ktv oso,28,7
ham,Misplaced your number and was sending texts to your old number. Wondering why i've not heard from you this year. All the best in your mcat. Got this number from my atlanta friends,179.0,33.0,misplaced number sending text old number wondering heard year best mcat got number atlanta friend,97,15
ham,"Sorry, I'll call later",22.0,4.0,sorry call later,16,3
ham,Dunno lei... I might b eatin wif my frens... If Ì_ wan to eat then i wait 4 Ì_ lar,82.0,20.0,dunno lei might eatin wif frens wan eat wait lar,48,10
ham,"Sorry, I'll call later",22.0,4.0,sorry call later,16,3
spam,FREE entry into our å£250 weekly comp just send the word WIN to 80086 NOW. 18 T&C www.txttowin.co.uk,100.0,18.0,free entry weekly comp send word win www txttowin co uk,55,11
ham,"Say this slowly.? GOD,I LOVE YOU &amp",37.0,7.0,say slowly god love amp,23,5
ham,Do u noe how 2 send files between 2 computers?,46.0,10.0,noe send file computer,22,4
ham,"Mmmmm ... I loved waking to your words this morning ! I miss you too, my Love. I hope your day goes well and you are happy. I wait for us to be together again",158.0,35.0,mmmmm loved waking word morning miss love hope day go well happy wait u together,80,15
ham,jay says he'll put in  &lt,26.0,6.0,jay say put lt,14,4
ham,Can you just come in for a sec? There's somebody here I want you to see,71.0,16.0,come sec somebody want see,26,5
ham,So the sun is anti sleep medicine.,34.0,7.0,sun anti sleep medicine,23,4
ham,What's happening with you. Have you gotten a job and have you begun registration for permanent residency,104.0,17.0,happening gotten job begun registration permanent residency,59,7
ham,Yup ok...,9.0,2.0,yup ok,6,2
ham,Glad it went well :) come over at 11 then we'll have plenty of time before claire goes to work.,95.0,20.0,glad went well come plenty time claire go work,46,9
ham,Ok enjoy . R u there in home.,29.0,8.0,ok enjoy home,13,3
ham,"Can you pls pls send me a mail on all you know about relatives coming to deliver here? All you know about costs, risks, benefits and anything else. Thanks.",155.0,29.0,pls pls send mail know relative coming deliver know cost risk benefit anything else thanks,90,15
ham,You do what all you like,24.0,6.0,like,4,1
ham,That's y we haf to combine n c how lor...,41.0,10.0,haf combine lor,15,3
ham,The monthly amount is not that terrible and you will not pay anything till 6months after finishing school.,106.0,18.0,monthly amount terrible pay anything till month finishing school,64,9
ham,Hmmm:)how many players selected?,32.0,4.0,hmmm many player selected,25,4
ham,"They said if its gonna snow, it will start around 8 or 9 pm tonite! They are predicting an inch of accumulation.",112.0,22.0,said gon na snow start around pm tonite predicting inch accumulation,68,11
ham,I dont. Can you send it to me. Plus how's mode.,47.0,11.0,dont send plus mode,19,4
ham,Aiyo please Ì_ got time meh.,28.0,6.0,aiyo please got time meh,24,5
ham,Package all your programs well,30.0,5.0,package program well,20,3
ham,"She is our sister.. She belongs 2 our family.. She is d hope of tomorrow.. Pray 4 her,who was fated 4 d Shoranur train incident. Lets hold our hands together &amp",162.0,31.0,sister belongs family hope tomorrow pray fated shoranur train incident let hold hand together amp,97,15
ham,So are you guys asking that i get that slippers again or its gone with last year,80.0,17.0,guy asking get slipper gone last year,37,7
ham,Company is very good.environment is terrific and food is really nice:),70.0,11.0,company good environment terrific food really nice,50,7
spam,"Text82228>> Get more ringtones, logos and games from www.txt82228.com. Questions: info@txt82228.co.uk",101.0,11.0,text get ringtones logo game www txt com question info txt co uk,64,13
ham,Honestly i've just made a lovely cup of tea and promptly dropped my keys in it and then burnt my fingers getting them out!,122.0,24.0,honestly made lovely cup tea promptly dropped key burnt finger getting,70,11
ham,Yup but not studying surfing lor. I'm in e lazy mode today.,59.0,12.0,yup studying surfing lor lazy mode today,40,7
ham,Please sen :)my kind advice :-)please come here and try:-),58.0,10.0,please sen kind advice please come try,38,7
ham,I'm done. C Ì_ there.,21.0,5.0,done,4,1
ham,"Oh fine, I'll be by tonight",27.0,6.0,oh fine tonight,15,3
ham,ÌÏ give me some time to walk there.,35.0,8.0,give time walk,14,3
ham,I'll reach in ard 20 mins ok...,31.0,7.0,reach ard min ok,16,4
spam,"FreeMSG You have been awarded a FREE mini DIGITAL CAMERA, just reply SNAP to collect your prize! (quizclub Opt out? Stop 80122300p/wk SP:RWM Ph:08704050406)",156.0,24.0,freemsg awarded free mini digital camera reply snap collect prize quizclub opt stop wk sp rwm ph,96,17
ham,Fuck babe ... What happened to you ? How come you never came back?,66.0,14.0,fuck babe happened come never came back,39,7
spam,This message is brought to you by GMW Ltd. and is not connected to the,70.0,15.0,message brought gmw ltd connected,33,5
ham,"Some friends want me to drive em someplace, probably take a while",65.0,12.0,friend want drive em someplace probably take,44,7
ham,I also thk too fast... Xy suggest one not me. U dun wan it's ok. Going 2 rain leh where got gd.,95.0,22.0,also thk fast xy suggest one dun wan ok going rain leh got gd,61,14
ham,Are you still getting the goods.,32.0,6.0,still getting good,18,3
ham,And maybe some pressies,23.0,4.0,maybe pressies,14,2
ham,"Yeah I am, so I'll leave maybe 7ish?",36.0,8.0,yeah leave maybe ish,20,4
ham,K..k..i'm also fine:)when will you complete the course?,55.0,8.0,also fine complete course,25,4
ham,"Under the sea, there lays a rock. In the rock, there is an envelope. In the envelope, there is a paper. On the paper, there are 3 words... '",140.0,29.0,sea lay rock rock envelope envelope paper paper word,52,9
ham,I told her I had a Dr appt next week. She thinks I'm gonna die. I told her its just a check. Nothing to be worried about. But she didn't listen.,144.0,31.0,told dr appt next week think gon na die told check nothing worried listen,73,14
ham,You in your room? I need a few,30.0,8.0,room need,9,2
ham,I dont want to hear anything,28.0,6.0,dont want hear anything,23,4
ham,Hey. For me there is no leave on friday. Wait i will ask my superior and tell you..,83.0,18.0,hey leave friday wait ask superior tell,39,7
ham,Ultimately tor motive tui achieve korli.,40.0,6.0,ultimately tor motive tui achieve korli,39,6
ham,From 5 to 2 only my work timing.,32.0,8.0,work timing,11,2
ham,Û_ and donÛ÷t worry weÛ÷ll have finished by march Û_ ish!,61.0,11.0,worry finished march ish,24,4
ham,"The house is on the water with a dock, a boat rolled up with a newscaster who dabbles in jazz flute behind the wheel",116.0,24.0,house water dock boat rolled newscaster dabbles jazz flute behind wheel,71,11
spam,"Congrats 2 mobile 3G Videophones R yours. call 09063458130 now! videochat wid ur mates, play java games, Dload polypH music, noline rentl. bx420. ip4. 5we. 150p",160.0,26.0,congrats mobile videophones call videochat wid ur mate play java game dload polyph music noline rentl bx ip,107,18
spam,Your next amazing xxx PICSFREE1 video will be sent to you enjoy! If one vid is not enough for 2day text back the keyword PICSFREE1 to get the next video.,153.0,30.0,next amazing xxx picsfree video sent enjoy one vid enough day text back keyword picsfree get next video,103,18
ham,Now thats going to ruin your thesis!,36.0,7.0,thats going ruin thesis,23,4
ham,In sch but neva mind u eat 1st lor..,36.0,9.0,sch neva mind eat st lor,24,6
ham,Hey whats up? U sleeping all morning?,37.0,7.0,hey whats sleeping morning,26,4
ham,Erm. I thought the contract ran out the4th of october.,54.0,10.0,erm thought contract ran th october,35,6
ham,I dunno until when... Lets go learn pilates...,46.0,8.0,dunno let go learn pilate,25,5
spam,U are subscribed to the best Mobile Content Service in the UK for å£3 per ten days until you send STOP to 83435. Helpline 08706091795.,134.0,25.0,subscribed best mobile content service uk per ten day send stop helpline,72,12
ham,Yup i'm elaborating on the safety aspects and some other issues..,65.0,11.0,yup elaborating safety aspect issue,35,5
spam,"3 FREE TAROT TEXTS! Find out about your love life now! TRY 3 FOR FREE! Text CHANCE to 85555 16 only! After 3 Free, Msgs å£1.50 each",131.0,27.0,free tarot text find love life try free text chance free msg,60,12
ham,"Goodmorning, today i am late for 1hr.",37.0,7.0,goodmorning today late hr,25,4
ham,Hi happy birthday. Hi hi hi hi hi hi hi,39.0,10.0,hi happy birthday hi hi hi hi hi hi hi,38,10
ham,I will be outside office take all from there,44.0,9.0,outside office take,19,3
ham,If you don't respond imma assume you're still asleep and imma start calling n shit,82.0,15.0,respond imma assume still asleep imma start calling shit,56,9
ham,"Aight, see you in a bit",23.0,6.0,aight see bit,13,3
ham,My superior telling that friday is leave for all other department except ours:)so it will be leave for you:)any way call waheed fathima hr and conform it:),155.0,27.0,superior telling friday leave department except leave way call waheed fathima hr conform,88,13
spam,Join the UK's horniest Dogging service and u can have sex 2nite!. Just sign up and follow the instructions. Txt ENTRY to 69888 now! Nyt.EC2A.3LP.msg@150p,153.0,25.0,join uk horniest dogging service sex nite sign follow instruction txt entry nyt ec lp msg,89,16
ham,Lol I have to take it. member how I said my aunt flow didn't visit for 6 months? It's cause I developed ovarian cysts. Bc is the only way to shrink them.,153.0,32.0,lol take member said aunt flow visit month cause developed ovarian cyst bc way shrink,85,15
ham,Still work going on:)it is very small house.,44.0,8.0,still work going small house,28,5
ham,My friend just got here and says he's upping his order by a few grams (he's got $ &lt,85.0,19.0,friend got say upping order gram got lt,39,8
ham,Tmr timin still da same wat cos i got lesson until 6...,55.0,12.0,tmr timin still da wat co got lesson,36,8
ham,"ThatÛ÷s the thing with apes, u can fight to the death to keep something, but the minute they have it when u let go, thats it!",126.0,26.0,thing ape fight death keep something minute let go thats,56,10
spam,Sunshine Quiz Wkly Q! Win a top Sony DVD player if u know which country Liverpool played in mid week? Txt ansr to 82277. å£1.50 SP:Tyrone,137.0,26.0,sunshine quiz wkly win top sony dvd player know country liverpool played mid week txt ansr sp tyrone,100,18
ham,No i'm not gonna be able to. || too late notice. || i'll be home in a few weeks anyway. || what are the plans,109.0,25.0,gon na able late notice home week anyway plan,45,9
ham,"Got fujitsu, ibm, hp, toshiba... Got a lot of model how to say...",65.0,13.0,got fujitsu ibm hp toshiba got lot model say,44,9
ham,Okie... Thanx...,16.0,2.0,okie thanx,10,2
ham,"Gosh that , what a pain. Spose I better come then.",50.0,11.0,gosh pain spose better come,27,5
ham,"As usual..iam fine, happy &amp",30.0,5.0,usual iam fine happy amp,24,5
ham,Okie,4.0,1.0,okie,4,1
ham,So when you gonna get rimac access ,35.0,7.0,gon na get rimac access,23,5
ham,"\Im at arestaurant eating squid! i will be out about 10:30 wanna dosomething or is that to late?\""""",99.0,18.0,im arestaurant eating squid wan na dosomething late,51,8
ham,You call times job today ok umma and ask them to speed up,57.0,13.0,call time job today ok umma ask speed,37,8
ham,"\HELLO U.CALL WEN U FINISH WRK.I FANCY MEETIN UP WIV U ALL TONITE AS I NEED A BREAK FROM DABOOKS. DID 4 HRS LAST NITE+2 TODAY OF WRK!\""""",136.0,28.0,hello call wen finish wrk fancy meetin wiv tonite need break dabooks hr last nite today wrk,91,17
ham,R U &SAM P IN EACHOTHER. IF WE MEET WE CAN GO 2 MY HOUSE,56.0,15.0,sam eachother meet go house,27,5
ham,:-) yeah! Lol. Luckily i didn't have a starring role like you!,62.0,12.0,yeah lol luckily starring role like,35,6
ham,Hello madam how are you ?,25.0,6.0,hello madam,11,2
ham,"Awesome, text me when you're restocked",38.0,6.0,awesome text restocked,22,3
ham,"As usual..iam fine, happy &amp",30.0,5.0,usual iam fine happy amp,24,5
spam,Knock Knock Txt whose there to 80082 to enter r weekly draw 4 a å£250 gift voucher 4 a store of yr choice. T&Cs www.tkls.com age16 to stoptxtstopå£1.50/week,156.0,28.0,knock knock txt whose enter weekly draw gift voucher store yr choice c www tkls com age stoptxtstop week,104,19
ham,Yes. It's all innocent fun. O:-),32.0,6.0,yes innocent fun,16,3
ham,Thanks for sending this mental ability question..,49.0,7.0,thanks sending mental ability question,38,5
ham,"Sir, hope your day is going smoothly. i really hoped i wont have to bother you about this. I have some bills that i can't settle this month. I am out of all extra cash. I know this is a challenging time for you also but i have to let you know.",243.0,52.0,sir hope day going smoothly really hoped wont bother bill settle month extra cash know challenging time also let know,117,20
ham,2marrow only. Wed at  &lt,25.0,5.0,marrow wed lt,13,3
ham,I went to ur hon lab but no one is there.,41.0,11.0,went ur hon lab one,19,5
ham,I cant pick the phone right now. Pls send a message,51.0,11.0,cant pick phone right pls send message,38,7
ham,Hey pple...$700 or $900 for 5 nights...Excellent location wif breakfast hamper!!!,81.0,11.0,hey pple night excellent location wif breakfast hamper,54,8
spam,<Forwarded from 21870000>Hi - this is your Mailbox Messaging SMS alert. You have 40 matches. Please call back on 09056242159 to retrieve your messages and matches cc100p/min,173.0,27.0,forwarded hi mailbox messaging sm alert match please call back retrieve message match cc min,92,15
ham,How come?,9.0,2.0,come,4,1
ham,Lol! Nah wasn't too bad thanks. Its good to b home but its been quite a reality check. Hows ur day been? Did u do anything with website?,136.0,28.0,lol nah bad thanks good home quite reality check hows ur day anything website,77,14
ham,Ok lor...,9.0,2.0,ok lor,6,2
ham,I'm coming home 4 dinner.,25.0,5.0,coming home dinner,18,3
ham,S da..al r above  &lt,21.0,5.0,da al lt,8,3
spam,"FREE RING TONE just text \POLYS\"" to 87131. Then every week get a new tone. 0870737910216yrs only å£1.50/wk.""",109.0,18.0,free ring tone text polys every week get new tone yr wk,55,12
ham,Unni thank you dear for the recharge..Rakhesh,45.0,7.0,unni thank dear recharge rakhesh,32,5
ham,I know I'm lacking on most of this particular dramastorm's details but for the most part I'm not worried about that,115.0,21.0,know lacking particular dramastorm detail part worried,54,7
ham,Haha... They cant what... At the most tmr forfeit... haha so how?,65.0,12.0,haha cant tmr forfeit haha,26,5
ham,"Hey there! Glad u r better now. I hear u treated urself to a digi cam, is it good? We r off at 9pm. Have a fab new year, c u in coupla wks!",139.0,34.0,hey glad better hear treated urself digi cam good pm fab new year coupla wks,76,15
ham,No way I'm going back there!,28.0,6.0,way going back,14,3
spam,"URGENT! Your mobile No 077xxx WON a å£2,000 Bonus Caller Prize on 02/06/03! This is the 2nd attempt to reach YOU! Call 09066362206 ASAP! BOX97N7QP, 150ppm",154.0,26.0,urgent mobile xxx bonus caller prize nd attempt reach call asap box qp ppm,74,14
ham,I WILL CAL YOU SIR. In meeting,30.0,7.0,cal sir meeting,15,3
ham,"That's what I love to hear :V see you sundayish, then",53.0,11.0,love hear see sundayish,23,4
ham,"Sorry da thangam, very very sorry i am held up with prasad.",59.0,12.0,sorry da thangam sorry held prasad,34,6
ham,Tiwary to rcb.battle between bang and kochi.,44.0,7.0,tiwary rcb battle bang kochi,28,5
ham,Thank god they are in bed!,26.0,6.0,thank god bed,13,3
ham,No I don't have cancer. Moms making a big deal out of a regular checkup aka pap smear,85.0,18.0,cancer mom making big deal regular checkup aka pap smear,56,10
ham,Am in gobi arts college,23.0,5.0,gobi art college,16,3
ham,Why she wants to talk to me,27.0,7.0,want talk,9,2
ham,Pandy joined 4w technologies today.he got job..,47.0,7.0,pandy joined technology today got job,37,6
spam,"You are guaranteed the latest Nokia Phone, a 40GB iPod MP3 player or a å£500 prize! Txt word: COLLECT to No: 83355! IBHltd LdnW15H 150p/Mtmsgrcvd18",147.0,25.0,guaranteed latest nokia phone gb ipod mp player prize txt word collect ibhltd ldnw mtmsgrcvd,92,15
ham,"They can try! They can get lost, in fact. Tee hee",49.0,11.0,try get lost fact tee hee,25,6
ham,Hi! You just spoke to MANEESHA V. We'd like to know if you were satisfied with the experience. Reply Toll Free with Yes or No.,126.0,25.0,hi spoke maneesha like know satisfied experience reply toll free yes,68,11
ham,My friends use to call the same.,32.0,7.0,friend use call,15,3
ham,"Sorry, I'll call later",22.0,4.0,sorry call later,16,3
ham,"Em, its olowoyey@ usc.edu have a great time in argentina. Not sad about secretary, everything is a blessing",107.0,18.0,em olowoyey usc edu great time argentina sad secretary everything blessing,74,11
ham,"It,,s a taxt massage....tie-pos argh ok! Lool!",46.0,7.0,taxt massage tie po argh ok lool,32,7
ham,"Hi, can i please get a  &lt",27.0,7.0,hi please get lt,16,4
ham,"You might want to pull out more just in case and just plan on not spending it if you can, I don't have much confidence in derek and taylor's money management",157.0,31.0,might want pull case plan spending much confidence derek taylor money management,80,12
ham,Do you like shaking your booty on the dance floor?,50.0,10.0,like shaking booty dance floor,30,5
ham,"Text me when you get off, don't call, my phones having problems",63.0,12.0,text get call phone problem,27,5
ham,No need for the drug anymore.,29.0,6.0,need drug anymore,17,3
ham,Sorry da:)i was thought of calling you lot of times:)lil busy.i will call you at noon..,87.0,16.0,sorry da thought calling lot time lil busy call noon,52,10
ham,Its sarcasm.. .nt scarcasim,27.0,4.0,sarcasm nt scarcasim,20,3
ham,Great! I have to run now so ttyl!,33.0,8.0,great run ttyl,14,3
ham,Feel like trying kadeem again? :V,33.0,6.0,feel like trying kadeem,23,4
ham,Dai  &lt,8.0,2.0,dai lt,6,2
ham,Not yet chikku..wat abt u?,26.0,5.0,yet chikku wat abt,18,4
ham,Ok...,5.0,1.0,ok,2,1
ham,Want to finally have lunch today?,33.0,6.0,want finally lunch today,24,4
ham,Do you know when dad will be back?,34.0,8.0,know dad back,13,3
spam,"Hello darling how are you today? I would love to have a chat, why dont you tell me what you look like and what you are in to sexy?",130.0,29.0,hello darling today would love chat dont tell look like sexy,60,11
spam,8007 FREE for 1st week! No1 Nokia tone 4 ur mob every week just txt NOKIA to 8007 Get txting and tell ur mates www.getzed.co.uk POBox 36504 W4 5WQ norm 150p/tone 16+,165.0,32.0,free st week nokia tone ur mob every week txt nokia get txting tell ur mate www getzed co uk pobox wq norm tone,111,24
ham,He remains a bro amongst bros,29.0,6.0,remains bro amongst bros,24,4
ham,R u meeting da ge at nite tmr?,30.0,8.0,meeting da ge nite tmr,22,5
ham,"* Was a nice day and, impressively, i was sensible, went home early and now feel fine. Or am i just boring?! When's yours, i can't remember.",140.0,27.0,nice day impressively sensible went home early feel fine boring remember,72,11
ham,Why de. You looking good only:-)..,34.0,6.0,de looking good,15,3
spam,Wanna get laid 2nite? Want real Dogging locations sent direct to ur mobile? Join the UK's largest Dogging Network. Txt PARK to 69696 now! Nyt. ec2a. 3lp å£1.50/msg,163.0,28.0,wan na get laid nite want real dogging location sent direct ur mobile join uk largest dogging network txt park nyt ec lp msg,124,24
spam,we tried to contact you re your response to our offer of a new nokia fone and camcorder hit reply or call 08000930705 for delivery,130.0,25.0,tried contact response offer new nokia fone camcorder hit reply call delivery,77,12
ham,Yes. They replied my mail. I'm going to the management office later. Plus will in to bank later also.or on wednesday.,117.0,21.0,yes replied mail going management office later plus bank later also wednesday,77,12
ham,"That's cool, I'll come by like  &lt",35.0,7.0,cool come like lt,17,4
ham,Super msg da:)nalla timing.,27.0,4.0,super msg da nalla timing,25,5
ham,"Good afternoon, my boytoy ... How are you feeling today ? Better I hope? Are you being my good boy? Are you my obedient, slave? Do you please your Queen?",153.0,30.0,good afternoon boytoy feeling today better hope good boy obedient slave please queen,84,13
ham,I am 6 ft. We will be a good combination!,41.0,10.0,ft good combination,19,3
ham,I'm sick !! I'm needy !! I want you !! *pouts* *stomps feet* Where are you ?! *pouts* *stomps feet* I want my slave !! I want him now !!,136.0,30.0,sick needy want pout stomp foot pout stomp foot want slave want,63,12
ham,* Am on a train back from northampton so i'm afraid not!,56.0,12.0,train back northampton afraid,29,4
ham,Where in abj are you serving. Are you staying with dad or alone.,64.0,13.0,abj serving staying dad alone,29,5
ham,Was playng 9 doors game and gt racing on phone lol,50.0,11.0,playng door game gt racing phone lol,36,7
spam,"New Tones This week include: 1)McFly-All Ab.., 2) Sara Jorge-Shock.. 3) Will Smith-Switch.. To order follow instructions on next message",136.0,20.0,new tone week include mcfly ab sara jorge shock smith switch order follow instruction next message,98,16
ham,Solve d Case : A Man Was Found Murdered On  &lt,47.0,11.0,solve case man found murdered lt,32,6
ham,I'm on da bus going home...,27.0,6.0,da bus going home,17,4
ham,I got a call from a landline number. . . I am asked to come to anna nagar . . . I will go in the afternoon,106.0,27.0,got call landline number asked come anna nagar go afternoon,59,10
ham,I'm okay. Chasing the dream. What's good. What are you doing next.,66.0,12.0,okay chasing dream good next,28,5
ham,Yupz... I've oredi booked slots 4 my weekends liao... ,54.0,9.0,yupz oredi booked slot weekend liao,35,6
spam,URGENT! We are trying to contact U. Todays draw shows that you have won a å£800 prize GUARANTEED. Call 09050003091 from land line. Claim C52. Valid 12hrs only,158.0,28.0,urgent trying contact today draw show prize guaranteed call land line claim valid hr,84,14
ham,There r many model..sony ericson also der.. &lt,47.0,8.0,many model sony ericson also der lt,35,7
ham,Okie,4.0,1.0,okie,4,1
ham,Yes I know the cheesy songs from frosty the snowman :),54.0,11.0,yes know cheesy song frosty snowman,35,6
ham,"Ya ok, vikky vl c witin  &lt",28.0,7.0,ya ok vikky vl witin lt,23,6
spam,sports fans - get the latest sports news str* 2 ur mobile 1 wk FREE PLUS a FREE TONE Txt SPORT ON to 8007 www.getzed.co.uk 0870141701216+ norm 4txt/120p ,153.0,28.0,sport fan get latest sport news str ur mobile wk free plus free tone txt sport www getzed co uk norm txt,104,22
ham,Hey tmr meet at bugis 930 ?,27.0,7.0,hey tmr meet bugis,18,4
spam,"Urgent Urgent! We have 800 FREE flights to Europe to give away, call B4 10th Sept & take a friend 4 FREE. Call now to claim on 09050000555. BA128NNFWFLY150ppm",158.0,29.0,urgent urgent free flight europe give away call th sept take friend free call claim ba nnfwfly ppm,98,18
ham,All these nice new shirts and the only thing I can wear them to is nudist themed ,81.0,17.0,nice new shirt thing wear nudist themed,39,7
ham,Hey sexy buns! What of that day? No word from you this morning on YM ... :-( ... I think of you,95.0,22.0,hey sexy bun day word morning ym think,38,8
ham,And whenever you and i see we can still hook up too.,52.0,12.0,whenever see still hook,23,4
ham,Nope but i'm going home now then go pump petrol lor... Like going 2 rain soon...,80.0,16.0,nope going home go pump petrol lor like going rain soon,55,11
ham,Can you use foreign stamps for whatever you send them off for? ,63.0,12.0,use foreign stamp whatever send,31,5
spam,FROM 88066 LOST å£12 HELP,25.0,5.0,lost help,9,2
ham,Oh baby of the house. How come you dont have any new pictures on facebook,73.0,15.0,oh baby house come dont new picture facebook,44,8
ham,Feb  &lt,8.0,2.0,feb lt,6,2
ham,"Hiya, sorry didn't hav signal. I haven't seen or heard from and neither has, which is unusual in itself! I'll put on the case and get him to sort it out! Hugs and snogs.",169.0,34.0,hiya sorry hav signal seen heard neither unusual put case get sort hug snogs,76,14
ham,"Omw back to tampa from west palm, you hear what happened?",57.0,11.0,omw back tampa west palm hear happened,38,7
ham,Yup no more already... Thanx 4 printing n handing it up.,56.0,11.0,yup already thanx printing handing,34,5
spam,FreeMsg: Fancy a flirt? Reply DATE now & join the UKs fastest growing mobile dating service. Msgs rcvd just 25p to optout txt stop to 83021. Reply DATE now!,156.0,29.0,freemsg fancy flirt reply date join uk fastest growing mobile dating service msg rcvd optout txt stop reply date,112,19
ham,What i mean is do they come chase you out when its over or is it stated you can watch as many movies as you want.,113.0,26.0,mean come chase stated watch many movie want,44,8
ham,S now only i took tablets . Reaction morning only.,50.0,10.0,took tablet reaction morning,28,4
spam,Great NEW Offer - DOUBLE Mins & DOUBLE Txt on best Orange tariffs AND get latest camera phones 4 FREE! Call MobileUpd8 free on 08000839402 NOW! or 2stoptxt T&Cs,160.0,29.0,great new offer double min double txt best orange tariff get latest camera phone free call mobileupd free stoptxt c,115,20
ham,"Nah, I'm a perpetual DD",23.0,5.0,nah perpetual dd,16,3
ham,Sorry de i went to shop.,24.0,6.0,sorry de went shop,18,4
spam,Hope you enjoyed your new content. text stop to 61610 to unsubscribe. help:08712400602450p Provided by tones2you.co.uk,118.0,16.0,hope enjoyed new content text stop unsubscribe help provided tone co uk,71,12
ham,"Wen ur lovable bcums angry wid u, dnt take it seriously.. Coz being angry is d most childish n true way of showing deep affection, care n luv!.. kettoda manda... Have nice day da.",179.0,34.0,wen ur lovable bcums angry wid dnt take seriously coz angry childish true way showing deep affection care luv kettoda manda nice day da,135,24
ham,Hey you still want to go for yogasana? Coz if we end at cine then can go bathe and hav the steam bath,101.0,23.0,hey still want go yogasana coz end cine go bathe hav steam bath,63,13
ham,Nope i'm not drivin... I neva develop da photos lei...,54.0,10.0,nope drivin neva develop da photo lei,37,7
ham,I am thinking of going down to reg for pract lessons.. Flung my advance.. Haha wat time u going?,96.0,19.0,thinking going reg pract lesson flung advance haha wat time going,65,11
ham,Cool. I am  &lt,15.0,4.0,cool lt,7,2
ham,"House-Maid is the murderer, coz the man was murdered on  &lt",60.0,11.0,house maid murderer coz man murdered lt,39,7
ham,Okie.. Thanx..,14.0,2.0,okie thanx,10,2
spam,18 days to Euro2004 kickoff! U will be kept informed of all the latest news and results daily. Unsubscribe send GET EURO STOP to 83222.,135.0,25.0,day euro kickoff kept informed latest news result daily unsubscribe send get euro stop,86,14
ham,Go where n buy? Juz buy when we get there lar.,46.0,11.0,go buy juz buy get lar,22,6
ham,Ok lor...,9.0,2.0,ok lor,6,2
ham,I'm working technical support :)voice process.,46.0,6.0,working technical support voice process,39,5
ham,It's justbeen overa week since we broke up and already our brains are going to mush!,84.0,16.0,justbeen overa week since broke already brain going mush,56,9
ham,"Tunde, how are you doing. This is just wishing you a great day. Abiola.",71.0,14.0,tunde wishing great day abiola,30,5
ham,Nope... C Ì_ then...,20.0,4.0,nope,4,1
ham,No. But we'll do medical missions to nigeria,44.0,8.0,medical mission nigeria,23,3
ham,No i am not having not any movies in my laptop,46.0,11.0,movie laptop,12,2
ham,Whatsup there. Dont u want to sleep,35.0,7.0,whatsup dont want sleep,23,4
spam,Urgent Please call 09066612661 from landline. å£5000 cash or a luxury 4* Canary Islands Holiday await collection. T&Cs SAE award. 20M12AQ. 150ppm. 16+ ÛÏ,154.0,24.0,urgent please call landline cash luxury canary island holiday await collection c sae award aq ppm,97,16
spam,"Urgent! Please call 09066612661 from your landline, your complimentary 4* Lux Costa Del Sol holiday or å£1000 CASH await collection. ppm 150 SAE T&Cs James 28, EH74RR",166.0,27.0,urgent please call landline complimentary lux costa del sol holiday cash await collection ppm sae c james eh rr,111,19
ham,I havent lei.. Next mon can?,28.0,6.0,havent lei next mon,19,4
ham,Mm feeling sleepy. today itself i shall get that dear,53.0,10.0,mm feeling sleepy today shall get dear,38,7
ham,How dare you stupid. I wont tell anything to you. Hear after i wont talk to you:-.,82.0,17.0,dare stupid wont tell anything hear wont talk,45,8
ham,Do Ì_ noe if ben is going?,26.0,7.0,noe ben going,13,3
ham,Can you do a mag meeting this avo at some point?,48.0,11.0,mag meeting avo point,21,4
ham,I meant middle left or right?,29.0,6.0,meant middle left right,23,4
ham,Really? I crashed out cuddled on my sofa.,41.0,8.0,really crashed cuddled sofa,27,4
ham,Hi Chachi tried calling u now unable to reach u .. Pl give me a missed cal once u c tiz msg  Kanagu,99.0,23.0,hi chachi tried calling unable reach pl give missed cal tiz msg kanagu,70,13
ham,I sent you the prices and do you mean the  &lt,46.0,11.0,sent price mean lt,18,4
ham,Are you this much buzy,22.0,5.0,much buzy,9,2
ham,Nothing. Can...,15.0,2.0,nothing,7,1
spam,I don't know u and u don't know me. Send CHAT to 86688 now and let's find each other! Only 150p/Msg rcvd. HG/Suite342/2Lands/Row/W1J6HL LDN. 18 years or over.,158.0,28.0,know know send chat let find msg rcvd hg suite land row hl ldn year,67,15
ham,No * am working on the ringing u thing but have whole houseful of screaming brats so * am pulling my hair out! Loving u,119.0,25.0,working ringing thing whole houseful screaming brat pulling hair loving,71,10
ham,But my family not responding for anything. Now am in room not went to home for diwali but no one called me and why not coming. It makes me feel like died.,154.0,32.0,family responding anything room went home diwali one called coming make feel like died,86,14
ham,"Tick, tick, tick ... Babe",25.0,5.0,tick tick tick babe,19,4
ham,R Ì_ going 4 today's meeting?,29.0,6.0,going today meeting,19,3
ham,K da:)how many page you want?,29.0,6.0,da many page want,17,4
ham,Ya had just now.onion roast.,28.0,5.0,ya onion roast,14,3
ham,Send his number and give reply tomorrow morning for why you said that to him like that ok,89.0,18.0,send number give reply tomorrow morning said like ok,52,9
ham,You said not now. No problem. When you can. Let me know.,56.0,12.0,said problem let know,21,4
ham,Ok but tell me half an hr b4 u come i need 2 prepare.,53.0,14.0,ok tell half hr come need prepare,33,7
ham,Play w computer? Aiyah i tok 2 u lor?,37.0,9.0,play computer aiyah tok lor,27,5
ham,Sat right? Okay thanks... ,26.0,4.0,sat right okay thanks,21,4
ham,"Derp. Which is worse, a dude who always wants to party or a dude who files a complaint about the three drug abusers he lives with",129.0,26.0,derp worse dude always want party dude file complaint three drug abuser life,76,13
ham,Ok Chinese food on its way. When I get fat you're paying for my lipo.,69.0,15.0,ok chinese food way get fat paying lipo,39,8
ham,We r outside already.,21.0,4.0,outside already,15,2
ham,Have a good trip. Watch out for . Remember when you get back we must decide about easter.,89.0,18.0,good trip watch remember get back must decide easter,52,9
ham,Yo we are watching a movie on netflix,37.0,8.0,yo watching movie netflix,25,4
ham,What time. IÛ÷m out until prob 3 or so,39.0,9.0,time prob,9,2
ham,"Can meh? Thgt some will clash... Really ah, i dun mind... I dun seen to have lost any weight... Gee...",102.0,20.0,meh thgt clash really ah dun mind dun seen lost weight gee,58,12
ham,I dont thnk its a wrong calling between us,42.0,9.0,dont thnk wrong calling u,25,5
ham,I am not sure about night menu. . . I know only about noon menu,63.0,15.0,sure night menu know noon menu,30,6
ham,ARR birthday today:) i wish him to get more oscar.,50.0,10.0,arr birthday today wish get oscar,33,6
ham,"Say this slowly.? GOD,I LOVE YOU &amp",37.0,7.0,say slowly god love amp,23,5
ham,"Open rebtel with firefox. When it loads just put plus sign in the user name place, and it will show you two numbers. The lower number is my number. Once you pick that number the pin will display okay!",200.0,39.0,open rebtel firefox load put plus sign user name place show two number lower number number pick number pin display okay,119,21
ham, and  picking them up from various points,41.0,7.0,picking various point,21,3
spam,Married local women looking for discreet action now! 5 real matches instantly to your phone. Text MATCH to 69969 Msg cost 150p 2 stop txt stop BCMSFWC1N3XX,155.0,27.0,married local woman looking discreet action real match instantly phone text match msg cost stop txt stop bcmsfwc xx,115,19
ham,Wow v v impressed. Have funs shopping!,38.0,7.0,wow impressed fun shopping,26,4
ham,I am on the way to ur home,26.0,8.0,way ur home,11,3
spam,Burger King - Wanna play footy at a top stadium? Get 2 Burger King before 1st Sept and go Large or Super with Coca-Cola and walk out a winner,141.0,29.0,burger king wan na play footy top stadium get burger king st sept go large super coca cola walk winner,102,20
ham,No problem. Talk to you later,29.0,6.0,problem talk later,18,3
ham,Then ur sis how?,16.0,4.0,ur si,5,2
ham,Still in customer place,23.0,4.0,still customer place,20,3
spam,How come it takes so little time for a child who is afraid of the dark to become a teenager who wants to stay out all night?,124.0,27.0,come take little time child afraid dark become teenager want stay night,71,12
ham,"Dude u knw also telugu..thts gud..k, gud nyt..",46.0,8.0,dude knw also telugu thts gud gud nyt,37,8
ham,We confirm eating at esplanade?,31.0,5.0,confirm eating esplanade,24,3
ham,Send me your id and password,28.0,6.0,send id password,16,3
ham,Kind of. Took it to garage. Centre part of exhaust needs replacing. Part ordered n taking it to be fixed tomo morning.,118.0,22.0,kind took garage centre part exhaust need replacing part ordered taking fixed tomo morning,90,14
spam,"For ur chance to win a å£250 cash every wk TXT: ACTION to 80608. T's&C's www.movietrivia.tv custcare 08712405022, 1x150p/wk.",124.0,19.0,ur chance win cash every wk txt action www movietrivia tv custcare wk,69,13
ham,Well I might not come then...,29.0,6.0,well might come,15,3
ham,Long after I quit. I get on only like 5 minutes a day as it is.,63.0,16.0,long quit get like minute day,29,6
ham,Then its most likely called Mittelschmertz. Google it. If you dont have paracetamol dont worry it will go.,106.0,18.0,likely called mittelschmertz google dont paracetamol dont worry go,66,9
ham,Well at this right I'm gonna have to get up and check today's steam sales/pee so text me when you want me to come get you,121.0,26.0,well right gon na get check today steam sale pee text want come get,67,14
ham,"Just arrived, see you in a couple days &lt",42.0,9.0,arrived see couple day lt,25,5
ham,"K, wat s tht incident?",22.0,5.0,wat tht incident,16,3
ham,Yeah get the unlimited,22.0,4.0,yeah get unlimited,18,3
ham,cThen i thk shd b enuff.. Still got conclusion n contents pg n references.. I'll b doing da contents pg n cover pg..,116.0,23.0,cthen thk shd enuff still got conclusion content pg reference da content pg cover pg,84,15
ham,"Forgot it takes me 3 years to shower, sorry. Where you at/your phone dead yet?",78.0,15.0,forgot take year shower sorry phone dead yet,44,8
ham,ÌÏ got wat to buy tell us then Ì_ no need to come in again.,59.0,15.0,got wat buy tell u need come,28,7
ham,When you are big..| God will bring success.,43.0,8.0,big god bring success,21,4
spam,UÛªve Bin Awarded å£50 to Play 4 Instant Cash. Call 08715203028 To Claim. EVERY 9th Player Wins Min å£50-å£500. OptOut 08718727870,131.0,21.0,bin awarded play instant cash call claim every th player win min optout,71,13
ham,"Û_ we r stayin here an extra week, back next wed. How did we do in the rugby this weekend? Hi to and and , c u soon \""",119.0,29.0,stayin extra week back next wed rugby weekend hi soon,53,10
"ham""""""",Well there's still a bit left if you guys want to tonight,57.0,12.0,well still bit left guy want tonight,36,7
ham,Not from this campus. Are you in the library?,45.0,9.0,campus library,14,2
ham,The affidavit says  &lt,23.0,4.0,affidavit say lt,16,3
ham,How will I creep on you now? ,29.0,7.0,creep,5,1
ham,Tell your friends what you plan to do on Valentines day @ &lt,61.0,13.0,tell friend plan valentine day lt,33,6
ham,If I get there before you after your ten billion calls and texts so help me god,79.0,17.0,get ten billion call text help god,34,7
ham,Purity of friendship between two is not about smiling after reading the forwarded message..Its about smiling just by seeing the name. Gud evng musthu,149.0,24.0,purity friendship two smiling reading forwarded message smiling seeing name gud evng musthu,91,13
ham,I've told him that i've returned it. That should i re order it.,63.0,13.0,told returned order,19,3
ham,"House-Maid is the murderer, coz the man was murdered on  &lt",60.0,11.0,house maid murderer coz man murdered lt,39,7
ham,Depends on where u going lor.,29.0,6.0,depends going lor,17,3
ham,And smile for me right now as you go and the world will wonder what you are smiling about and think your crazy and keep away from you ... *grins*,145.0,30.0,smile right go world wonder smiling think crazy keep away grin,62,11
spam,FreeMsg>FAV XMAS TONES!Reply REAL,33.0,4.0,freemsg fav xmas tone reply real,32,6
ham,Lil fever:) now fine:),22.0,4.0,lil fever fine,14,3
ham,I think it's all still in my car,32.0,8.0,think still car,15,3
ham,Can a not?,10.0,3.0,,0,0
spam,December only! Had your mobile 11mths+? You are entitled to update to the latest colour camera mobile for Free! Call The Mobile Update Co FREE on 08002986906 ,158.0,27.0,december mobile mths entitled update latest colour camera mobile free call mobile update co free,96,15
ham,Yes princess! I want to catch you with my big strong hands...,61.0,12.0,yes princess want catch big strong hand,39,7
ham,Oh yeah I forgot. U can only take 2 out shopping at once.,57.0,13.0,oh yeah forgot take shopping,28,5
ham,Mm so you asked me not to call radio,36.0,9.0,mm asked call radio,19,4
ham,Thinkin about someone is all good. No drugs for that,52.0,10.0,thinkin someone good drug,25,4
ham,"Say this slowly.? GOD,I LOVE YOU &amp",37.0,7.0,say slowly god love amp,23,5
ham,"Enjoy the showers of possessiveness poured on u by ur loved ones, bcoz in this world of lies, it is a golden gift to be loved truly..",133.0,27.0,enjoy shower possessiveness poured ur loved one bcoz world lie golden gift loved truly,86,14
ham,"Alright if you're sure, let me know when you're leaving",55.0,10.0,alright sure let know leaving,29,5
ham,Some are lasting as much as 2 hours. You might get lucky.,57.0,12.0,lasting much hour might get lucky,33,6
ham,Genius what's up. How your brother. Pls send his number to my skype.,68.0,13.0,genius brother pls send number skype,36,6
spam,"Gr8 Poly tones 4 ALL mobs direct 2u rply with POLY TITLE to 8007 eg POLY BREATHE1 Titles: CRAZYIN, SLEEPINGWITH, FINEST, YMCA :getzed.co.uk POBox365O4W45WQ 300p",160.0,25.0,gr poly tone mob direct rply poly title eg poly breathe title crazyin sleepingwith finest ymca getzed co uk pobox wq,116,21
ham,Thk some of em find wtc too far... Weiyi not goin... E rest i dunno yet... R ur goin 4 dinner den i might b able to join...,123.0,28.0,thk em find wtc far weiyi goin rest dunno yet ur goin dinner den might able join,80,17
ham,Don't forget who owns you and who's private property you are ... And be my good boy always .. *passionate kiss*,111.0,21.0,forget owns private property good boy always passionate kiss,60,9
spam,INTERFLORA - åÒIt's not too late to order Interflora flowers for christmas call 0800 505060 to place your order before Midnight tomorrow.,137.0,22.0,interflora late order interflora flower christmas call place order midnight tomorrow,84,11
ham,Oh god..taken the teeth?is it paining,37.0,6.0,oh god taken teeth paining,26,5
spam,ROMCAPspam Everyone around should be responding well to your presence since you are so warm and outgoing. You are bringing in a real breath of sunshine.,152.0,26.0,romcapspam everyone around responding well presence since warm outgoing bringing real breath sunshine,101,13
ham,Then u ask darren go n pick u lor... But i oso sian tmr haf 2 meet lect...,74.0,18.0,ask darren go pick lor oso sian tmr haf meet lect,49,11
ham,No need to buy lunch for me.. I eat maggi mee..,47.0,11.0,need buy lunch eat maggi mee,28,6
spam,"Congratulations - Thanks to a good friend U have WON the å£2,000 Xmas prize. 2 claim is easy, just call 08712103738 NOW! Only 10p per minute. BT-national-rate",158.0,27.0,congratulation thanks good friend xmas prize claim easy call per minute bt national rate,88,14
ham,Ok lor...,9.0,2.0,ok lor,6,2
ham,"Oh right, ok. I'll make sure that i do loads of work during the day!  got a really nasty cough today and is dry n shot so that should really help it!",149.0,32.0,oh right ok make sure load work day got really nasty cough today dry shot really help,85,17
ham,Wife.how she knew the time of murder exactly,44.0,8.0,wife knew time murder exactly,29,5
spam,Send a logo 2 ur lover - 2 names joined by a heart. Txt LOVE NAME1 NAME2 MOBNO eg LOVE ADAM EVE 07123456789 to 87077 Yahoo! POBox36504W45WQ TxtNO 4 no ads 150p.,160.0,32.0,send logo ur lover name joined heart txt love name name mobno eg love adam eve yahoo pobox wq txtno ad,102,21
ham,Howz that persons story,23.0,4.0,howz person story,17,3
ham,Thanx 4 sending me home...,26.0,5.0,thanx sending home,18,3
ham,Its normally hot mail. Com you see!,35.0,7.0,normally hot mail com see,25,5
spam,"You've won tkts to the EURO2004 CUP FINAL or å£800 CASH, to collect CALL 09058099801 b4190604, POBOX 7876150ppm",111.0,18.0,tkts euro cup final cash collect call pobox ppm,47,9
ham,U sick still can go shopping?,29.0,6.0,sick still go shopping,22,4
ham,"Ya they are well and fine., BBD(pooja) full pimples..even she become quite black..and ur rite here its too cold, wearing sweatter..",131.0,21.0,ya well fine bbd pooja full pimple even become quite black ur rite cold wearing sweatter,88,16
ham,Nice.nice.how is it working?,28.0,4.0,nice nice working,17,3
ham,1's reach home call me.,23.0,5.0,reach home call,15,3
ham,Were trying to find a Chinese food place around here,52.0,10.0,trying find chinese food place around,37,6
ham,"Easy mate, * guess the quick drink was bit ambitious.",53.0,10.0,easy mate guess quick drink bit ambitious,41,7
ham,BABE !!! I miiiiiiissssssssss you ! I need you !!! I crave you !!! :-( ... Geeee ... I'm so sad without you babe ... I love you ...,131.0,29.0,babe miiiiiiissssssssss need crave geeee sad without babe love,62,9
ham,Ok thanx...,11.0,2.0,ok thanx,8,2
ham,aathi..where are you dear..,27.0,4.0,aathi dear,10,2
ham,"Tunji, how's the queen? how are you doing. This is just wishing you a great day. Abiola.",88.0,17.0,tunji queen wishing great day abiola,36,6
ham,Today iZ Yellow rose day. If u love my frndship give me 1 misscall &amp,71.0,15.0,today iz yellow rose day love frndship give misscall amp,56,10
ham,Will be out of class in a few hours. Sorry,42.0,10.0,class hour sorry,16,3
ham,Wat time u finish ur lect today?,32.0,7.0,wat time finish ur lect today,29,6
spam,"Free-message: Jamster!Get the crazy frog sound now! For poly text MAD1, for real text MAD2 to 88888. 6 crazy sounds for just 3 GBP/week! 16+only! T&C's apply",157.0,27.0,free message jamster get crazy frog sound poly text mad real text mad crazy sound gbp week apply,96,18
ham,"Sad story of a Man - Last week was my b'day. My Wife did'nt wish me. My Parents forgot n so did my Kids . I went to work. Even my Colleagues did not wish. As I entered my cabin my PA said, '' Happy B'day Boss !!''. I felt special. She askd me 4 lunch. After lunch she invited me to her apartment. We went there. She said,'' do u mind if I go into the bedroom for a minute ? '' ''OK'', I sed in a sexy mood. She came out 5 minuts latr wid a cake...n My Wife, My Parents, My Kidz, My Friends n My Colleagues. All screaming.. SURPRISE !! and I was waiting on the sofa.. ... ..... ' NAKED...!",588.0,125.0,sad story man last week day wife nt wish parent forgot kid went work even colleague wish entered cabin pa said happy day bos felt special askd lunch lunch invited apartment went said mind go bedroom minute ok sed sexy mood came minuts latr wid cake wife parent kidz friend colleague screaming surprise waiting sofa naked,320,56
spam,"YOUR CHANCE TO BE ON A REALITY FANTASY SHOW call now = 08707509020 Just 20p per min NTT Ltd, PO Box 1327 Croydon CR9 5WB 0870 is a national = rate call",151.0,32.0,chance reality fantasy show call per min ntt ltd po box croydon cr wb national rate call,88,17
ham,She's fine. Good to hear from you. How are you my dear? Happy new year oh.,74.0,16.0,fine good hear dear happy new year oh,37,8
ham,Are you going to wipro interview today?,39.0,7.0,going wipro interview today,27,4
ham,how tall are you princess?,26.0,5.0,tall princess,13,2
ham,I doubt you could handle 5 times per night in any case...,57.0,12.0,doubt could handle time per night case,38,7
ham,Haha... Hope Ì_ can hear the receipt sound... Gd luck!,54.0,10.0,haha hope hear receipt sound gd luck,36,7
ham,Your gonna be the death if me. I'm gonna leave a note that says its all robs fault. Avenge me.,94.0,20.0,gon na death gon na leave note say robs fault avenge,52,11
ham,"Japanese Proverb: If one Can do it, U too Can do it, If none Can do it,U must do it Indian version: If one Can do it, LET HIM DO it.. If none Can do it,LEAVE it!! And finally Kerala version: If one can do it, Stop him doing it.. If none can do it, Make a strike against it ...",276.0,61.0,japanese proverb one none must indian version one let none leave finally kerala version one stop none make strike,113,19
ham,Today i'm not workin but not free oso... Gee... Thgt u workin at ur fren's shop ? ,82.0,17.0,today workin free oso gee thgt workin ur fren shop,50,10
ham,In life when you face choices Just toss a coin not becoz its settle the question But while the coin in the air U will know what your heart is hoping for. Gudni8,160.0,33.0,life face choice toss coin becoz settle question coin air know heart hoping gudni,81,14
ham,"Do you know why god created gap between your fingers..? So that, One who is made for you comes &amp",99.0,20.0,know god created gap finger one made come amp,45,9
ham,I want to be there so i can kiss you and feel you next to me,60.0,16.0,want kiss feel next,19,4
ham,I am not at all happy with what you saying or doing,51.0,12.0,happy saying,12,2
spam,Adult 18 Content Your video will be with you shortly,52.0,10.0,adult content video shortly,27,4
ham,"Ok that would b lovely, if u r sure. Think about wot u want to do, drinkin, dancin, eatin, cinema, in, out, about... Up to u! Wot about ? ",138.0,29.0,ok would lovely sure think wot want drinkin dancin eatin cinema wot,67,12
ham,What I'm saying is if you haven't explicitly told nora I know someone I'm probably just not gonna bother,104.0,19.0,saying explicitly told nora know someone probably gon na bother,63,10
ham,He says hi and to get your ass back to south tampa (preferably at a kegger),75.0,16.0,say hi get as back south tampa preferably kegger,48,9
ham,Smith waste da.i wanna gayle.,29.0,5.0,smith waste da wan na gayle,27,6
ham,"Mum, i've sent you many many messages since i got here. I just want to know that you are actually getting them. Do enjoy the rest of your day.",142.0,29.0,mum sent many many message since got want know actually getting enjoy rest day,78,14
ham,"Aight, tomorrow around  &lt",27.0,4.0,aight tomorrow around lt,24,4
ham,"House-Maid is the murderer, coz the man was murdered on  &lt",60.0,11.0,house maid murderer coz man murdered lt,39,7
spam,"YOUR CHANCE TO BE ON A REALITY FANTASY SHOW call now = 08707509020 Just 20p per min NTT Ltd, PO Box 1327 Croydon CR9 5WB 0870 is a national = rate call.",152.0,32.0,chance reality fantasy show call per min ntt ltd po box croydon cr wb national rate call,88,17
ham,I actually did for the first time in a while. I went to bed not too long after i spoke with you. Woke up at 7. How was your night?,130.0,30.0,actually first time went bed long spoke woke night,50,9
ham,See you there! ,15.0,3.0,see,3,1
ham,I dont understand your message.,31.0,5.0,dont understand message,23,3
ham,Crucify is c not s. You should have told me earlier.,52.0,11.0,crucify told earlier,20,3
ham,"Idk. You keep saying that you're not, but since he moved, we keep butting heads over freedom vs. responsibility. And i'm tired. I have so much other shit to deal with that i'm barely keeping myself together once this gets added to it.",234.0,43.0,idk keep saying since moved keep butting head freedom v responsibility tired much shit deal barely keeping together get added,125,20
ham,Fuck cedar key and fuck her (come over anyway tho),50.0,10.0,fuck cedar key fuck come anyway tho,35,7
ham,twenty past five he said will this train have been to durham already or not coz i am in a reserved seat,103.0,22.0,twenty past five said train durham already coz reserved seat,60,10
spam,"Hey Boys. Want hot XXX pics sent direct 2 ur phone? Txt PORN to 69855, 24Hrs free and then just 50p per day. To stop text STOPBCM SF WC1N3XX",140.0,29.0,hey boy want hot xxx pic sent direct ur phone txt porn hr free per day stop text stopbcm sf wc xx,97,22
ham,U still painting ur wall?,25.0,5.0,still painting ur wall,22,4
spam,"Last Chance! Claim ur å£150 worth of discount vouchers today! Text SHOP to 85023 now! SavaMob, offers mobile! T Cs SavaMob POBOX84, M263UZ. å£3.00 Sub. 16",154.0,26.0,last chance claim ur worth discount voucher today text shop savamob offer mobile c savamob pobox uz sub,103,18
ham,Printer is cool. I mean groovy. Wine is groovying,49.0,9.0,printer cool mean groovy wine groovying,39,6
ham,Hi Harish's rent has been transfred to ur Acnt.,47.0,9.0,hi harish rent transfred ur acnt,32,6
ham,Anything lor is she coming?,27.0,5.0,anything lor coming,19,3
ham,Cbe is really good nowadays:)lot of shop and showrooms:)city is shaping good.,77.0,12.0,cbe really good nowadays lot shop showroom city shaping good,60,10
ham,ÌÏ still attending da talks?,28.0,5.0,still attending da talk,23,4
ham,No probs hon! How u doinat the mo?,34.0,8.0,probs hon doinat mo,19,4
ham,K I'll take care of it,22.0,6.0,take care,9,2
ham,I take it we didn't have the phone callon Friday. Can we assume we won't have it this year now?,95.0,20.0,take phone callon friday assume year,36,6
ham,My battery is low babe,22.0,5.0,battery low babe,16,3
ham,Shuhui has bought ron's present it's a swatch watch...,54.0,9.0,shuhui bought ron present swatch watch,38,6
ham,"Yeah there's quite a bit left, I'll swing by tomorrow when I get up",67.0,14.0,yeah quite bit left swing tomorrow get,38,7
ham,Babe? You said 2 hours and it's been almost 4 ... Is your internet down ?,73.0,16.0,babe said hour almost internet,30,5
ham,K I'll be sure to get up before noon and see what's what,56.0,13.0,sure get noon see,17,4
ham,K...k...yesterday i was in cbe .,32.0,6.0,yesterday cbe,13,2
ham,Went to ganesh dress shop,25.0,5.0,went ganesh dress shop,22,4
spam,"pdate_Now - Double mins and 1000 txts on Orange tariffs. Latest Motorola, SonyEricsson & Nokia & Bluetooth FREE! Call MobileUpd8 on 08000839402 or call2optout/!YHL",163.0,24.0,pdate double min txts orange tariff latest motorola sonyericsson nokia bluetooth free call mobileupd call optout yhl,116,17
ham,ÌÏ collecting ur laptop then going to configure da settings izzit?,66.0,11.0,collecting ur laptop going configure da setting izzit,53,8
ham,If you r @ home then come down within 5 min,43.0,11.0,home come within min,20,4
ham,"Aight, I should be there by 8 at the latest, probably closer to 7. Are jay and tyler down or should we just do two trips?",121.0,26.0,aight latest probably closer jay tyler two trip,47,8
ham,Come aftr  &lt,14.0,3.0,come aftr lt,12,3
spam,Ur cash-balance is currently 500 pounds - to maximize ur cash-in now send CASH to 86688 only 150p/msg. CC: 08718720201 PO BOX 114/14 TCR/W1,139.0,24.0,ur cash balance currently pound maximize ur cash send cash msg cc po box tcr,76,15
ham,"Bill, as in: Are there any letters for me. iÛªm expecting one from orange that isnÛªt a bill but may still say orange on it.",126.0,25.0,bill letter expecting one orange bill may still say orange,58,10
ham,Tell me pa. How is pain de.,27.0,7.0,tell pa pain de,15,4
ham,HI DARLIN I HOPE YOU HAD A NICE NIGHT I WISH I HAD COME CANT WAIT TO SEE YOU LOVE FRAN PS I WANT DIRTY ANAL SEX AND I WANT A 10 MAN GANG BANG,141.0,35.0,hi darlin hope nice night wish come cant wait see love fran p want dirty anal sex want man gang bang,100,21
ham,"Ha. You donÛ÷t know either. I did a a clever but simple thing with pears the other day, perfect for christmas.",111.0,21.0,ha know either clever simple thing pear day perfect christmas,61,10
ham,"Helloooo... Wake up..! \Sweet\"" \""morning\"" \""welcomes\"" \""You\"" \""Enjoy\"" \""This Day\"" \""with full of joy\"".. \""GUD MRNG\"".""",125.0,16.0,helloooo wake sweet morning welcome enjoy day full joy gud mrng,63,11
ham,ALRITE,6.0,1.0,alrite,6,1
ham,Why must we sit around and wait for summer days to celebrate. Such a magical sight when the worlds dressed in white. Oooooh let there be snow.,142.0,27.0,must sit around wait summer day celebrate magical sight world dressed white oooooh let snow,91,15
spam,URGENT! Your Mobile number has been awarded with a å£2000 prize GUARANTEED. Call 09058094454 from land line. Claim 3030. Valid 12hrs only,137.0,22.0,urgent mobile number awarded prize guaranteed call land line claim valid hr,75,12
ham,How do you guys go to see movies on your side.,46.0,11.0,guy go see movie side,21,5
ham,"Sorry,in meeting I'll call later",32.0,5.0,sorry meeting call later,24,4
ham,You didn't have to tell me that...now i'm thinking. Plus he's going to stop all your runs,89.0,17.0,tell thinking plus going stop run,33,6
ham,Kindly send some one to our flat before  &lt,44.0,9.0,kindly send one flat lt,23,5
spam,Sorry! U can not unsubscribe yet. THE MOB offer package has a min term of 54 weeks> pls resubmit request after expiry. Reply THEMOB HELP 4 more info,148.0,28.0,sorry unsubscribe yet mob offer package min term week pls resubmit request expiry reply themob help info,104,17
ham,Nothing lor... A bit bored too... Then y dun u go home early 2 sleep today...,77.0,16.0,nothing lor bit bored dun go home early sleep today,51,10
ham,What time should I tell my friend to be around?,47.0,10.0,time tell friend around,23,4
ham,Yes. that will be fine. Love you. Be safe.,42.0,9.0,yes fine love safe,18,4
ham,Thanks chikku..:-) gud nyt:-*,29.0,4.0,thanks chikku gud nyt,21,4
ham,Is xy in ur car when u picking me up?,37.0,10.0,xy ur car picking,17,4
ham,"Thanx 4 the time weåÕve spent 2geva, its bin mint! Ur my Baby and all I want is u!xxxx",86.0,19.0,thanx time spent geva bin mint ur baby want xxxx,48,10
ham,"Yo, any way we could pick something up tonight?",47.0,9.0,yo way could pick something tonight,35,6
ham,I've not sent it. He can send me.,33.0,8.0,sent send,9,2
ham,Fine am simply sitting.,23.0,4.0,fine simply sitting,19,3
ham,Thts god's gift for birds as humans hav some natural gift frm god..,67.0,13.0,thts god gift bird human hav natural gift frm god,49,10
ham,Are you coming to day for class.,32.0,7.0,coming day class,16,3
ham,Im done. Just studyn in library,31.0,6.0,im done studyn library,22,4
ham,Ok... U enjoy ur shows...,25.0,5.0,ok enjoy ur show,16,4
ham,Anything...,11.0,1.0,anything,8,1
ham,Where wuld I be without my baby? The thought alone mite break me and I donåÕt wanna go crazy but everyboy needs his lady xxxxxxxx,129.0,25.0,wuld without baby thought alone mite break wan na go crazy everyboy need lady xxxxxxxx,86,15
ham,Wat's my dear doing? Sleeping ah?,33.0,6.0,wat dear sleeping ah,20,4
ham,Hi' Test on  &lt,16.0,4.0,hi test lt,10,3
ham,Only 2% students solved this CAT question in 'xam... 5+3+2= &lt,63.0,11.0,student solved cat question xam lt,34,6
ham,Yo do you know anyone  &lt,26.0,6.0,yo know anyone lt,17,4
ham,Yup n her fren lor. I'm meeting my fren at 730.,47.0,11.0,yup fren lor meeting fren,25,5
ham,"Yeah, we got one lined up for us",32.0,8.0,yeah got one lined u,20,5
ham,"And stop wondering \wow is she ever going to stop tm'ing me ?!\"" because I will tm you whenever I want because you are MINE ... *laughs*""",137.0,27.0,stop wondering wow ever going stop tm ing tm whenever want mine laugh,69,13
ham,Lol yep did that yesterday. Already got my fireplace. Now its just another icon sitting there for me.,101.0,18.0,lol yep yesterday already got fireplace another icon sitting,60,9
ham,Hey i've booked the pilates and yoga lesson already... Haha,59.0,10.0,hey booked pilate yoga lesson already haha,42,7
ham,Are you ok. What happen to behave like this,43.0,9.0,ok happen behave like,21,4
spam,You have 1 new message. Please call 08712400200.,48.0,8.0,new message please call,23,4
ham,My supervisor find 4 me one lor i thk his students. I havent ask her yet. Tell u aft i ask her.,95.0,22.0,supervisor find one lor thk student havent ask yet tell aft ask,63,12
ham,"Hello. No news on job, they are making me wait a fifth week! Yeah im up for some woozles and weasels... In exeter still, but be home about 3. ",142.0,29.0,hello news job making wait fifth week yeah im woozles weasel exeter still home,78,14
ham,No message..no responce..what happend?,38.0,4.0,message responce happend,24,3
spam,We currently have a message awaiting your collection. To collect your message just call 08718723815.,100.0,15.0,currently message awaiting collection collect message call,58,7
ham,"Hey babe, sorry i didn't get sooner. Gary can come and fix it cause he thinks he knows what it is but he doesn't go as far a Ptbo and he says it will cost  &lt",159.0,36.0,hey babe sorry get sooner gary come fix cause think know go far ptbo say cost lt,80,17
ham,make that 3! 4 fucks sake?! x,29.0,7.0,make fuck sake,14,3
ham,Leave it. U will always be ignorant.,36.0,7.0,leave always ignorant,21,3
ham,Nope but i'll b going 2 sch on fri quite early lor cos mys sis got paper in da morn :-),87.0,21.0,nope going sch fri quite early lor co mys si got paper da morn,62,14
ham,at bruce b downs &amp,21.0,5.0,bruce down amp,14,3
ham,Where are you ? You said you would be here when I woke ... :-(,62.0,15.0,said would woke,15,3
ham,Hey now am free you can call me.,32.0,8.0,hey free call,13,3
ham,Tell me whos this pls:-),24.0,5.0,tell who pls,12,3
spam,"URGENT! Your mobile was awarded a å£1,500 Bonus Caller Prize on 27/6/03. Our final attempt 2 contact U! Call 08714714011",120.0,20.0,urgent mobile awarded bonus caller prize final attempt contact call,67,10
ham,"Think i might have to give it a miss. Am teaching til twelve, then have lecture at two. Damn this working thing.",112.0,22.0,think might give miss teaching til twelve lecture two damn working thing,72,12
ham,Id have to check but there's only like 1 bowls worth left,57.0,12.0,id check like bowl worth left,29,6
ham,Yes there were many sweets,26.0,5.0,yes many sweet,14,3
ham,I would but I'm still cozy. And exhausted from last night.nobody went to school or work. Everything is closed.,110.0,19.0,would still cozy exhausted last night nobody went school work everything closed,79,12
spam,U have a secret admirer. REVEAL who thinks U R So special. Call 09065174042. To opt out Reply REVEAL STOP. 1.50 per msg recd. Cust care 07821230901,147.0,27.0,secret admirer reveal think special call opt reply reveal stop per msg recd cust care,85,15
ham,Buzzzz! *grins* Did I buzz your ass? Buzz your chest ? Buzz your cock ? Where do you keep your phone ? Is the vibrator on ? Did you feel it shake ?,147.0,33.0,buzzzz grin buzz as buzz chest buzz cock keep phone vibrator feel shake,71,13
ham,Sir send to group mail check it.,32.0,7.0,sir send group mail check,25,5
ham,I'm doing da intro covers energy trends n pros n cons... Brief description of nuclear fusion n oso brief history of iter n jet got abt 7 n half pages..,151.0,30.0,da intro cover energy trend pro con brief description nuclear fusion oso brief history iter jet got abt half page,113,20
ham,"\NONE!NOWHERE IKNO DOESDISCOUNT!SHITINNIT\""""",44.0,3.0,none nowhere ikno doesdiscount shitinnit,40,5
ham,You dont know you jabo me abi.,30.0,7.0,dont know jabo abi,18,4
spam,"Do you ever notice that when you're driving, anyone going slower than you is an idiot and everyone driving faster than you is a maniac?",135.0,25.0,ever notice driving anyone going slower idiot everyone driving faster maniac,76,11
ham,Not yet had..ya sapna aunty manege y'day hogidhe..chinnu full weak and swalpa black agidhane..,94.0,14.0,yet ya sapna aunty manege day hogidhe chinnu full weak swalpa black agidhane,76,13
ham,"Are you being good, baby? :)",28.0,6.0,good baby,9,2
ham,NEFT Transaction with reference number  &lt,43.0,6.0,neft transaction reference number lt,36,5
ham,"Mostly sports type..lyk footbl,crckt..",38.0,4.0,mostly sport type lyk footbl crckt,34,6
ham,Ma head dey swell oh. Thanks for making my day,46.0,10.0,head dey swell oh thanks making day,35,7
ham,U should make a fb list,23.0,6.0,make fb list,12,3
ham,Height of Confidence: All the Aeronautics professors wer calld &amp,67.0,10.0,height confidence aeronautics professor wer calld amp,53,7
ham,Sary just need Tim in the bollox &it hurt him a lot so he tol me!,65.0,16.0,sary need tim bollox hurt lot tol,33,7
ham,Happy New Year Princess!,24.0,4.0,happy new year princess,23,4
ham,"I'll text carlos and let you know, hang on",42.0,9.0,text carlos let know hang,25,5
ham,"Don't worry, * is easy once have ingredients!",45.0,8.0,worry easy ingredient,21,3
ham,I love u 2 my little pocy bell I am sorry but I love u,54.0,15.0,love little pocy bell sorry love,32,6
ham,"Ok omw now, you at castor?",26.0,6.0,ok omw castor,13,3
ham,Yar lor... Keep raining non stop... Or u wan 2 go elsewhere?,60.0,12.0,yar lor keep raining non stop wan go elsewhere,46,9
spam,"Xmas Offer! Latest Motorola, SonyEricsson & Nokia & FREE Bluetooth or DVD! Double Mins & 1000 Txt on Orange. Call MobileUpd8 on 08000839402 or call2optout/4QF2",159.0,25.0,xmas offer latest motorola sonyericsson nokia free bluetooth dvd double min txt orange call mobileupd call optout qf,116,18
ham,What u mean u almost done? Done wif sleeping? But i tot u going to take a nap.. Yup i send her liao so i'm picking her up at ard 4 smth lor..,141.0,33.0,mean almost done done wif sleeping tot going take nap yup send liao picking ard smth lor,88,17
ham,"7 wonders in My WORLD 7th You 6th Ur style 5th Ur smile 4th Ur Personality 3rd Ur Nature 2nd Ur SMS and 1st \Ur Lovely Friendship\""... good morning dear""",153.0,30.0,wonder world th th ur style th ur smile th ur personality rd ur nature nd ur sm st ur lovely friendship good morning dear,121,25
ham,"Tonight? Yeah, I'd be down for that",35.0,7.0,tonight yeah,12,2
ham,What should i eat fo lunch senor,32.0,7.0,eat fo lunch senor,18,4
ham,"He said that he had a right giggle when he saw u again! You would possibly be the first person2die from NVQ, but think how much you could for! ",143.0,29.0,said right giggle saw would possibly first person die nvq think much could,74,13
ham,No break time one... How... I come out n get my stuff fr Ì_?,60.0,14.0,break time one come get stuff fr,32,7
spam,Reply to win å£100 weekly! What professional sport does Tiger Woods play? Send STOP to 87239 to end service,107.0,19.0,reply win weekly professional sport tiger wood play send stop end service,73,12
ham,"I'm there and I can see you, but you can't see me ? Maybe you should reboot ym ? I seen the buzz",96.0,23.0,see see maybe reboot ym seen buzz,33,7
ham,Do you still have the grinder?,30.0,6.0,still grinder,13,2
spam,No 1 POLYPHONIC tone 4 ur mob every week! Just txt PT2 to 87575. 1st Tone FREE ! so get txtin now and tell ur friends. 150p/tone. 16 reply HL 4info,147.0,31.0,polyphonic tone ur mob every week txt pt st tone free get txtin tell ur friend tone reply hl info,97,20
ham,"Love isn't a decision, it's a feeling. If we could decide who to love, then, life would be much simpler, but then less magical",126.0,24.0,love decision feeling could decide love life would much simpler less magical,76,12
spam,"HOT LIVE FANTASIES call now 08707509020 Just 20p per min NTT Ltd, PO Box 1327 Croydon CR9 5WB 0870 is a national rate call",122.0,24.0,hot live fantasy call per min ntt ltd po box croydon cr wb national rate call,77,16
ham,K.i did't see you.:)k:)where are you now?,41.0,7.0,see,3,1
ham,So i'm doing a list of buyers.,30.0,7.0,list buyer,10,2
ham,"No idea, I guess we'll work that out an hour after we're supposed to leave since as usual nobody has any interest in figuring shit out before the last second",157.0,30.0,idea guess work hour supposed leave since usual nobody interest figuring shit last second,89,14
ham,Mm not entirely sure i understood that text but hey. Ho. Which weekend?,71.0,13.0,mm entirely sure understood text hey ho weekend,47,8
ham,They released vday shirts and when u put it on it makes your bottom half naked instead of those white underwear.,112.0,21.0,released vday shirt put make bottom half naked instead white underwear,70,11
ham,Don know..he is watching film in computer..,43.0,7.0,know watching film computer,27,4
ham,No b4 Thursday,14.0,3.0,thursday,8,1
ham,"Oh, then your phone phoned me but it disconnected",49.0,9.0,oh phone phoned disconnected,28,4
ham,Id onluy matters when getting on from offcampus,47.0,8.0,id onluy matter getting offcampus,33,5
spam,This message is free. Welcome to the new & improved Sex & Dogging club! To unsubscribe from this service reply STOP. msgs@150p 18+only,134.0,23.0,message free welcome new improved sex dogging club unsubscribe service reply stop msg,85,13
ham,"Excellent, I'll see what riley's plans are",42.0,7.0,excellent see riley plan,24,4
ham,I will see in half an hour,26.0,7.0,see half hour,13,3
spam,"You've won tkts to the EURO2004 CUP FINAL or å£800 CASH, to collect CALL 09058099801 b4190604, POBOX 7876150ppm",111.0,18.0,tkts euro cup final cash collect call pobox ppm,47,9
ham,Ew are you one of them?,23.0,6.0,ew one,6,2
ham,Also hi wesley how've you been,30.0,6.0,also hi wesley,14,3
ham,Ah you see. You have to be in the lingo. I will let you know wot on earth it is when has finished making it!,108.0,25.0,ah see lingo let know wot earth finished making,47,9
spam,"Loan for any purpose å£500 - å£75,000. Homeowners + Tenants welcome. Have you been previously refused? We can still help. Call Free 0800 1956669 or text back 'help'",164.0,28.0,loan purpose homeowner tenant welcome previously refused still help call free text back help,92,14
spam,Update_Now - 12Mths Half Price Orange line rental: 400mins...Call MobileUpd8 on 08000839402 or call2optout=J5Q,110.0,14.0,update mths half price orange line rental min call mobileupd call optout,72,12
ham,Imagine Life WITHOUT ME... see.. How fast u are searching me?Don't worry.. l'm always there To disturb U.. Goodnoon..:),119.0,19.0,imagine life without see fast searching worry always disturb goodnoon,69,10
ham,"Hm good morning, headache anyone? :-)",37.0,6.0,hm good morning headache anyone,31,5
ham,Yeah no probs - last night is obviously catching up with you... Speak soon ,75.0,14.0,yeah probs last night obviously catching speak soon,51,8
spam,FREE UNLIMITED HARDCORE PORN direct 2 your mobile Txt PORN to 69200 & get FREE access for 24 hrs then chrgd@50p per day txt Stop 2exit. This msg is free,152.0,30.0,free unlimited hardcore porn direct mobile txt porn get free access hr chrgd per day txt stop exit msg free,107,20
ham,I might go 2 sch. Yar at e salon now v boring.,46.0,12.0,might go sch yar salon boring,29,6
ham, &lt,4.0,1.0,lt,2,1
ham,&lt,3.0,1.0,lt,2,1
ham,One of the joys in lifeis waking up each daywith thoughts that somewhereSomeone cares enough tosend a warm morning greeting.. -,127.0,21.0,one joy lifeis waking daywith thought somewheresomeone care enough tosend warm morning greeting,95,13
ham,I didn't get the second half of that message,44.0,9.0,get second half message,23,4
ham,Wat time do u wan 2 meet me later?,34.0,9.0,wat time wan meet later,23,5
ham,I thank you so much for all you do with selflessness. I love you plenty.,72.0,15.0,thank much selflessness love plenty,35,5
ham,Am in film ill call you later.,30.0,7.0,film ill call later,19,4
ham,How dare you change my ring,27.0,6.0,dare change ring,16,3
ham,You are a very very very very bad girl. Or lady.,48.0,11.0,bad girl lady,13,3
ham,I love ya too but try and budget your money better babe. Gary would freak on me if he knew,90.0,20.0,love ya try budget money better babe gary would freak knew,58,11
ham,"What part of \don't initiate\"" don't you understand""",52.0,8.0,part initiate understand,24,3
ham,I finished my lunch already. U wake up already?,47.0,9.0,finished lunch already wake already,35,5
ham,You still at the game?,22.0,5.0,still game,10,2
ham,You have got tallent but you are wasting.,41.0,8.0,got tallent wasting,19,3
ham,What is your record for one night? :),37.0,8.0,record one night,16,3
ham,"Also sir, i sent you an email about how to log into the usc payment portal. I.ll send you another message that should explain how things are back home. Have a great weekend.",173.0,33.0,also sir sent email log usc payment portal send another message explain thing back home great weekend,101,17
ham, gonna let me know cos comes bak from holiday that day.  is coming. Don't4get2text me  number. ,95.0,16.0,gon na let know co come bak holiday day coming get text number,62,13
ham,Jokin only lar... :-) depends on which phone my father can get lor...,69.0,13.0,jokin lar depends phone father get lor,38,7
ham,"Aight, lemme know what's up",27.0,5.0,aight lem know,14,3
ham,Get ready for  &lt,18.0,4.0,get ready lt,12,3
ham,Raji..pls do me a favour. Pls convey my Birthday wishes to Nimya. Pls. Today is her birthday.,93.0,17.0,raji pls favour pls convey birthday wish nimya pls today birthday,65,11
ham,,,,,0,0
ham,Cos darren say Ì_ considering mah so i ask Ì_...,48.0,10.0,co darren say considering mah ask,33,6
ham,You are not bothering me but you have to trust my answers. Pls.,63.0,13.0,bothering trust answer pls,26,4
ham,"Wishing you and your family Merry \X\"" mas and HAPPY NEW Year in advance..""",75.0,14.0,wishing family merry ma happy new year advance,46,8
ham,One day a crab was running on the sea shore..The waves came n cleared the footprints of the crab.. Crab asked: being my frnd y r u clearing my beautiful footprints? Waves replied: A fox was following ur footprints to catch you! thats y i cleared it off:) frndsship never lets u dwn :-) GUD nyt..,295.0,56.0,one day crab running sea shore wave came cleared footprint crab crab asked frnd clearing beautiful footprint wave replied fox following ur footprint catch thats cleared frndsship never let dwn gud nyt,200,32
ham,Aight what time you want me to come up?,39.0,9.0,aight time want come,20,4
ham,Slaaaaave ! Where are you ? Must I summon you to me all the time now ? Don't you wish to come to me on your own anymore?,120.0,28.0,slaaaaave must summon time wish come anymore,44,7
ham,Your bill at 3 is å£33.65 so thats not bad!,43.0,10.0,bill thats bad,14,3
ham,Let me know how it changes in the next 6hrs. It can even be appendix but you are out of that age range. However its not impossible. So just chill and let me know in 6hrs,169.0,36.0,let know change next hr even appendix age range however impossible chill let know hr,84,15
ham,"Hello, yeah i've just got out of the bath and need to do my hair so i'll come up when i'm done, yeah?",101.0,23.0,hello yeah got bath need hair come done yeah,44,9
ham,So how's the weather over there?,32.0,6.0,weather,7,1
ham,"Ok. Not much to do here though. H&M Friday, cant wait. Dunno wot the hell im gonna do for another 3 weeks! Become a slob- oh wait, already done that! ",150.0,30.0,ok much though friday cant wait dunno wot hell im gon na another week become slob oh wait already done,102,20
ham,Die... Now i have e toot fringe again...,40.0,8.0,die toot fringe,15,3
ham,Lol they don't know about my awesome phone. I could click delete right now if I want.,85.0,17.0,lol know awesome phone could click delete right want,52,9
ham,Ok,2.0,1.0,ok,2,1
ham,"Awesome question with a cute answer: Someone asked a boy \how is ur life?\"" . . He smiled &amp",94.0,19.0,awesome question cute answer someone asked boy ur life smiled amp,65,11
ham,Please leave this topic..sorry for telling that..,49.0,7.0,please leave topic sorry telling,32,5
ham,Pls send me the correct name da.,32.0,7.0,pls send correct name da,24,5
ham,What happened to our yo date?,29.0,6.0,happened yo date,16,3
spam,EASTENDERS TV Quiz. What FLOWER does DOT compare herself to? D= VIOLET E= TULIP F= LILY txt D E or F to 84025 NOW 4 chance 2 WIN å£100 Cash WKENT/150P16+,153.0,31.0,eastenders tv quiz flower dot compare violet tulip lily txt chance win cash wkent,81,14
ham,Webpage s not available!,24.0,4.0,webpage available,17,2
ham,Just woke up. Yeesh its late. But I didn't fall asleep til &lt,62.0,13.0,woke yeesh late fall asleep til lt,34,7
spam,You are now unsubscribed all services. Get tons of sexy babes or hunks straight to your phone! go to http://gotbabes.co.uk. No subscriptions.,141.0,22.0,unsubscribed service get ton sexy babe hunk straight phone go http gotbabes co uk subscription,94,15
ham,"Dear all, as we know  &lt",25.0,6.0,dear know lt,12,3
ham,K..k...from tomorrow onwards started ah?,40.0,5.0,tomorrow onwards started ah,27,4
ham,What u talking bout early morning? It's almost noon where your at!,66.0,12.0,talking bout early morning almost noon,38,6
ham,Fine. Do you remember me.,25.0,5.0,fine remember,13,2
spam,"Hi babe its Jordan, how r u? Im home from abroad and lonely, text me back if u wanna chat xxSP visionsms.com Text stop to stopCost 150p 08712400603",147.0,28.0,hi babe jordan im home abroad lonely text back wan na chat xxsp visionsms com text stop stopcost,96,18
ham,Ok. How many should i buy.,26.0,6.0,ok many buy,11,3
ham,"Sounds good, keep me posted",27.0,5.0,sound good keep posted,22,4
spam,Get a brand new mobile phone by being an agent of The Mob! Plus loads more goodies! For more info just text MAT to 87021.,121.0,25.0,get brand new mobile phone agent mob plus load goody info text mat,66,13
ham,Ok. So april. Cant wait,23.0,5.0,ok april cant wait,18,4
ham,Boy you best get yo ass out here quick,38.0,9.0,boy best get yo as quick,24,6
ham,Ay wana meet on sat?Ì_ wkg on sat?,34.0,8.0,ay wana meet sat wkg sat,24,6
ham,I'm now but have to wait till 2 for the bus to pick me.,55.0,14.0,wait till bus pick,18,4
ham,Apart from the one i told you about yesterday?,46.0,9.0,apart one told yesterday,24,4
ham,Ok lor... But buy wat?,22.0,5.0,ok lor buy wat,14,4
ham,Somebody should go to andros and steal ice,42.0,8.0,somebody go andros steal ice,28,5
ham,Don know. I did't msg him recently.,35.0,7.0,know msg recently,17,3
ham,Take us out shopping and Mark will distract Isaiah.=D,53.0,9.0,take u shopping mark distract isaiah,36,6
ham,"Mum, hope you are having a great day. Hoping this text meets you well and full of life. Have a great day. Abiola",112.0,23.0,mum hope great day hoping text meet well full life great day abiola,67,13
ham,There is no sense in my foot and penis.,39.0,9.0,sense foot penis,16,3
ham,Okay but i thought you were the expert,38.0,8.0,okay thought expert,19,3
ham,*deep sigh* ... I miss you :-( ... I am really surprised you haven't gone to the net cafe yet to get to me ... Don't you miss me?,129.0,29.0,deep sigh miss really surprised gone net cafe yet get miss,58,11
ham,S.s:)i thinl role is like sachin.just standing. Others have to hit.,67.0,11.0,thinl role like sachin standing others hit,42,7
ham,Have a great trip to India. And bring the light to everyone not just with the project but with everyone that is lucky to see you smile. Bye. Abiola,147.0,29.0,great trip india bring light everyone project everyone lucky see smile bye abiola,81,13
ham,"And very importantly, all we discuss is between u and i only.",61.0,12.0,importantly discus,18,2
ham,K..k:)how about your training process?,38.0,5.0,training process,16,2
ham,Ok lor. I ned 2 go toa payoh 4 a while 2 return smth u wan 2 send me there or wat?,82.0,22.0,ok lor ned go toa payoh return smth wan send wat,48,11
ham,In da car park ,15.0,4.0,da car park,11,3
ham,I wish that I was with you. Holding you tightly. Making you see how important you are. How much you mean to me ... How much I need you ... In my life ...,153.0,34.0,wish holding tightly making see important much mean much need life,66,11
ham,So i asked how's anthony. Dad. And your bf,42.0,9.0,asked anthony dad bf,20,4
ham,"'Wnevr i wana fal in luv vth my books, My bed fals in luv vth me..!'' . Yen madodu, nav pretsorginta, nammanna pretsovru important alwa....!!:) Gud eveB-).",155.0,27.0,wnevr wana fal luv vth book bed fals luv vth yen madodu nav pretsorginta nammanna pretsovru important alwa gud eveb,115,20
ham,What Today-sunday..sunday is holiday..so no work..,50.0,6.0,today sunday sunday holiday work,32,5
ham,Am going to take bath ill place the key in window:-),52.0,11.0,going take bath ill place key window,36,7
spam,LORD OF THE RINGS:RETURN OF THE KING in store NOW!REPLY LOTR by 2 June 4 Chance 2 WIN LOTR soundtrack CDs StdTxtRate. Reply STOP to end txts,140.0,27.0,lord ring return king store reply lotr june chance win lotr soundtrack cd stdtxtrate reply stop end txts,104,18
ham,"Dear, take care. I am just reaching home.love u a lot.",54.0,11.0,dear take care reaching home love lot,37,7
ham,staff.science.nus.edu.sg/~phyhcmk/teaching/pc1323,49.0,1.0,staff science nu edu sg phyhcmk teaching pc,43,8
ham,Have you emigrated or something? Ok maybe 5.30 was a bit hopeful...,67.0,12.0,emigrated something ok maybe bit hopeful,40,6
ham,Olol i printed out a forum post by a guy with the exact same  prob which was fixed with a gpu replacement. Hopefully they dont ignore that.,139.0,27.0,olol printed forum post guy exact prob fixed gpu replacement hopefully dont ignore,82,13
ham,We walked from my moms. Right on stagwood pass right on winterstone left on victors hill. Address is &lt,104.0,19.0,walked mom right stagwood pas right winterstone left victor hill address lt,75,12
ham,"Yo, you at jp and hungry like a mofo?",37.0,9.0,yo jp hungry like mofo,22,5
ham,This is all just creepy and crazy to me.,40.0,9.0,creepy crazy,12,2
ham,Ok... I din get ur msg...,25.0,6.0,ok din get ur msg,17,5
ham,Tessy..pls do me a favor. Pls convey my birthday wishes to Nimya..pls dnt forget it. Today is her birthday Shijas,113.0,20.0,tessy pls favor pls convey birthday wish nimya pls dnt forget today birthday shijas,83,14
ham,Pathaya enketa maraikara pa',28.0,4.0,pathaya enketa maraikara pa,27,4
ham,Even if he my friend he is a priest call him now,48.0,12.0,even friend priest call,23,4
ham,"U so lousy, run already come back then half dead... Hee...",58.0,11.0,lousy run already come back half dead hee,41,8
ham,That's y i said it's bad dat all e gals know u... Wat u doing now?,66.0,16.0,said bad dat gal know wat,25,6
ham,Or remind me in a few hrs.,26.0,7.0,remind hr,9,2
ham,I had been hoping i would not have to send you this message. My rent is due and i dont have enough for it. My reserves are completely gone. Its a loan i need and was hoping you could her. The balance is  &lt,207.0,44.0,hoping would send message rent due dont enough reserve completely gone loan need hoping could balance lt,104,17
ham,Hi. Happy New Year. I dont mean to intrude but can you pls let me know how much tuition you paid last semester and how much this semester is. Thanks,148.0,30.0,hi happy new year dont mean intrude pls let know much tuition paid last semester much semester thanks,101,18
ham,Hello hun how ru? Its here by the way. Im good. Been on 2 dates with that guy i met in walkabout so far. We have to meet up soon. Hows everyone else?,149.0,33.0,hello hun ru way im good date guy met walkabout far meet soon hows everyone else,80,16
ham,Lol I was gonna last month. I cashed some in but I left &lt,59.0,14.0,lol gon na last month cashed left lt,36,8
spam,Good Luck! Draw takes place 28th Feb 06. Good Luck! For removal send STOP to 87239 customer services 08708034412,112.0,19.0,good luck draw take place th feb good luck removal send stop customer service,77,14
ham,Short But Cute : \ Be a good person ,36.0,9.0,short cute good person,22,4
ham,Just haven't decided where yet eh ?,35.0,7.0,decided yet eh,14,3
ham,"Wat time liao, where still got.",31.0,6.0,wat time liao still got,23,5
ham,Yes watching footie but worried we're going to blow it - Phil Neville?,70.0,13.0,yes watching footie worried going blow phil neville,51,8
ham,I wait 4 Ì_ inside da car park...,33.0,8.0,wait inside da car park,23,5
ham,Uncle Abbey! Happy New Year. Abiola,35.0,6.0,uncle abbey happy new year abiola,33,6
ham,Now am free call me pa.,23.0,6.0,free call pa,12,3
ham,R u saying i should re order the slippers cos i had to pay for returning it.,76.0,17.0,saying order slipper co pay returning,37,6
ham,Stop knowing me so well!,24.0,5.0,stop knowing well,17,3
ham,Good evening! this is roger. How are you?,41.0,8.0,good evening roger,18,3
ham,Small problem in auction:)punj now asking tiwary,48.0,7.0,small problem auction punj asking tiwary,40,6
spam,Free entry in 2 a weekly comp for a chance to win an ipod. Txt POD to 80182 to get entry (std txt rate) T&C's apply 08452810073 for details 18+,143.0,30.0,free entry weekly comp chance win ipod txt pod get entry std txt rate apply detail,82,16
ham,He telling not to tell any one. If so treat for me hi hi hi,59.0,15.0,telling tell one treat hi hi hi,31,7
ham,My uncles in Atlanta. Wish you guys a great semester.,53.0,10.0,uncle atlanta wish guy great semester,37,6
spam,1st wk FREE! Gr8 tones str8 2 u each wk. Txt NOKIA ON to 8007 for Classic Nokia tones or HIT ON to 8007 for Polys. Nokia/150p Poly/200p 16+,139.0,29.0,st wk free gr tone str wk txt nokia classic nokia tone hit polys nokia poly,75,16
ham,U coming 2 pick me?,19.0,5.0,coming pick,11,2
ham,Thats cool. i liked your photos. You are very sexy!,51.0,10.0,thats cool liked photo sexy,27,5
ham,would u fuckin believe it they didnt know i had thurs pre booked off so they re cancelled me AGAIN! that needs to b sacked,122.0,25.0,would fuckin believe didnt know thurs pre booked cancelled need sacked,70,11
ham,"Haha better late than ever, any way I could swing by?",53.0,11.0,haha better late ever way could swing,37,7
ham,Ok. But i finish at 6.,22.0,6.0,ok finish,9,2
spam,"LookAtMe!: Thanks for your purchase of a video clip from LookAtMe!, you've been charged 35p. Think you can do better? Why not send a video in a MMSto 32323.",156.0,29.0,lookatme thanks purchase video clip lookatme charged think better send video mmsto,82,12
ham,I've been barred from all B and Q stores for life!?This twat in orange dungerees came up to me and asked if I wanted decking? So I got the first punch in!!,155.0,32.0,barred store life twat orange dungerees came asked wanted decking got first punch,81,13
ham,So no messages. Had food?,25.0,5.0,message food,12,2
ham,Ok going to sleep. Hope i can meet her.,39.0,9.0,ok going sleep hope meet,24,5
ham,Wat makes some people dearer is not just de happiness dat u feel when u meet them but de pain u feel when u miss dem!!!,119.0,26.0,wat make people dearer de happiness dat feel meet de pain feel miss dem,71,14
ham,Can you let me know details of fri when u find out cos I'm not in tom or fri. mentionned chinese. Thanks,104.0,22.0,let know detail fri find co tom fri mentionned chinese thanks,61,11
ham,You're right I have now that I think about it,45.0,10.0,right think,11,2
ham,Wat r u doing now?,18.0,5.0,wat,3,1
ham,Is ur lecture over?,19.0,4.0,ur lecture,10,2
spam,sexy sexy cum and text me im wet and warm and ready for some porn! u up for some fun? THIS MSG IS FREE RECD MSGS 150P INC VAT 2 CANCEL TEXT STOP,144.0,33.0,sexy sexy cum text im wet warm ready porn fun msg free recd msg inc vat cancel text stop,88,19
ham,Customer place i will call you,30.0,6.0,customer place call,19,3
ham,Not planned yet :)going to join company on jan 5 only.don know what will happen after that.,91.0,17.0,planned yet going join company jan know happen,46,8
ham,Boy,3.0,1.0,boy,3,1
ham,"Haha I heard that, text me when you're around",45.0,9.0,haha heard text around,22,4
ham,I.ll get there tomorrow and send it to you,42.0,9.0,get tomorrow send,17,3
ham,\SHIT BABE.. THASA BIT MESSED UP.YEH,36.0,6.0,shit babe thasa bit messed yeh,30,6
ham,Oh thats late! Well have a good night and i will give u a call tomorrow. Iam now going to go to sleep night night,113.0,25.0,oh thats late well good night give call tomorrow iam going go sleep night night,79,15
ham,"\CHEERS U TEX MECAUSE U WEREBORED! YEAH OKDEN HUNNY R UIN WK SAT?SOUNDåÕS LIKEYOUR HAVIN GR8FUN J! KEEP UPDAT COUNTINLOTS OF LOVEME XXXXX.\""""",141.0,23.0,cheer tex mecause werebored yeah okden hunny uin wk sat sound likeyour havin gr fun keep updat countinlots loveme xxxxx,119,20
ham,"Sorry,  in meeting I'll call you later",38.0,7.0,sorry meeting call later,24,4
ham,Yo! Howz u? girls never rang after india. L,43.0,9.0,yo howz girl never rang india,29,6
ham,Yeah but which is worse for i,29.0,7.0,yeah worse,10,2
spam,Hard LIVE 121 chat just 60p/min. Choose your girl and connect LIVE. Call 09094646899 now! Cheap Chat UK's biggest live service. VU BCM1896WC1N3XX,145.0,23.0,hard live chat min choose girl connect live call cheap chat uk biggest live service vu bcm wc xx,96,19
ham,I tagged MY friends that you seemed to count as YOUR friends.,61.0,12.0,tagged friend seemed count friend,33,5
spam,Not heard from U4 a while. Call 4 rude chat private line 01223585334 to cum. Wan 2C pics of me gettin shagged then text PIX to 8552. 2End send STOP 8552 SAM xxx,160.0,33.0,heard call rude chat private line cum wan pic gettin shagged text pix end send stop sam xxx,91,18
ham,Ok...,5.0,1.0,ok,2,1
ham,Long time. You remember me today.,33.0,6.0,long time remember today,24,4
ham,Havent shopping now lor i juz arrive only,41.0,8.0,havent shopping lor juz arrive,30,5
ham,Thank u. IT BETTER WORK OUT CAUSE I WILL FEEL USED OTHERWISE,60.0,12.0,thank better work cause feel used otherwise,43,7
ham,Are you up for the challenge? I know i am :),44.0,11.0,challenge know,14,2
ham,How much did ur hdd casing cost.,32.0,7.0,much ur hdd casing cost,23,5
ham,Mystery solved! Just opened my email and he's sent me another batch! Isn't he a sweetie,87.0,16.0,mystery solved opened email sent another batch sweetie,54,8
ham,I can't describe how lucky you are that I'm actually awake by noon,66.0,13.0,describe lucky actually awake noon,34,5
spam,This is the 2nd time we have tried to contact u. U have won the å£1450 prize to claim just call 09053750005 b4 310303. T&Cs/stop SMS 08718725756. 140ppm,152.0,28.0,nd time tried contact prize claim call c stop sm ppm,52,11
ham,"TODAY is Sorry day.! If ever i was angry with you, if ever i misbehaved or hurt you? plz plz JUST SLAP URSELF Bcoz, Its ur fault, I'm basically GOOD",148.0,30.0,today sorry day ever angry ever misbehaved hurt plz plz slap urself bcoz ur fault basically good,96,17
ham,Cheers for the card ... Is it that time of year already?,56.0,12.0,cheer card time year already,28,5
spam,"HOT LIVE FANTASIES call now 08707509020 Just 20p per min NTT Ltd, PO Box 1327 Croydon CR9 5WB 0870..k",101.0,19.0,hot live fantasy call per min ntt ltd po box croydon cr wb,58,13
ham,"When people see my msgs, They think Iam addicted to msging... They are wrong, Bcoz They don\'t know that Iam addicted to my sweet Friends..!! BSLVYL",148.0,26.0,people see msg think iam addicted msging wrong bcoz know iam addicted sweet friend bslvyl,89,15
ham,Ugh hopefully the asus ppl dont randomly do a reformat.,55.0,10.0,ugh hopefully asus ppl dont randomly reformat,45,7
ham,"Haven't seen my facebook, huh? Lol!",35.0,6.0,seen facebook huh lol,21,4
ham,"Mah b, I'll pick it up tomorrow",31.0,7.0,mah pick tomorrow,17,3
ham,Still otside le..u come 2morrow maga..,38.0,6.0,still otside le come morrow maga,32,6
ham,Do u still have plumbers tape and a wrench we could borrow?,59.0,12.0,still plumber tape wrench could borrow,38,6
spam,"Dear Voucher Holder, To claim this weeks offer, at you PC please go to http://www.e-tlp.co.uk/reward. Ts&Cs apply.",114.0,17.0,dear voucher holder claim week offer pc please go http www tlp co uk reward t c apply,85,18
ham,It vl bcum more difficult..,27.0,5.0,vl bcum difficult,17,3
spam,UR GOING 2 BAHAMAS! CallFREEFONE 08081560665 and speak to a live operator to claim either Bahamas cruise ofå£2000 CASH 18+only. To opt out txt X to 07786200117,159.0,27.0,ur going bahamas callfreefone speak live operator claim either bahamas cruise cash opt txt,90,14
ham,Havent still waitin as usual... ÌÏ come back sch oredi?,55.0,10.0,havent still waitin usual come back sch oredi,45,8
ham,In meeting da. I will call you,30.0,7.0,meeting da call,15,3
ham,K k :-):-) then watch some films.,33.0,7.0,watch film,10,2
ham,Does cinema plus drink appeal tomo? * Is a fr thriller by director i like on at mac at 8.30.,92.0,20.0,cinema plus drink appeal tomo fr thriller director like mac,59,10
ham,There the size of elephant tablets & u shove um up ur ass!!,59.0,13.0,size elephant tablet shove um ur as,35,7
ham,"So many people seems to be special at first sight, But only very few will remain special to you till your last sight.. Maintain them till life ends.. take cr da",160.0,31.0,many people seems special first sight remain special till last sight maintain till life end take cr da,102,18
ham,"My Parents, My Kidz, My Friends n My Colleagues. All screaming.. SURPRISE !! and I was waiting on the sofa.. ... ..... ' NAKED...!",130.0,24.0,parent kidz friend colleague screaming surprise waiting sofa naked,66,9
ham,Dunno i juz askin cos i got a card got 20% off 4 a salon called hair sense so i tot it's da one Ì_ cut ur hair. ,112.0,28.0,dunno juz askin co got card got salon called hair sense tot da one cut ur hair,78,17
ham,Good morning pookie pie! Lol hope I didn't wake u up,52.0,11.0,good morning pookie pie lol hope wake,37,7
ham,MAYBE IF YOU WOKE UP BEFORE FUCKING 3 THIS WOULDN'T BE A PROBLEM.,65.0,13.0,maybe woke fucking problem,26,4
ham,Happy birthday to you....dear.with lots of love.rakhesh NRI,59.0,8.0,happy birthday dear lot love rakhesh nri,40,7
ham,Howz that persons story,23.0,4.0,howz person story,17,3
spam,"This is the 2nd time we have tried 2 contact u. U have won the 750 Pound prize. 2 claim is easy, call 08712101358 NOW! Only 10p per min. BT-national-rate",153.0,30.0,nd time tried contact pound prize claim easy call per min bt national rate,74,14
ham,X2  &lt,7.0,2.0,lt,2,1
ham,Hi neva worry bout da truth coz the truth will lead me 2 ur heart. ItåÕs the least a unique person like u deserve. Sleep tight or morning,137.0,28.0,hi neva worry bout da truth coz truth lead ur heart least unique person like deserve sleep tight morning,104,19
spam,UR awarded a City Break and could WIN a å£200 Summer Shopping spree every WK. Txt STORE to 88039.SkilGme.TsCs087147403231Winawk!Age16+å£1.50perWKsub,148.0,19.0,ur awarded city break could win summer shopping spree every wk txt store skilgme tscs winawk age perwksub,105,18
ham,Is ur paper today in e morn or aft?,35.0,9.0,ur paper today morn aft,23,5
ham,I will lick up every drop :) are you ready to use your mouth as well?,69.0,16.0,lick every drop ready use mouth well,36,7
ham,And you! Will expect you whenever you text! Hope all goes well tomo ,68.0,13.0,expect whenever text hope go well tomo,38,7
ham,Great. P diddy is my neighbor and comes for toothpaste every morning,68.0,12.0,great diddy neighbor come toothpaste every morning,50,7
ham,"I av a new number,  . Wil u only use this one,ta.",49.0,12.0,av new number wil use one ta,28,7
ham,So its to be poking man everyday that they teach you in canada abi! How are you. Just saying hi.,96.0,20.0,poking man everyday teach canada abi saying hi,46,8
ham,7 lor... Change 2 suntec... Wat time u coming?,46.0,9.0,lor change suntec wat time coming,33,6
ham,No de.am seeing in online shop so that i asked.,47.0,10.0,de seeing online shop asked,27,5
ham,Just curious because my cuz asked what I was up to,50.0,11.0,curious cuz asked,17,3
ham,Nice.nice.how is it working?,28.0,4.0,nice nice working,17,3
ham,Okay lor... Wah... like that def they wont let us go... Haha... What did they say in the terms and conditions?,110.0,21.0,okay lor wah like def wont let u go haha say term condition,59,13
ham,Haha... Yup hopefully  we will lose a few kg by mon. after hip hop can go orchard and weigh again,97.0,20.0,haha yup hopefully lose kg mon hip hop go orchard weigh,55,11
ham,She's good. How are you. Where r u working now,46.0,10.0,good working,12,2
ham,"Oh, yes, I've just been a little under the weather so i've kind of been coccooning at home",90.0,18.0,oh yes little weather kind coccooning home,42,7
ham,At home also.,13.0,3.0,home also,9,2
ham,This phone has the weirdest auto correct.,41.0,7.0,phone weirdest auto correct,27,4
ham,Oops my phone died and I didn't even know. Yeah I like it better.,65.0,14.0,oops phone died even know yeah like better,42,8
ham,Havent mus ask if u can 1st wat. Of meet 4 lunch den u n him meet can already lor. Or u wan 2 go ask da ge 1st then confirm w me asap?,134.0,34.0,havent mu ask st wat meet lunch den meet already lor wan go ask da ge st confirm asap,85,19
ham,"She said,'' do u mind if I go into the bedroom for a minute ? '' ''OK'', I sed in a sexy mood. She came out 5 minuts latr wid a cake...n My Wife,",145.0,34.0,said mind go bedroom minute ok sed sexy mood came minuts latr wid cake wife,75,15
ham,"OH YEAH,AND HAV A GREAT TIME IN NEWQUAY-SEND ME A POSTCARD !1 LOOK AFTER ALL THE GIRLS WHILE IM GONE(U KNOW THE 1IM TALKIN BOUT!)xx",131.0,25.0,oh yeah hav great time newquay send postcard look girl im gone know im talkin bout xx,85,17
ham,We got a divorce. Lol. She.s here,33.0,7.0,got divorce lol,15,3
ham,What's ur pin?,14.0,3.0,ur pin,6,2
ham,"Babe, have you got enough money to pick up bread and milk ? And I'll give you it back when you get home ?",105.0,24.0,babe got enough money pick bread milk give back get home,56,11
ham,I want snow. It's just freezing and windy.,42.0,8.0,want snow freezing windy,24,4
spam,URGENT! We are trying to contact U. Todays draw shows that you have won a å£2000 prize GUARANTEED. Call 09066358361 from land line. Claim Y87. Valid 12hrs only,159.0,28.0,urgent trying contact today draw show prize guaranteed call land line claim valid hr,84,14
ham,Come to mahal bus stop.. &lt,28.0,6.0,come mahal bus stop lt,22,5
ham,Don know:)this week i'm going to tirunelvai da.,47.0,8.0,know week going tirunelvai da,29,5
ham,Me too baby! I promise to treat you well! I bet you will take good care of me...,80.0,18.0,baby promise treat well bet take good care,42,8
ham,Its like that hotel dusk game i think. You solve puzzles in a area thing,72.0,15.0,like hotel dusk game think solve puzzle area thing,50,9
spam,"Thanks for your ringtone order, reference number X29. Your mobile will be charged 4.50. Should your tone not arrive please call customer services 09065989180",157.0,24.0,thanks ringtone order reference number mobile charged tone arrive please call customer service,94,13
ham,"Hi, my love! How goes that day? Fuck, this morning I woke and dropped my cell on the way down the stairs but it seems alright ... *phews* I miss you !",150.0,32.0,hi love go day fuck morning woke dropped cell way stair seems alright phews miss,80,15
ham,Well that must be a pain to catch,33.0,8.0,well must pain catch,20,4
ham,Sorry da thangam.it's my mistake.,33.0,5.0,sorry da thangam mistake,24,4
ham,I need... Coz i never go before ,32.0,7.0,need coz never go,17,4
ham,"Rose for red,red for blood,blood for heart,heart for u. But u for me.... Send tis to all ur friends.. Including me.. If u like me.. If u get back, 1-u r poor in relation! 2-u need some 1 to support 3-u r frnd 2 many 4-some1 luvs u 5+- some1 is praying god to marry u.:-) try it....",281.0,58.0,rose red red blood blood heart heart send ti ur friend including like get back poor relation need support frnd many luvs praying god marry try,142,26
ham,Wife.how she knew the time of murder exactly,44.0,8.0,wife knew time murder exactly,29,5
spam,"SIX chances to win CASH! From 100 to 20,000 pounds txt> CSH11 and send to 87575. Cost 150p/day, 6days, 16+ TsandCs apply Reply HL 4 info",136.0,26.0,six chance win cash pound txt csh send cost day day tsandcs apply reply hl info,79,16
spam,Ur cash-balance is currently 500 pounds - to maximize ur cash-in now send COLLECT to 83600 only 150p/msg. CC: 08718720201 PO BOX 114/14 TCR/W1,142.0,24.0,ur cash balance currently pound maximize ur cash send collect msg cc po box tcr,79,15
ham,"I feel like a dick because I keep sleeping through your texts and facebook messages. Sup, you in town?",102.0,19.0,feel like dick keep sleeping text facebook message sup town,59,10
ham,No plm i will come da. On the way.,34.0,9.0,plm come da way,15,4
ham,Guess he wants alone time. We could just show up and watch when they do..,73.0,15.0,guess want alone time could show watch,38,7
ham,Height of recycling: Read twice- People spend time for earning money and the same money is spent for spending time!,115.0,20.0,height recycling read twice people spend time earning money money spent spending time,85,13
ham,Yup Ì_ not comin :-(,20.0,5.0,yup comin,9,2
ham,"Yes, princess. Toledo.",22.0,3.0,yes princess toledo,19,3
ham,"Aight text me when you're back at mu and I'll swing by, need somebody to get the door for me",92.0,20.0,aight text back mu swing need somebody get door,47,9
ham,Ron say fri leh. N he said ding tai feng cant make reservations. But he said wait lor.,86.0,18.0,ron say fri leh said ding tai feng cant make reservation said wait lor,70,14
ham,Good. No swimsuit allowed :),28.0,5.0,good swimsuit allowed,21,3
ham,Am okay. Will soon be over. All the best,40.0,9.0,okay soon best,14,3
ham,A cute thought for friendship: \Its not necessary to share every secret with ur close Frnd,90.0,16.0,cute thought friendship necessary share every secret ur close frnd,66,10
ham,Ok i've sent u da latest version of da project.,47.0,10.0,ok sent da latest version da project,36,7
ham,Good Morning my Dear........... Have a great &amp,49.0,8.0,good morning dear great amp,27,5
ham,Pls accept me for one day. Or am begging you change the number.,63.0,13.0,pls accept one day begging change number,40,7
ham,Squeeeeeze!! This is christmas hug.. If u lik my frndshp den hug me back.. If u get 3 u r cute:) 6 u r luvd:* 9 u r so lucky,124.0,30.0,squeeeeeze christmas hug lik frndshp den hug back get cute luvd lucky,69,12
ham,"Its ok, if anybody asks abt me, u tel them..:-P",47.0,10.0,ok anybody asks abt tel,23,5
ham,"Funny fact Nobody teaches volcanoes 2 erupt, tsunamis 2 arise, hurricanes 2 sway aroundn no 1 teaches hw 2 choose a wife Natural disasters just happens",151.0,26.0,funny fact nobody teach volcano erupt tsunami arise hurricane sway aroundn teach hw choose wife natural disaster happens,120,18
ham,* You gonna ring this weekend or wot?,37.0,8.0,gon na ring weekend wot,23,5
ham,Also track down any lighters you can find,41.0,8.0,also track lighter find,23,4
ham,"Sorry, I can't help you on this.",32.0,7.0,sorry help,10,2
ham,"Babe, I need your advice",24.0,5.0,babe need advice,16,3
ham,"IÛ÷ll leave around four, ok?",29.0,5.0,leave around four ok,20,4
ham,Come to medical college at 7pm ......forward it da,50.0,9.0,come medical college pm forward da,34,6
ham,K:)k..its good:)when are you going?,35.0,5.0,good going,10,2
ham,I can make lasagna for you... vodka...,38.0,7.0,make lasagna vodka,18,3
ham,HI ITS KATE CAN U GIVE ME A RING ASAP XXX,41.0,11.0,hi kate give ring asap xxx,26,6
ham,Who were those people ? Were you in a tour ? I thought you were doing that sofa thing you sent me ? Your curious sugar,118.0,26.0,people tour thought sofa thing sent curious sugar,49,8
ham,"No, but you told me you were going, before you got drunk!",57.0,12.0,told going got drunk,20,4
ham,He fucking chickened out. He messaged me he would be late and woould buzz me and then I didn't hear a word from him,115.0,24.0,fucking chickened messaged would late woould buzz hear word,59,9
spam,"Congratulations! Thanks to a good friend U have WON the å£2,000 Xmas prize. 2 claim is easy, just call 08718726978 NOW! Only 10p per minute. BT-national-rate",157.0,26.0,congratulation thanks good friend xmas prize claim easy call per minute bt national rate,88,14
ham,I'm always looking for an excuse to be in the city.,51.0,11.0,always looking excuse city,26,4
ham,Yup i'm still having coffee wif my frens... My fren drove she'll give me a lift...,82.0,16.0,yup still coffee wif frens fren drove give lift,47,9
ham,O shore are you takin the bus,29.0,7.0,shore takin bus,15,3
ham,So u gonna get deus ex?,23.0,6.0,gon na get deus ex,18,5
ham,I will send them to your email. Do you mind  &lt,48.0,11.0,send email mind lt,18,4
spam,"44 7732584351, Do you want a New Nokia 3510i colour phone DeliveredTomorrow? With 300 free minutes to any mobile + 100 free texts + Free Camcorder reply or call 08000930705.",173.0,30.0,want new nokia colour phone deliveredtomorrow free minute mobile free text free camcorder reply call,100,15
ham,tap & spile at seven. * Is that pub on gas st off broad st by canal. Ok?,72.0,18.0,tap spile seven pub gas st broad st canal ok,44,10
ham,Ok then i come n pick u at engin?,33.0,9.0,ok come pick engin,18,4
ham,Which is why i never wanted to tell you any of this. Which is why i'm so short with you and on-edge as of late.,111.0,25.0,never wanted tell short edge late,33,6
ham,Raviyog Peripherals bhayandar east,34.0,4.0,raviyog peripheral bhayandar east,33,4
ham,K actually can you guys meet me at the sunoco on howard? It should be right on the way,86.0,19.0,actually guy meet sunoco howard right way,41,7
spam,You have 1 new voicemail. Please call 08719181513.,50.0,8.0,new voicemail please call,25,4
ham,"MOON has come to color your dreams, STARS to make them musical and my SMS to give you warm and Peaceful Sleep. Good Night",121.0,24.0,moon come color dream star make musical sm give warm peaceful sleep good night,78,14
ham,Just finished eating. Got u a plate. NOT leftovers this time.,61.0,11.0,finished eating got plate leftover time,39,6
ham,Thanx a lot...,14.0,3.0,thanx lot,9,2
ham,Hurry home u big butt. Hang up on your last caller if u have to. Food is done and I'm starving. Don't ask what I cooked.,120.0,26.0,hurry home big butt hang last caller food done starving ask cooked,66,12
ham,Lol your right. What diet? Everyday I cheat anyway. I'm meant to be a fatty :(,78.0,16.0,lol right diet everyday cheat anyway meant fatty,48,8
ham,Its a great day. Do have yourself a beautiful one.,50.0,10.0,great day beautiful one,23,4
ham,What happened in interview?,27.0,4.0,happened interview,18,2
ham,Solve d Case : A Man Was Found Murdered On  &lt,47.0,11.0,solve case man found murdered lt,32,6
ham,Badrith is only for chennai:)i will surely pick for us:)no competition for him.,79.0,13.0,badrith chennai surely pick u competition,41,6
ham,I tot it's my group mate... Lucky i havent reply... Wat time do Ì_ need to leave... ,84.0,17.0,tot group mate lucky havent reply wat time need leave,53,10
ham,Hey you around? I've got enough for a half + the ten I owe you,62.0,15.0,hey around got enough half ten owe,34,7
ham,Hey tmr maybe can meet you at yck,33.0,8.0,hey tmr maybe meet yck,22,5
ham,ALRITE SAM ITS NIC JUST CHECKIN THAT THIS IS UR NUMBER-SO IS IT?T.B*,68.0,13.0,alrite sam nic checkin ur number,32,6
ham,They are just making it easy to pay back. I have  &lt,53.0,12.0,making easy pay back lt,23,5
ham,Not to worry. I'm sure you'll get it.,37.0,8.0,worry sure get,14,3
ham,"The gas station is like a block away from my house, you'll drive right by it since armenia ends at swann and you have to take howard",132.0,27.0,gas station like block away house drive right since armenia end swann take howard,81,14
spam,"Someone U know has asked our dating service 2 contact you! Cant Guess who? CALL 09058097189 NOW all will be revealed. POBox 6, LS15HB 150p ",139.0,25.0,someone know asked dating service contact cant guess call revealed pobox l hb,77,13
spam,Camera - You are awarded a SiPix Digital Camera! call 09061221066 fromm landline. Delivery within 28 days,105.0,17.0,camera awarded sipix digital camera call fromm landline delivery within day,75,11
ham,My tuition is at 330. Hm we go for the 1120 to 1205 one? Do you mind?,69.0,17.0,tuition hm go one mind,22,5
ham,"I'm not smoking while people use \wylie smokes too much\"" to justify ruining my shit""",85.0,15.0,smoking people use wylie smoke much justify ruining shit,56,9
ham,Dear good morning how you feeling dear,38.0,7.0,dear good morning feeling dear,30,5
ham,A little. Meds say take once every 8 hours. It's only been 5 but pain is back. So I took another. Hope I don't die,114.0,25.0,little med say take every hour pain back took another hope die,62,12
ham,"Beautiful tomorrow never comes.. When it comes, it's already TODAY.. In the hunt of beautiful tomorrow don't waste your wonderful TODAY.. GOODMORNING:)",151.0,22.0,beautiful tomorrow never come come already today hunt beautiful tomorrow waste wonderful today goodmorning,106,14
ham,Dunno lei Ì_ all decide lor. How abt leona? Oops i tot ben is going n i msg him.,80.0,19.0,dunno lei decide lor abt leona oops tot ben going msg,53,11
ham,Hi there. We have now moved in2 our pub . Would be great 2 c u if u cud come up.,80.0,21.0,hi moved pub would great cud come,33,7
spam,Todays Voda numbers ending 5226 are selected to receive a ?350 award. If you hava a match please call 08712300220 quoting claim code 1131 standard rates app ,157.0,27.0,today voda number ending selected receive award hava match please call quoting claim code standard rate app,107,17
spam,This message is free. Welcome to the new & improved Sex & Dogging club! To unsubscribe from this service reply STOP. msgs@150p 18 only,134.0,24.0,message free welcome new improved sex dogging club unsubscribe service reply stop msg,85,13
ham,Honeybee Said: *I'm d Sweetest in d World* God Laughed &amp,59.0,11.0,honeybee said sweetest world god laughed amp,44,7
ham,Just do what ever is easier for you,35.0,8.0,ever easier,11,2
spam,RCT' THNQ Adrian for U text. Rgds Vatian,40.0,8.0,rct thnq adrian text rgds vatian,32,6
ham,Stop calling everyone saying I might have cancer. My throat hurts to talk. I can't be answering everyones calls. If I get one more call I'm not babysitting on Monday,165.0,30.0,stop calling everyone saying might cancer throat hurt talk answering everyones call get one call babysitting monday,115,17
ham,"It'll be tough, but I'll do what I have to",42.0,10.0,tough,5,1
ham,IM GONNAMISSU SO MUCH!!I WOULD SAY IL SEND U A POSTCARD BUTTHERES ABOUTAS MUCH CHANCE OF MEREMEMBERIN ASTHERE IS OFSI NOT BREAKIN HIS CONTRACT!! LUV Yaxx,153.0,26.0,im gonnamissu much would say il send postcard buttheres aboutas much chance merememberin asthere ofsi breakin contract luv yaxx,127,19
ham,Ee msg na poortiyagi odalebeku: Hanumanji 7 name 1-Hanuman 2-Bajarangabali 3-Maruti 4-Pavanaputra 5-Sankatmochan 6-Ramaduth 7-Mahaveer ee 7 name  &lt,149.0,19.0,ee msg na poortiyagi odalebeku hanumanji name hanuman bajarangabali maruti pavanaputra sankatmochan ramaduth mahaveer ee name lt,128,17
ham,HI DARLIN I FINISH AT 3 DO U 1 2 PICK ME UP OR MEET ME? TEXT BACK ON THIS NUMBER LUV KATE XXX,93.0,24.0,hi darlin finish pick meet text back number luv kate xxx,56,11
ham,"Set a place for me in your heart and not in your mind, as the mind easily forgets but the heart will always remember. Wish you Happy Valentines Day!",148.0,29.0,set place heart mind mind easily forgets heart always remember wish happy valentine day,87,14
ham,But i'm surprised she still can guess right lor...,50.0,9.0,surprised still guess right lor,31,5
ham,Okie Ì_ wan meet at bishan? Cos me at bishan now. I'm not driving today.,72.0,15.0,okie wan meet bishan co bishan driving today,44,8
ham,Oh ho. Is this the first time u use these type of words,55.0,13.0,oh ho first time use type word,30,7
ham,HI DARLIN HOW WAS WORK DID U GET INTO TROUBLE? IJUST TALKED TO YOUR MUM ALL MORNING! I HAD A REALLY GOOD TIME LAST NIGHT IM GOIN OUT SOON BUT CALL ME IF U CAN,158.0,35.0,hi darlin work get trouble ijust talked mum morning really good time last night im goin soon call,97,18
ham,I know you are serving. I mean what are you doing now.,54.0,12.0,know serving mean,17,3
ham,"Huh... Hyde park not in mel ah, opps, got confused... Anyway, if tt's e best choice den we juz have to take it...",113.0,23.0,huh hyde park mel ah opps got confused anyway tt best choice den juz take,73,15
ham,Oh gei. That happend to me in tron. Maybe ill dl it in 3d when its out,70.0,17.0,oh gei happend tron maybe ill dl,32,7
spam,"FREE MESSAGE Activate your 500 FREE Text Messages by replying to this message with the word FREE For terms & conditions, visit www.07781482378.com",146.0,23.0,free message activate free text message replying message word free term condition visit www com,95,15
ham,I know girls always safe and selfish know i got it pa. Thank you. good night.,77.0,16.0,know girl always safe selfish know got pa thank good night,58,11
ham,"No worries, hope photo shoot went well. have a spiffing fun at workage. ",72.0,13.0,worry hope photo shoot went well spiffing fun workage,53,9
ham,I'm freezing and craving ice. Fml,33.0,6.0,freezing craving ice fml,24,4
ham,Kay... Since we are out already ,32.0,6.0,kay since already,17,3
ham,Eh sorry leh... I din c ur msg. Not sad already lar. Me watching tv now. U still in office?,91.0,20.0,eh sorry leh din ur msg sad already lar watching tv still office,64,13
ham,Yo im right by yo work,22.0,6.0,yo im right yo work,19,5
ham,Ok darlin i supose it was ok i just worry too much.i have to do some film stuff my mate and then have to babysit again! But you can call me there.xx,148.0,32.0,ok darlin supose ok worry much film stuff mate babysit call xx,62,12
ham,"She said,'' do u mind if I go into the bedroom for a minute ? '' ''OK'', I sed in a sexy mood. She came out 5 minuts latr wid a cake...n My Wife,",145.0,34.0,said mind go bedroom minute ok sed sexy mood came minuts latr wid cake wife,75,15
ham,I don wake since. I checked that stuff and saw that its true no available spaces. Pls call the embassy or send a mail to them.,126.0,26.0,wake since checked stuff saw true available space pls call embassy send mail,76,13
ham,Nope... Juz off from work...,28.0,5.0,nope juz work,13,3
ham,Huh so fast... Dat means u havent finished painting?,52.0,9.0,huh fast dat mean havent finished painting,42,7
ham, what number do u live at? Is it 11?,36.0,9.0,number live,11,2
ham,"No we put party 7 days a week and study lightly, I think we need to draw in some custom checkboxes so they know we're hardcore",126.0,26.0,put party day week study lightly think need draw custom checkboxes know hardcore,80,13
ham,Sac will score big hundred.he is set batsman:-),47.0,8.0,sac score big hundred set batsman,33,6
ham,Send me yetty's number pls.,27.0,5.0,send yetty number pls,21,4
ham,How much it will cost approx . Per month.,41.0,9.0,much cost approx per month,26,5
ham,Ok... The theory test? when are Ì_ going to book? I think it's on 21 may. Coz thought wanna go out with jiayin. But she isnt free,129.0,27.0,ok theory test going book think may coz thought wan na go jiayin isnt free,74,15
spam,"You are being contacted by our dating service by someone you know! To find out who it is, call from a land line 09050000928. PoBox45W2TG150P",140.0,25.0,contacted dating service someone know find call land line pobox tg,66,11
ham,"That's fine, have him give me a call if he knows what he wants or has any questions",83.0,18.0,fine give call know want question,33,6
ham,"Sorry, got a late start, we're on the way",41.0,9.0,sorry got late start way,24,5
ham,Then u go back urself lor...,28.0,6.0,go back urself lor,18,4
ham,I AM AT THE GAS STATION. GO THERE.,34.0,8.0,gas station go,14,3
ham,"K, if u bored up just come to my home..",39.0,10.0,bored come home,15,3
ham,Babe !!!! I LOVE YOU !!!! *covers your face in kisses*,54.0,11.0,babe love cover face kiss,25,5
ham,"Like I made him throw up when we were smoking in our friend's car one time, it was awesome",90.0,19.0,like made throw smoking friend car one time awesome,51,9
ham,Still i have not checked it da. . .,35.0,9.0,still checked da,16,3
ham,You will go to walmart. I.ll stay.,34.0,7.0,go walmart stay,15,3
ham,"I haven't forgotten you, i might have a couple bucks to send you tomorrow, k? I love ya too",91.0,19.0,forgotten might couple buck send tomorrow love ya,49,8
ham,Oh great. I.ll disturb him more so that we can talk.,52.0,11.0,oh great disturb talk,21,4
ham,Reverse is cheating. That is not mathematics.,45.0,7.0,reverse cheating mathematics,28,3
ham,U're welcome... Caught u using broken english again...,54.0,8.0,welcome caught using broken english,35,5
ham,No problem baby. Is this is a good time to talk? I called and left a message.,77.0,17.0,problem baby good time talk called left message,47,8
ham,"Sorry, I'll call later",22.0,4.0,sorry call later,16,3
ham,Oh is it! Which brand?,22.0,5.0,oh brand,8,2
ham,Sorry i cant take your call right now. It so happens that there r 2waxsto do wat you want. She can come and ill get her medical insurance. And she'll be able to deliver and have basic care. I'm currently shopping for the right medical insurance for her. So just give me til friday morning. Thats when i.ll see the major person that can guide me to the right insurance.,368.0,70.0,sorry cant take call right happens waxsto wat want come ill get medical insurance able deliver basic care currently shopping right medical insurance give til friday morning thats see major person guide right insurance,217,34
ham,At what time are you coming.,28.0,6.0,time coming,11,2
ham,Call him and say you not coming today ok and tell them not to fool me like this ok,82.0,19.0,call say coming today ok tell fool like ok,42,9
ham,I emailed yifeng my part oredi.. Can Ì_ get it fr him..,55.0,12.0,emailed yifeng part oredi get fr,32,6
ham,R u sure they'll understand that! Wine * good idea just had a slurp!,68.0,14.0,sure understand wine good idea slurp,36,6
ham,Minimum walk is 3miles a day.,29.0,6.0,minimum walk mile day,21,4
ham,Ok not a problem will get them a taxi. C ing  tomorrow and tuesday. On tuesday think we r all going to the cinema. ,115.0,24.0,ok problem get taxi ing tomorrow tuesday tuesday think going cinema,67,11
ham,Brainless Baby Doll..:-D,24.0,3.0,brainless baby doll,19,3
ham,I don't run away frm u... I walk slowly &amp,44.0,10.0,run away frm walk slowly amp,28,6
spam,Sorry I missed your call let's talk when you have the time. I'm on 07090201529,78.0,15.0,sorry missed call let talk time,31,6
ham,Please attend the phone:),25.0,4.0,please attend phone,19,3
ham,You only hate me. You can call any but you didnt accept even a single call of mine. Or even you messaged,104.0,22.0,hate call didnt accept even single call mine even messaged,58,10
ham,No messages on her phone. I'm holding it now,44.0,9.0,message phone holding,21,3
ham,Can... I'm free...,18.0,3.0,free,4,1
ham,"Yo my trip got postponed, you still stocked up?",47.0,9.0,yo trip got postponed still stocked,35,6
ham,"Sorry, I'll call later",22.0,4.0,sorry call later,16,3
ham,I am waiting for your call sir.,31.0,7.0,waiting call sir,16,3
ham,Hey what are you doing. Y no reply pa..,39.0,9.0,hey reply pa,12,3
ham,"Hey elaine, is today's meeting still on?",40.0,7.0,hey elaine today meeting still,30,5
ham,Sorry i've not gone to that place. I.ll do so tomorrow. Really sorry.,69.0,13.0,sorry gone place tomorrow really sorry,38,6
ham,Most of the tiime when i don't let you hug me it's so i don't break into tears.,79.0,18.0,tiime let hug break tear,24,5
ham,Tomorrow i am not going to theatre. . . So i can come wherever u call me. . . Tell me where and when to come tomorrow,117.0,27.0,tomorrow going theatre come wherever call tell come tomorrow,60,9
ham,And now electricity just went out fml.,38.0,7.0,electricity went fml,20,3
ham,"Looks like you found something to do other than smoke, great job!",65.0,12.0,look like found something smoke great job,41,7
ham,Also andros ice etc etc,23.0,5.0,also andros ice etc etc,23,5
ham,:) ,3.0,1.0,,0,0
ham,"Good afternon, my love. How are today? I hope your good and maybe have some interviews. I wake and miss you babe. A passionate kiss from across the sea",151.0,29.0,good afternon love today hope good maybe interview wake miss babe passionate kiss across sea,92,15
ham,Yup. Wun believe wat? U really neva c e msg i sent shuhui?,58.0,13.0,yup wun believe wat really neva msg sent shuhui,47,9
ham,Hows that watch resizing,24.0,4.0,hows watch resizing,19,3
ham,Dear umma she called me now :-),31.0,7.0,dear umma called,16,3
ham,Just finished. Missing you plenty,33.0,5.0,finished missing plenty,23,3
spam,"complimentary 4 STAR Ibiza Holiday or å£10,000 cash needs your URGENT collection. 09066364349 NOW from Landline not to lose out! Box434SK38WP150PPM18+",150.0,21.0,complimentary star ibiza holiday cash need urgent collection landline lose box sk wp ppm,88,14
ham,"Well, I meant as opposed to my drunken night of before",54.0,11.0,well meant opposed drunken night,32,5
ham,K... Must book a not huh? so going for yoga basic on sunday?,60.0,13.0,must book huh going yoga basic sunday,37,7
spam,FREE MSG:We billed your mobile number by mistake from shortcode 83332.Please call 08081263000 to have charges refunded.This call will be free from a BT landline,160.0,25.0,free msg billed mobile number mistake shortcode please call charge refunded call free bt landline,97,15
ham,Ok can...,9.0,2.0,ok,2,1
ham,"Oops - am at my mum's in somerset... Bit far! Back tomo, see you soon x",71.0,16.0,oops mum somerset bit far back tomo see soon,44,9
ham,So u workin overtime nigpun?,28.0,5.0,workin overtime nigpun,22,3
ham,Same as kallis dismissial in 2nd test:-).,41.0,7.0,kallis dismissial nd test,25,4
ham,O. Guess they both got screwd,29.0,6.0,guess got screwd,16,3
spam,Please CALL 08712402972 immediately as there is an urgent message waiting for you,81.0,13.0,please call immediately urgent message waiting,46,6
ham,"I'm in a meeting, call me later at",34.0,8.0,meeting call later,18,3
ham,What r u cooking me for dinner?,31.0,7.0,cooking dinner,14,2
ham,Ok thanx...,11.0,2.0,ok thanx,8,2
ham,Bull. Your plan was to go floating off to IKEA with me without a care in the world. So i have to live with your mess another day.,129.0,28.0,bull plan go floating ikea without care world live mess another day,67,12
ham,Then i buy.,11.0,3.0,buy,3,1
spam,URGENT! Your Mobile number has been awarded with a å£2000 Bonus Caller Prize. Call 09058095201 from land line. Valid 12hrs only,127.0,21.0,urgent mobile number awarded bonus caller prize call land line valid hr,71,12
ham,Heehee that was so funny tho,28.0,6.0,heehee funny tho,16,3
ham,It only does simple arithmetic not percentages.,47.0,7.0,simple arithmetic percentage,28,3
ham,"Yeah we wouldn't leave for an hour at least, how's 4 sound?",59.0,12.0,yeah leave hour least sound,27,5
spam,"As a valued customer, I am pleased to advise you that following recent review of your Mob No. you are awarded with a å£1500 Bonus Prize, call 09066364589",153.0,28.0,valued customer pleased advise following recent review mob awarded bonus prize call,83,12
ham,Thanks honey. Have a great day.,31.0,6.0,thanks honey great day,22,4
ham,"'An Amazing Quote'' - \Sometimes in life its difficult to decide whats wrong!! a lie that brings a smile or the truth that brings a tear....\""""",143.0,26.0,amazing quote sometimes life difficult decide whats wrong lie brings smile truth brings tear,92,14
ham,Good night my dear.. Sleepwell&amp,34.0,5.0,good night dear sleepwell amp,29,5
ham,Then Ì_ ask dad to pick Ì_ up lar... ÌÏ wan 2 stay until 6 meh...,65.0,16.0,ask dad pick lar wan stay meh,29,7
ham,"Jus chillaxin, what up",22.0,4.0,jus chillaxin,13,2
ham,"\HEY DAS COOL... IKNOW ALL 2 WELLDA PERIL OF STUDENTFINANCIAL CRISIS!SPK 2 U L8R.\""""",84.0,14.0,hey da cool iknow wellda peril studentfinancial crisis spk,58,9
ham,"Beautiful Truth against Gravity.. Read carefully: \Our heart feels light when someone is in it.. But it feels very heavy when someone leaves it..\"" GOODMORNING""",160.0,25.0,beautiful truth gravity read carefully heart feel light someone feel heavy someone leaf goodmorning,99,14
spam,Do you want a New Nokia 3510i colour phone DeliveredTomorrow? With 300 free minutes to any mobile + 100 free texts + Free Camcorder reply or call 08000930705,157.0,28.0,want new nokia colour phone deliveredtomorrow free minute mobile free text free camcorder reply call,100,15
ham,"Whats that coming over the hill..... Is it a monster! Hope you have a great day. Things r going fine here, busy though! ",120.0,23.0,whats coming hill monster hope great day thing going fine busy though,69,12
ham,Joy's father is John. Then John is the ____ of Joy's father. If u ans ths you hav  &lt,86.0,19.0,joy father john john joy father an th hav lt,44,10
ham,Only once then after ill obey all yours.,40.0,8.0,ill obey,8,2
ham,No she didnt. I will search online and let you know.,52.0,11.0,didnt search online let know,28,5
ham,Where do you need to go to get it?,34.0,9.0,need go get,11,3
ham,No pic. Please re-send.,23.0,4.0,pic please send,15,3
ham,He remains a bro amongst bros,29.0,6.0,remains bro amongst bros,24,4
ham,Uhhhhrmm isnt having tb test bad when youre sick,48.0,9.0,uhhhhrmm isnt tb test bad youre sick,36,7
ham,But i haf enuff space got like 4 mb...,38.0,9.0,haf enuff space got like mb,27,6
spam,LIFE has never been this much fun and great until you came in. You made it truly special for me. I won't forget you! enjoy @ one gbp/sms,136.0,28.0,life never much fun great came made truly special forget enjoy one gbp sm,73,14
spam,Do you want a new Video phone? 600 anytime any network mins 400 Inclusive Video calls AND downloads 5 per week Free delTOMORROW call 08002888812 or reply NOW,157.0,28.0,want new video phone anytime network min inclusive video call downloads per week free deltomorrow call reply,108,17
spam,"As a valued customer, I am pleased to advise you that following recent review of your Mob No. you are awarded with a å£1500 Bonus Prize, call 09066368470",153.0,28.0,valued customer pleased advise following recent review mob awarded bonus prize call,83,12
spam,Welcome! Please reply with your AGE and GENDER to begin. e.g 24M,64.0,12.0,welcome please reply age gender begin,37,6
spam,Freemsg: 1-month unlimited free calls! Activate SmartCall Txt: CALL to No: 68866. Subscriptn3gbp/wk unlimited calls Help: 08448714184 Stop?txt stop landlineonly,160.0,20.0,freemsg month unlimited free call activate smartcall txt call subscriptn gbp wk unlimited call help stop txt stop landlineonly,126,19
spam,Had your mobile 10 mths? Update to latest Orange camera/video phones for FREE. Save å£s with Free texts/weekend calls. Text YES for a callback orno to opt out,158.0,28.0,mobile mths update latest orange camera video phone free save free text weekend call text yes callback orno opt,111,19
spam,Am new 2 club & dont fink we met yet Will B gr8 2 C U Please leave msg 2day wiv ur area 09099726553 reply promised CARLIE x Callså£1/minMobsmore LKPOBOX177HP51FL,161.0,30.0,new club dont fink met yet gr please leave msg day wiv ur area reply promised carlie call minmobsmore lkpobox hp fl,115,22
ham,True. Its easier with her here.,31.0,6.0,true easier,11,2
ham,Sure but since my parents will be working on Tuesday I don't really need a cover story,86.0,17.0,sure since parent working tuesday really need cover story,57,9
ham,Haha okay... Today weekend leh... ,34.0,5.0,haha okay today weekend leh,27,5
ham,"\Hi darlin did youPhone me? Im atHome if youwanna chat.\""""",58.0,10.0,hi darlin youphone im athome youwanna chat,42,7
ham,I don't know jack shit about anything or i'd say/ask something helpful but if you want you can pretend that I did and just text me whatever in response to the hypotheticalhuagauahahuagahyuhagga,193.0,32.0,know jack shit anything say ask something helpful want pretend text whatever response hypotheticalhuagauahahuagahyuhagga,120,14
ham,You've always been the brainy one.,34.0,6.0,always brainy one,17,3
ham,Yeah if we do have to get a random dude we need to change our info sheets to PARTY  &lt,87.0,20.0,yeah get random dude need change info sheet party lt,52,10
spam,Camera - You are awarded a SiPix Digital Camera! call 09061221066 fromm landline. Delivery within 28 days.,106.0,17.0,camera awarded sipix digital camera call fromm landline delivery within day,75,11
ham,"Christmas is An occasion that is Celebrated as a Reflection of UR... Values..., Desires..., Affections...&amp",109.0,15.0,christmas occasion celebrated reflection ur value desire affection amp,70,9
ham,Sending you greetings of joy and happiness. Do have a gr8 evening,65.0,12.0,sending greeting joy happiness gr evening,41,6
ham,"\Hi darlin i cantdo anythingtomorrow as myparents aretaking me outfor a meal. when are u free? Katexxx\""""",105.0,17.0,hi darlin cantdo anythingtomorrow myparents aretaking outfor meal free katexxx,78,10
ham,If india win or level series means this is record:),51.0,10.0,india win level series mean record,34,6
ham,Then what about further plan?,29.0,5.0,plan,4,1
ham,Its good to hear from you,25.0,6.0,good hear,9,2
ham,"awesome, how do I deal with the gate? Charles told me last night but, uh, yeah",78.0,16.0,awesome deal gate charles told last night uh yeah,49,9
ham,What time you thinkin of goin?,30.0,6.0,time thinkin goin,17,3
spam,Get a FREE mobile video player FREE movie. To collect text GO to 89105. Its free! Extra films can be ordered t's and c's apply. 18 yrs only,139.0,28.0,get free mobile video player free movie collect text go free extra film ordered apply yr,88,16
spam,Save money on wedding lingerie at www.bridal.petticoatdreams.co.uk Choose from a superb selection with national delivery. Brought to you by WeddingFriend,153.0,20.0,save money wedding lingerie www bridal petticoatdreams co uk choose superb selection national delivery brought weddingfriend,124,16
ham,Your board is working fine. The issue of overheating is also reslove. But still software inst is pending. I will come around 8'o clock.,135.0,24.0,board working fine issue overheating also reslove still software inst pending come around clock,95,14
ham,Yes but I don't care cause I know its there!,44.0,10.0,yes care cause know,19,4
ham,"wiskey Brandy Rum Gin Beer Vodka Scotch Shampain Wine \KUDI\""yarasu dhina vaazhthukkal. ..""",91.0,13.0,wiskey brandy rum gin beer vodka scotch shampain wine kudi yarasu dhina vaazhthukkal,84,13
ham,"Mon okie lor... Haha, best is cheap n gd food la, ex oso okie... Depends on whether wana eat western or chinese food... Den which u prefer... ",142.0,27.0,mon okie lor haha best cheap gd food la ex oso okie depends whether wana eat western chinese food den prefer,108,21
ham,Sitting ard nothing to do lor. U leh busy w work?,49.0,11.0,sitting ard nothing lor leh busy work,37,7
ham,Its  &lt,8.0,2.0,lt,2,1
ham,Sorry. || mail? || ,19.0,4.0,sorry mail,10,2
ham,Ya just telling abt tht incident..,34.0,6.0,ya telling abt tht incident,27,5
ham,Yes we were outside for like 2 hours. And I called my whole family to wake them up cause it started at 1 am,107.0,24.0,yes outside like hour called whole family wake cause started,60,10
ham,Ugh just got outta class,24.0,5.0,ugh got outta class,19,4
ham,"Nowadays people are notixiquating the laxinorficated opportunity for bambling of entropication.... Have you ever oblisingately opted ur books for the masteriastering amplikater of fidalfication? It is very champlaxigating, i think it is atrocious.. Wotz Ur Opinion???? Junna",274.0,37.0,nowadays people notixiquating laxinorficated opportunity bambling entropication ever oblisingately opted ur book masteriastering amplikater fidalfication champlaxigating think atrocious wotz ur opinion junna,207,22
ham,I dont have any of your file in my bag..i was in work when you called me.i 'll tell you if i find anything in my room.,118.0,27.0,dont file bag work called tell find anything room,49,9
ham,No need lar. Jus testing e phone card. Dunno network not gd i thk. Me waiting 4 my sis 2 finish bathing so i can bathe. Dun disturb u liao u cleaning ur room.,158.0,34.0,need lar jus testing phone card dunno network gd thk waiting si finish bathing bathe dun disturb liao cleaning ur room,118,21
ham,Ok. I.ll do you right later.,28.0,6.0,ok right later,14,3
ham,Friendship poem: Dear O Dear U R Not Near But I Can Hear Dont Get Fear Live With Cheer No More Tear U R Always my Dear. Gud ni8,127.0,29.0,friendship poem dear dear near hear dont get fear live cheer tear always dear gud ni,84,16
ham,Have your lunch and come quickly and open the door:),52.0,10.0,lunch come quickly open door,28,5
spam,Not heard from U4 a while. Call me now am here all night with just my knickers on. Make me beg for it like U did last time 01223585236 XX Luv Nikiyu4.net,153.0,32.0,heard call night knickers make beg like last time xx luv nikiyu net,67,13
ham,I am back. Bit long cos of accident on a30. Had to divert via wadebridge.I had a brilliant weekend thanks. Speak soon. Lots of love,131.0,25.0,back bit long co accident divert via wadebridge brilliant weekend thanks speak soon lot love,92,15
ham,"K.. I yan jiu liao... Sat we can go 4 bugis vill one frm 10 to 3 den hop to parco 4 nb. Sun can go cine frm 1030 to 2, den hop to orc mrt 4 hip hop at 4...",155.0,41.0,yan jiu liao sat go bugis vill one frm den hop parco nb sun go cine frm den hop orc mrt hip hop,95,23
spam,Bloomberg -Message center +447797706009 Why wait? Apply for your future http://careers. bloomberg.com,101.0,12.0,bloomberg message center wait apply future http career bloomberg com,68,10
ham,i am seeking a lady in the street and a freak in the sheets. Is that you?,73.0,17.0,seeking lady street freak sheet,31,5
ham,My phone,8.0,2.0,phone,5,1
ham,"Haha figures, well I found the piece and priscilla's bowl",57.0,10.0,haha figure well found piece priscilla bowl,43,7
ham,"Actually fuck that, just do whatever, do find an excuse to be in tampa at some point before january though",106.0,20.0,actually fuck whatever find excuse tampa point january though,61,9
spam,URGENT! We are trying to contact U. Todays draw shows that you have won a å£800 prize GUARANTEED. Call 09050001808 from land line. Claim M95. Valid12hrs only,157.0,27.0,urgent trying contact today draw show prize guaranteed call land line claim valid hr,84,14
ham,yay! finally lol. i missed our cinema trip last week :-(,56.0,11.0,yay finally lol missed cinema trip last week,44,8
ham,All day working day:)except saturday and sunday..,49.0,7.0,day working day except saturday sunday,38,6
ham,aathi..where are you dear..,27.0,4.0,aathi dear,10,2
ham,Heart is empty without love.. Mind is empty without wisdom.. Eyes r empty without dreams &amp,93.0,16.0,heart empty without love mind empty without wisdom eye empty without dream amp,78,13
ham,"I think IÛ÷m waiting for the same bus! Inform me when you get there, if you ever get there.",92.0,19.0,think waiting bus inform get ever get,37,7
ham,You getting back any time soon?,31.0,6.0,getting back time soon,22,4
ham,", how's things? Just a quick question.",38.0,7.0,thing quick question,20,3
ham,"Night has ended for another day, morning has come in a special way. May you smile like the sunny rays and leaves your worries at the blue blue bay. Gud mrng",156.0,31.0,night ended another day morning come special way may smile like sunny ray leaf worry blue blue bay gud mrng,107,20
ham,"I can probably come by, everybody's done around  &lt",52.0,9.0,probably come everybody done around lt,38,6
ham,I got it before the new year cos yetunde said she wanted to surprise you with it but when i didnt see money i returned it mid january before the  &lt,149.0,31.0,got new year co yetunde said wanted surprise didnt see money returned mid january lt,84,15
ham,I can ask around but there's not a lot in terms of mids up here,63.0,15.0,ask around lot term mids,24,5
ham,Be sure to check your yahoo email. We sent photos yesterday,59.0,11.0,sure check yahoo email sent photo yesterday,43,7
ham,What was she looking for?,25.0,5.0,looking,7,1
ham,Wherre's my boytoy ? :-(,24.0,5.0,wherre boytoy,13,2
spam,Do you want a NEW video phone750 anytime any network mins 150 text for only five pounds per week call 08000776320 now or reply for delivery tomorrow,148.0,27.0,want new video phone anytime network min text five pound per week call reply delivery tomorrow,94,16
ham,"Hello, my love! How goes that day ? I wish your well and fine babe and hope that you find some job prospects. I miss you, boytoy ... *a teasing kiss*",149.0,31.0,hello love go day wish well fine babe hope find job prospect miss boytoy teasing kiss,85,16
ham,Tell my  bad character which u Dnt lik in me. I'll try to change in  &lt,72.0,16.0,tell bad character dnt lik try change lt,40,8
ham,No:-)i got rumour that you going to buy apartment in chennai:-),63.0,11.0,got rumour going buy apartment chennai,38,6
ham,"Yeah, probably earlier than that",32.0,5.0,yeah probably earlier,21,3
ham,Change windows logoff sound..,29.0,4.0,change window logoff sound,26,4
ham,Still i have not checked it da. . .,35.0,9.0,still checked da,16,3
ham,I'm also came to room.,22.0,5.0,also came room,14,3
ham,Huh but i got lesson at 4 lei n i was thinkin of going to sch earlier n i tot of parkin at kent vale...  ,105.0,25.0,huh got lesson lei thinkin going sch earlier tot parkin kent vale,65,12
ham,Ok.,3.0,1.0,ok,2,1
ham,I will reach office around  &lt,31.0,6.0,reach office around lt,22,4
ham,"Cool, text me when you head out",31.0,7.0,cool text head,14,3
spam,"You are being contacted by our dating service by someone you know! To find out who it is, call from a land line 09050000878. PoBox45W2TG150P",140.0,25.0,contacted dating service someone know find call land line pobox tg,66,11
spam,"Wan2 win a Meet+Greet with Westlife 4 U or a m8? They are currently on what tour? 1)Unbreakable, 2)Untamed, 3)Unkempt. Text 1,2 or 3 to 83049. Cost 50p +std text",161.0,30.0,wan win meet greet westlife currently tour unbreakable untamed unkempt text cost std text,89,14
ham,Happy birthday... May u find ur prince charming soon n dun work too hard...,75.0,14.0,happy birthday may find ur prince charming soon dun work hard,61,11
ham,"Oh, the grand is having a bit of a party but it doesn't mention any cover charge so it's probably first come first served",121.0,24.0,oh grand bit party mention cover charge probably first come first served,72,12
ham,You said to me before i went back to bed that you can't sleep for anything.,75.0,16.0,said went back bed sleep anything,33,6
ham,I hope you arnt pissed off but id would really like to see you tomorrow. Love me xxxxxxxxxxxxxX,95.0,18.0,hope arnt pissed id would really like see tomorrow love xxxxxxxxxxxxxx,70,11
spam,Dorothy@kiefer.com (Bank of Granite issues Strong-Buy) EXPLOSIVE PICK FOR OUR MEMBERS *****UP OVER 300% *********** Nasdaq Symbol CDGT That is a $5.00 per..,156.0,23.0,dorothy kiefer com bank granite issue strong buy explosive pick member nasdaq symbol cdgt per,93,15
ham,says the  &lt,13.0,3.0,say lt,6,2
ham,I will come to ur home now,26.0,7.0,come ur home,12,3
ham,Free any day but i finish at 6 on mon n thurs...,48.0,12.0,free day finish mon thurs,25,5
ham,Will you be here for food,25.0,6.0,food,4,1
ham,"life alle mone,eppolum oru pole allalo",38.0,6.0,life alle mone eppolum oru pole allalo,38,7
ham,Nite...,7.0,1.0,nite,4,1
ham,Two fundamentals of cool life: \Walk,36.0,6.0,two fundamental cool life walk,30,5
ham,"Camera quite good, 10.1mega pixels, 3optical and 5digital dooms. Have a lovely holiday, be safe and i hope you hav a good journey! Happy new year to you both! See you in a couple of weeks! ",189.0,36.0,camera quite good mega pixel optical digital doom lovely holiday safe hope hav good journey happy new year see couple week,122,21
ham,Hi Petey!noiåÕm ok just wanted 2 chat coz avent spoken 2 u 4 a long time-hope ur doin alrite.have good nit at js love ya am.x,125.0,26.0,hi petey noi ok wanted chat coz avent spoken long time hope ur doin alrite good nit j love ya,93,20
ham,I just saw ron burgundy captaining a party boat so yeah,55.0,11.0,saw ron burgundy captaining party boat yeah,43,7
ham,I'm serious. You are in the money base,38.0,8.0,serious money base,18,3
ham,Already one guy loving you:-.,29.0,5.0,already one guy loving,22,4
ham,Staff of placement training in Amrita college.,46.0,7.0,staff placement training amrita college,39,5
ham,I always chat with you. In fact i need money can you raise me?,62.0,14.0,always chat fact need money raise,33,6
ham,I'm job profile seems like bpo..,32.0,6.0,job profile seems like bpo,26,5
ham,"Well, I was about to give up cos they all said no they didnÛ÷t do one nighters. I persevered and found one but it is very cheap so i apologise in advance. It is just somewhere to sleep isnt it?",194.0,40.0,well give co said one nighters persevered found one cheap apologise advance somewhere sleep isnt,96,15
ham,"So you think i should actually talk to him? Not call his boss in the morning? I went to this place last year and he told me where i could go and get my car fixed cheaper. He kept telling me today how much he hoped i would come back in, how he always regretted not getting my number, etc.",287.0,60.0,think actually talk call bos morning went place last year told could go get car fixed cheaper kept telling today much hoped would come back always regretted getting number etc,175,30
ham,Are you willing to go for apps class.,37.0,8.0,willing go apps class,21,4
ham,Hanging out with my brother and his family,42.0,8.0,hanging brother family,22,3
ham,No it will reach by 9 only. She telling she will be there. I dont know,70.0,16.0,reach telling dont know,23,4
ham,Hey... are you going to quit soon? Xuhui and i working till end of the month ,77.0,16.0,hey going quit soon xuhui working till end month,48,9
ham,"Im sorry bout last nite it wasnåÕt ur fault it was me, spouse it was pmt or sumthin! U 4give me? I think u shldxxxx",115.0,25.0,im sorry bout last nite ur fault spouse pmt sumthin give think shldxxxx,71,13
ham,Try neva mate!!,15.0,3.0,try neva mate,13,3
ham,Yeah that'd pretty much be the best case scenario,49.0,9.0,yeah pretty much best case scenario,35,6
ham,I not free today i haf 2 pick my parents up tonite...,53.0,12.0,free today haf pick parent tonite,33,6
ham,\HEY BABE! FAR 2 SPUN-OUT 2 SPK AT DA MO... DEAD 2 DA WRLD. BEEN SLEEPING ON DA SOFA ALL DAY,92.0,21.0,hey babe far spun spk da mo dead da wrld sleeping da sofa day,61,14
ham,Should i send you naughty pix? :),33.0,7.0,send naughty pix,16,3
spam,"You are a å£1000 winner or Guaranteed Caller Prize, this is our Final attempt to contact you! To Claim Call 09071517866 Now! 150ppmPOBox10183BhamB64XE",150.0,23.0,winner guaranteed caller prize final attempt contact claim call ppmpobox bhamb xe,81,12
spam,"Xmas & New Years Eve tickets are now on sale from the club, during the day from 10am till 8pm, and on Thurs, Fri & Sat night this week. They're selling fast!",157.0,32.0,xmas new year eve ticket sale club day till pm thurs fri sat night week selling fast,84,17
ham,"Tyler (getting an 8th) has to leave not long after 9, can you get here in like an hour?",87.0,19.0,tyler getting th leave long get like hour,41,8
ham,Prepare to be pounded every night...,36.0,6.0,prepare pounded every night,27,4
ham,"Actually, my mobile is full of msg. And i m doing a work online, where i need to send them  &lt",95.0,21.0,actually mobile full msg work online need send lt,49,9
ham,"Sorry, I'll call later",22.0,4.0,sorry call later,16,3
ham,Good evening! How are you?,26.0,5.0,good evening,12,2
ham,I'm at home. Please call,24.0,5.0,home please call,16,3
ham,Oic cos me n my sis got no lunch today my dad went out... So dunno whether 2 eat in sch or wat...,97.0,23.0,oic co si got lunch today dad went dunno whether eat sch wat,60,13
ham,"Mmmmm ... It was sooooo good to wake to your words this morning, my Love!! Mmmm fuck ... I love you too, my Lion ... *devouring kiss from across the sea*",153.0,31.0,mmmmm sooooo good wake word morning love mmmm fuck love lion devouring kiss across sea,86,15
ham,We are pleased to inform that your application for Airtel Broadband is processed successfully. Your installation will happen within 3 days.,139.0,21.0,pleased inform application airtel broadband processed successfully installation happen within day,97,11
ham,What happen dear. Why you silent. I am tensed,45.0,9.0,happen dear silent tensed,25,4
ham,"I'll get there at 3, unless you guys want me to come some time sooner",69.0,15.0,get unless guy want come time sooner,36,7
ham,If you are not coughing then its nothing,40.0,8.0,coughing nothing,16,2
ham,ÌÏ come lt 25 n pass to me lar,30.0,9.0,come lt pas lar,15,4
ham,I'm e person who's doing e sms survey...,40.0,8.0,person sm survey,16,3
ham,Lol ok ill try to send. Be warned Sprint is dead slow. You'll prolly get it tomorrow,84.0,17.0,lol ok ill try send warned sprint dead slow prolly get tomorrow,63,12
ham,Thank You meet you monday,25.0,5.0,thank meet monday,17,3
ham,SO IS TH GOWER MATE WHICH IS WHERE I AM!?! HOW R U MAN? ALL IS GOOD IN WALES ILL B BACK åÔMORROW. C U THIS WK? WHO WAS THE MSG 4? åÐ RANDOM!,140.0,34.0,th gower mate man good wale ill back morrow wk msg random,57,12
spam,"Rock yr chik. Get 100's of filthy films &XXX pics on yr phone now. rply FILTH to 69669. Saristar Ltd, E14 9YT 08701752560. 450p per 5 days. Stop2 cancel",152.0,29.0,rock yr chik get filthy film xxx pic yr phone rply filth saristar ltd yt per day stop cancel,92,19
ham,"Single line with a big meaning::::: \Miss anything 4 ur \""Best Life\"" but",73.0,13.0,single line big meaning miss anything ur best life,50,9
ham,I got like $ &lt,16.0,5.0,got like lt,11,3
ham,"Dad wanted to talk about the apartment so I got a late start, omw now",69.0,15.0,dad wanted talk apartment got late start omw,44,8
ham,I love you both too :-),23.0,6.0,love,4,1
ham,Lol u still feeling sick?,25.0,5.0,lol still feeling sick,22,4
ham,Din i tell u jus now 420,24.0,7.0,din tell jus,12,3
ham,am up to my eyes in philosophy,30.0,7.0,eye philosophy,14,2
spam,From next month get upto 50% More Calls 4 Ur standard network charge 2 activate Call 9061100010 C Wire3.net 1st4Terms PoBox84 M26 3UZ Cost å£1.50 min MobcudB more,162.0,28.0,next month get upto call ur standard network charge activate call wire net st term pobox uz cost min mobcudb,108,20
ham,Ok lor. I'm in town now lei.,28.0,7.0,ok lor town lei,15,4
ham,I had it already..sabarish asked me to go..,43.0,8.0,already sabarish asked go,25,4
ham,No da. . Vijay going to talk in jaya tv,39.0,10.0,da vijay going talk jaya tv,27,6
spam,URGENT! We are trying to contact U Todays draw shows that you have won a å£800 prize GUARANTEED. Call 09050000460 from land line. Claim J89. po box245c2150pm,157.0,27.0,urgent trying contact today draw show prize guaranteed call land line claim po box pm,85,15
ham,Lol I know! Hey someone did a great inpersonation of flea on the forums. I love it!,83.0,17.0,lol know hey someone great inpersonation flea forum love,56,9
spam,Text BANNEDUK to 89555 to see! cost 150p textoperator g696ga 18+ XXX,68.0,12.0,text banneduk see cost textoperator ga xxx,42,7
ham,Still chance there. If you search hard you will get it..let have a try :),73.0,15.0,still chance search hard get let try,36,7
spam,"Auction round 4. The highest bid is now å£54. Next maximum bid is å£71. To bid, send BIDS e. g. 10 (to bid å£10) to 83383. Good luck.",133.0,28.0,auction round highest bid next maximum bid bid send bid bid good luck,69,13
ham,Do you always celebrate NY's with your family ?,47.0,9.0,always celebrate ny family,26,4
ham,"We know TAJ MAHAL as symbol of love. But the other lesser known facts 1. Mumtaz was Shahjahan's 4th wife, out of his 7 wifes. 2. Shahjahan killed Mumtaz's husband to marry her. 3. Mumtaz died in her  &lt",203.0,39.0,know taj mahal symbol love lesser known fact mumtaz shahjahan th wife wife shahjahan killed mumtaz husband marry mumtaz died lt,127,21
ham,Its ok..come to my home it vl nice to meet and v can chat..,59.0,14.0,ok come home vl nice meet chat,30,7
spam,Collect your VALENTINE'S weekend to PARIS inc Flight & Hotel + å£200 Prize guaranteed! Text: PARIS to No: 69101. www.rtf.sphosting.com,134.0,20.0,collect valentine weekend paris inc flight hotel prize guaranteed text paris www rtf sphosting com,98,15
ham,Sent me de webadres for geting salary slip,42.0,8.0,sent de webadres geting salary slip,35,6
ham,She's fine. Sends her greetings,31.0,5.0,fine sends greeting,19,3
spam,Customer Loyalty Offer:The NEW Nokia6650 Mobile from ONLY å£10 at TXTAUCTION! Txt word: START to No: 81151 & get yours Now! 4T&Ctxt TC 150p/MTmsg,145.0,24.0,customer loyalty offer new nokia mobile txtauction txt word start get ctxt tc mtmsg,83,14
ham,But you dint in touch with me.,30.0,7.0,dint touch,10,2
ham,"Yup, leaving right now, be back soon",36.0,7.0,yup leaving right back soon,27,5
spam,You won't believe it but it's true. It's Incredible Txts! Reply G now to learn truly amazing things that will blow your mind. From O2FWD only 18p/txt,149.0,27.0,believe true incredible txts reply learn truly amazing thing blow mind fwd txt,78,13
ham,Yeah sure I'll leave in a min,29.0,7.0,yeah sure leave min,19,4
ham,And do you have any one that can teach me how to ship cars.,59.0,14.0,one teach ship car,18,4
ham,"The sign of maturity is not when we start saying big things.. But actually it is, when we start understanding small things... *HAVE A NICE EVENING* BSLVYL",154.0,27.0,sign maturity start saying big thing actually start understanding small thing nice evening bslvyl,97,14
ham,Yeah confirmed for you staying at  that weekend,47.0,8.0,yeah confirmed staying weekend,30,4
ham,They said Ì_ dun haf passport or smth like dat.. Or Ì_ juz send to my email account..  ,87.0,18.0,said dun haf passport smth like dat juz send email account,58,11
ham,"Multiply the numbers independently and count decimal points then, for the division, push the decimal places like i showed you.",126.0,20.0,multiply number independently count decimal point division push decimal place like showed,89,12
ham,"Have a lovely night and when you wake up to see this message, i hope you smile knowing all is as should be. Have a great morning",128.0,27.0,lovely night wake see message hope smile knowing great morning,62,10
ham,Ard 4 lor...,12.0,3.0,ard lor,7,2
ham,You are right. Meanwhile how's project twins comin up,53.0,9.0,right meanwhile project twin comin,34,5
ham,I sent your maga that money yesterday oh.,41.0,8.0,sent maga money yesterday oh,28,5
spam,Hi 07734396839 IBH Customer Loyalty Offer: The NEW NOKIA6600 Mobile from ONLY å£10 at TXTAUCTION!Txt word:START to No:81151 & get Yours Now!4T&,143.0,22.0,hi ibh customer loyalty offer new nokia mobile txtauction txt word start get,76,13
ham,Heart is empty without love.. Mind is empty without wisdom.. Eyes r empty without dreams &amp,93.0,16.0,heart empty without love mind empty without wisdom eye empty without dream amp,78,13
spam,I am hot n horny and willing I live local to you - text a reply to hear strt back from me 150p per msg Netcollex LtdHelpDesk: 02085076972 reply Stop to end,155.0,32.0,hot horny willing live local text reply hear strt back per msg netcollex ltdhelpdesk reply stop end,99,17
ham,Our ride equally uneventful - not too many of those pesky cyclists around at that time of night ,96.0,18.0,ride equally uneventful many pesky cyclist around time night,60,9
ham,If you were/are free i can give. Otherwise nalla adi entey nattil kittum,72.0,13.0,free give otherwise nalla adi entey nattil kittum,49,8
ham,I've sent my wife your text. After we buy them she'll tell you what to do. So just relax. We should go get them this wkend.,123.0,26.0,sent wife text buy tell relax go get wkend,42,9
ham,I am in escape theatre now. . Going to watch KAVALAN in a few minutes,69.0,15.0,escape theatre going watch kavalan minute,41,6
ham,How much would it cost to hire a hitman,39.0,9.0,much would cost hire hitman,27,5
ham,I anything lor...,17.0,3.0,anything lor,12,2
ham,"Sorry, I'll call later",22.0,4.0,sorry call later,16,3
spam,Do you want a New Nokia 3510i Colour Phone Delivered Tomorrow? With 200 FREE minutes to any mobile + 100 FREE text + FREE camcorder Reply or Call 08000930705,157.0,29.0,want new nokia colour phone delivered tomorrow free minute mobile free text free camcorder reply call,101,16
ham,Huh but i cant go 2 ur house empty handed right?,48.0,11.0,huh cant go ur house empty handed right,39,8
ham,Good morning princess! Happy New Year!,38.0,6.0,good morning princess happy new year,36,6
spam,Congratulations YOU'VE Won. You're a Winner in our August å£1000 Prize Draw. Call 09066660100 NOW. Prize Code 2309.,115.0,18.0,congratulation winner august prize draw call prize code,55,8
ham,"Aight, we'll head out in a few",30.0,7.0,aight head,10,2
ham,Then wat r u doing now? Busy wif work?,38.0,9.0,wat busy wif work,17,4
ham,I know you mood off today,25.0,6.0,know mood today,15,3
ham,"Jay told me already, will do",28.0,6.0,jay told already,16,3
ham,Cps is causing the outages to conserve energy.,46.0,8.0,cps causing outage conserve energy,34,5
ham,"I'm not sure, I was just checking out what was happening around the area",72.0,14.0,sure checking happening around area,35,5
ham,Hey morning what you come to ask:-) pa...,41.0,8.0,hey morning come ask pa,23,5
ham,Jordan got voted out last nite!,31.0,6.0,jordan got voted last nite,26,5
ham,"That means you got an A in epi, she.s fine. She.s here now.",59.0,13.0,mean got epi fine,17,4
ham,I have no idea where you are,28.0,7.0,idea,4,1
ham,Pls come quick cant bare this.,30.0,6.0,pls come quick cant bare,24,5
ham,Joy's father is John. Then John is the ____ of Joy's father. If u ans ths you hav  &lt,86.0,19.0,joy father john john joy father an th hav lt,44,10
ham,"Call me. I m unable to cal. Lets meet bhaskar, and deep",55.0,12.0,call unable cal let meet bhaskar deep,37,7
ham,No. I.ll meet you in the library,32.0,7.0,meet library,12,2
ham,"K, my roommate also wants a dubsack and another friend may also want some so plan on bringing extra, I'll tell you when they know for sure",138.0,27.0,roommate also want dubsack another friend may also want plan bringing extra tell know sure,90,15
ham,Depends on individual lor e hair dresser say pretty but my parents say look gong. U kaypoh.. I also dunno wat she collecting.,125.0,23.0,depends individual lor hair dresser say pretty parent say look gong kaypoh also dunno wat collecting,100,16
ham,Ok c Ì_ then.,13.0,4.0,ok,2,1
ham,I enjoy watching and playing football and basketball. Anything outdoors. And you?,81.0,12.0,enjoy watching playing football basketball anything outdoors,60,7
ham,"Can you please ask macho what his price range is, does he want something new or used plus it he only interfued in the blackberry bold  &lt",138.0,27.0,please ask macho price range want something new used plus interfued blackberry bold lt,86,14
ham,Sorry sent blank msg again. Yup but trying 2 do some serious studying now.,74.0,14.0,sorry sent blank msg yup trying serious studying,48,8
ham,Hey check it da. I have listed da.,34.0,8.0,hey check da listed da,22,5
spam,8007 25p 4 Alfie Moon's Children in Need song on ur mob. Tell ur m8s. Txt TONE CHARITY to 8007 for nokias or POLY CHARITY for polys :zed 08701417012 profit 2 charity ,166.0,32.0,alfie moon child need song ur mob tell ur txt tone charity nokias poly charity polys zed profit charity,103,19
ham,I meant as an apology from me for texting you to get me drugs at  &lt,69.0,16.0,meant apology texting get drug lt,33,6
ham,That means from february to april i'll be getting a place to stay down there so i don't have to hustle back and forth during audition season as i have since my sister moved away from harlem.,190.0,37.0,mean february april getting place stay hustle back forth audition season since sister moved away harlem,103,16
ham,Goin to workout lor... Muz lose e fats... ,42.0,8.0,goin workout lor muz lose fat,29,6
ham,"Damn, poor zac doesn't stand a chance",37.0,7.0,damn poor zac stand chance,26,5
ham,No message..no responce..what happend?,38.0,4.0,message responce happend,24,3
ham,I want to tel u one thing u should not mistake me k THIS IS THE MESSAGE THAT YOU SENT:),87.0,20.0,want tel one thing mistake message sent,39,7
ham,Yeah right! I'll bring my tape measure fri!,43.0,8.0,yeah right bring tape measure fri,33,6
ham,Still chance there. If you search hard you will get it..let have a try :),73.0,15.0,still chance search hard get let try,36,7
ham,Meeting u is my work. . . Tel me when shall i do my work tomorrow,65.0,16.0,meeting work tel shall work tomorrow,36,6
ham,Should I head straight there or what,36.0,7.0,head straight,13,2
spam,Get the official ENGLAND poly ringtone or colour flag on yer mobile for tonights game! Text TONE or FLAG to 84199. Optout txt ENG STOP Box39822 W111WX å£1.50,157.0,28.0,get official england poly ringtone colour flag yer mobile tonight game text tone flag optout txt eng stop box wx,112,20
ham,Thank you princess! You are so sexy...,38.0,7.0,thank princess sexy,19,3
ham,Oooh I got plenty of those!,27.0,6.0,oooh got plenty,15,3
ham,Hui xin is in da lib.,21.0,6.0,hui xin da lib,14,4
ham,Its a big difference.  &lt,26.0,5.0,big difference lt,17,3
ham,"It's not that you make me cry. It's just that when all our stuff happens on top of everything else, it pushes me over the edge. You don't underdtand how often i cry over my sorry, sorry life.",191.0,38.0,make cry stuff happens top everything else push edge underdtand often cry sorry sorry life,90,15
ham,"\ME 2 BABE I FEEL THE SAME LETS JUST 4GET ABOUT IT+BOTH TRY +CHEER UP+NOT FIT SOO MUCHXXLOVE U LOCAXX\""""",104.0,20.0,babe feel let get try cheer fit soo muchxxlove locaxx,53,10
ham,You know what hook up means right?,34.0,7.0,know hook mean right,20,4
spam,"Customer service announcement. We recently tried to make a delivery to you but were unable to do so, please call 07090298926 to re-schedule. Ref:9307622",152.0,24.0,customer service announcement recently tried make delivery unable please call schedule ref,90,12
ham,Wat's da model num of ur phone?,31.0,7.0,wat da model num ur phone,25,6
ham,He's really into skateboarding now despite the fact that he gets thrown off of it and winds up with bandages and shit all over his arms every five minutes,154.0,29.0,really skateboarding despite fact get thrown wind bandage shit arm every five minute,84,13
spam,"You can stop further club tones by replying \STOP MIX\"" See my-tone.com/enjoy. html for terms. Club tones cost GBP4.50/week. MFL",128.0,20.0,stop club tone replying stop mix see tone com enjoy html term club tone cost gbp week mfl,89,18
ham,My house here e sky quite dark liao... If raining then got excuse not 2 run already rite... Hee...,98.0,19.0,house sky quite dark liao raining got excuse run already rite hee,65,12
ham,"Sorry, left phone upstairs. OK, might be hectic but would be all my birds with one fell swoop. It's a date.",107.0,21.0,sorry left phone upstairs ok might hectic would bird one fell swoop date,72,13
ham,* Thought I didn't see you.,27.0,6.0,thought see,11,2
spam,wamma get laid?want real doggin locations sent direct to your mobile? join the UKs largest dogging network. txt dogs to 69696 now!nyt. ec2a. 3lp å£1.50/msg.,156.0,25.0,wamma get laid want real doggin location sent direct mobile join uk largest dogging network txt dog nyt ec lp msg,113,21
ham,Carlos says we can pick up from him later so yeah we're set,59.0,13.0,carlos say pick later yeah set,30,6
ham,"Hey babe, my friend had to cancel, still up for a visit ?",57.0,13.0,hey babe friend cancel still visit,34,6
ham,As per your request 'Maangalyam (Alaipayuthe)' has been set as your callertune for all Callers. Press *9 to copy your friends Callertune,136.0,22.0,per request maangalyam alaipayuthe set callertune caller press copy friend callertune,85,11
ham,Hmm ill have to think about it... ok you're forgiven! =D,56.0,11.0,hmm ill think ok forgiven,25,5
ham,"We are hoping to get away by 7, from Langport. You still up for town tonight?",77.0,16.0,hoping get away langport still town tonight,43,7
ham,Want to send me a virtual hug?... I need one,44.0,10.0,want send virtual hug need one,30,6
ham,"Probably not, still going over some stuff here",46.0,8.0,probably still going stuff,26,4
ham,It has issues right now. Ill fix for her by tomorrow.,53.0,11.0,issue right ill fix tomorrow,28,5
ham,Why i come in between you people,32.0,7.0,come people,11,2
ham,Senthil group company Apnt 5pm.,31.0,5.0,senthil group company apnt pm,29,5
ham,Oh really?? Did you make it on air? What's your talent?,55.0,11.0,oh really make air talent,25,5
ham,Studying. But i.ll be free next weekend.,40.0,7.0,studying free next weekend,26,4
ham,R u here yet? I'm wearing blue shirt n black pants.,51.0,11.0,yet wearing blue shirt black pant,33,6
ham,Wait.i will come out.. &lt,26.0,5.0,wait come lt,12,3
ham,I will reach ur home in  &lt,28.0,7.0,reach ur home lt,16,4
ham,Well then you have a great weekend!,35.0,7.0,well great weekend,18,3
ham,"What are you doing in langport? Sorry, but I'll probably be in bed by 9pm. It sucks being ill at xmas! When do you and go2sri lanka? ",133.0,27.0,langport sorry probably bed pm suck ill xmas go sri lanka,57,11
ham,"Frnd s not juz a word.....not merely a relationship.....its a silent promise which says ... \ I will be with YOU \"" Wherevr.. Whenevr.. Forevr... Gudnyt dear..""",160.0,27.0,frnd juz word merely relationship silent promise say wherevr whenevr forevr gudnyt dear,87,13
ham,Huh? 6 also cannot? Then only how many mistakes?,48.0,9.0,huh also many mistake,21,4
ham,Ha... U jus ate honey ar? So sweet...,37.0,8.0,ha jus ate honey ar sweet,25,6
ham,I'm turning off my phone. My moms telling everyone I have cancer. And my sister won't stop calling. It hurts to talk. Can't put up with it. See u when u get home. Love u,169.0,35.0,turning phone mom telling everyone cancer sister stop calling hurt talk put see get home love,93,16
ham,"Honey ? Sweetheart ? Darling ? Sexy buns ? Sugar plum ? Loverboy ? I miss you, boytoy ... *smacks your ass* Did you go to the gym too ?",135.0,30.0,honey sweetheart darling sexy bun sugar plum loverboy miss boytoy smack as go gym,81,14
ham,Thanks for loving me so. You rock,33.0,7.0,thanks loving rock,18,3
ham,Yeah imma come over cause jay wants to do some drugs,52.0,11.0,yeah imma come cause jay want drug,34,7
ham,Ok thanx... Take care then...,29.0,5.0,ok thanx take care,18,4
ham,Yup. Thk of u oso boring wat.,29.0,7.0,yup thk oso boring wat,22,5
ham," came to look at the flat, seems ok, in his 50s? * Is away alot wiv work. Got woman coming at 6.30 too.",103.0,23.0,came look flat seems ok away alot wiv work got woman coming,59,12
ham,Moji just informed me that you saved our lives. Thanks.,55.0,10.0,moji informed saved life thanks,31,5
spam,You have won a Nokia 7250i. This is what you get when you win our FREE auction. To take part send Nokia to 86021 now. HG/Suite342/2Lands Row/W1JHL 16+,150.0,28.0,nokia get win free auction take part send nokia hg suite land row jhl,69,14
ham,Whos this am in class:-),24.0,5.0,who class,9,2
ham,Hey r Ì_ still online? I've finished the formatting...,54.0,9.0,hey still online finished formatting,36,5
ham,Great! So what attracts you to the brothas?,43.0,8.0,great attracts brothas,22,3
spam,Promotion Number: 8714714 - UR awarded a City Break and could WIN a å£200 Summer Shopping spree every WK. Txt STORE to 88039 . SkilGme. TsCs087147403231Winawk!Age16 å£1.50perWKsub,179.0,27.0,promotion number ur awarded city break could win summer shopping spree every wk txt store skilgme tscs winawk age perwksub,122,20
ham,Stupid.its not possible,23.0,3.0,stupid possible,15,2
ham,I cant pick the phone right now. Pls send a message,51.0,11.0,cant pick phone right pls send message,38,7
ham,LOL what happens in Vegas stays in vegas,40.0,8.0,lol happens vega stay vega,26,5
ham,"Hello, hello, hi lou sorry it took so long 2 reply- I left mobile at friends in Lancaster, just got it bak Neway im sorry I couldnåÕt make ur båÕday 2 hun!",155.0,32.0,hello hello hi lou sorry took long reply left mobile friend lancaster got bak neway im sorry make ur day hun,108,21
ham,When did i use soc... I use it only at home... ÌÏ dunno how 2 type it in word ar...,83.0,20.0,use soc use home dunno type word ar,35,8
ham,Dad says hurry the hell up,26.0,6.0,dad say hurry hell,18,4
ham,Wake me up at  &lt,18.0,5.0,wake lt,7,2
ham,I get out of class in bsn in like  &lt,38.0,10.0,get class bsn like lt,21,5
ham,Great! I shoot big loads so get ready!,38.0,8.0,great shoot big load get ready,30,6
ham,I'll meet you in the lobby,26.0,6.0,meet lobby,10,2
ham,You still coming tonight?,25.0,4.0,still coming tonight,20,3
ham,What happen dear tell me,24.0,5.0,happen dear tell,16,3
ham,"Sir, i am waiting for your call, once free please call me.",58.0,12.0,sir waiting call free please call,33,6
ham,No i am not having not any movies in my laptop,46.0,11.0,movie laptop,12,2
ham,I was about to do it when i texted. I finished a long time ago and showered and er'ything!,90.0,19.0,texted finished long time ago showered er ything,48,8
ham,Ok im not sure what time i finish tomorrow but i wanna spend the evening with you cos that would be vewy vewy lubly! Love me xxx,128.0,27.0,ok im sure time finish tomorrow wan na spend evening co would vewy vewy lubly love xxx,86,17
ham,"Hello, As per request from  &lt",31.0,6.0,hello per request lt,20,4
ham,I am in tirupur.  call you da.,30.0,7.0,tirupur call da,15,3
spam,You are a winner you have been specially selected to receive å£1000 cash or a å£2000 award. Speak to a live operator to claim call 087147123779am-7pm. Cost 10p,159.0,28.0,winner specially selected receive cash award speak live operator claim call pm cost,83,13
ham,S:)but he had some luck.2 catches put down:),44.0,8.0,luck catch put,14,3
ham,How i noe... Did Ì_ specify da domain as nusstu... ÌÏ still in sch...,69.0,14.0,noe specify da domain nusstu still sch,38,7
ham,Oh...i asked for fun. Haha...take care. Ì_,42.0,7.0,oh asked fun haha take care,27,6
ham,Shall i get my pouch?,21.0,5.0,shall get pouch,15,3
ham,Hey loverboy! I love you !! I had to tell ... I look at your picture and ache to feel you between my legs ... Fuck I want you ... I need you ... I crave you .,158.0,38.0,hey loverboy love tell look picture ache feel leg fuck want need crave,70,13
ham,"How is my boy? No sweet words left for me this morning ... *sighs* ... How goes you day, my love ? Did you start your studying?",127.0,27.0,boy sweet word left morning sigh go day love start studying,59,11
ham,Kent vale lor... ÌÏ wait 4 me there ar?,39.0,9.0,kent vale lor wait ar,21,5
ham,Ok. Very good. Its all about making that money.,47.0,9.0,ok good making money,20,4
ham,Reading gud habit.. Nan bari hudgi yorge pataistha ertini kano:-),65.0,10.0,reading gud habit nan bari hudgi yorge pataistha ertini kano,60,10
ham,Aight do you still want to get money,36.0,8.0,aight still want get money,26,5
spam,Free Top ringtone -sub to weekly ringtone-get 1st week free-send SUBPOLY to 81618-?3 per week-stop sms-08718727870,114.0,16.0,free top ringtone sub weekly ringtone get st week free send subpoly per week stop sm,84,16
ham,Ok.ok ok..then..whats ur todays plan,36.0,5.0,ok ok ok whats ur today plan,28,7
ham,ARE YOU IN TOWN? THIS IS V. IMPORTANT,37.0,8.0,town important,14,2
ham,"Sorry pa, i dont knw who ru pa?",31.0,8.0,sorry pa dont knw ru pa,23,6
ham,Wat u doing there?,18.0,4.0,wat,3,1
ham,If i not meeting Ì_ all rite then i'll go home lor. If Ì_ dun feel like comin it's ok.,86.0,20.0,meeting rite go home lor dun feel like comin ok,47,10
ham,"Oh, i will get paid. The most outstanding one is for a commercial i did for Hasbro...in AUGUST! They made us jump through so many hoops to get paid. Still not.",159.0,31.0,oh get paid outstanding one commercial hasbro august made u jump many hoop get paid still,89,16
ham,"I am late,so call you tomorrow morning.take care sweet dreams....u and me...ummifying...bye.",92.0,12.0,late call tomorrow morning take care sweet dream ummifying bye,62,10
ham,Networking technical support associate.,39.0,4.0,networking technical support associate,38,4
ham,I'm gonna rip out my uterus.,28.0,6.0,gon na rip uterus,17,4
ham,Cool. Do you like swimming? I have a pool and jacuzzi at my house.,66.0,14.0,cool like swimming pool jacuzzi house,37,6
spam,"Thanks for your ringtone order, reference number X49. Your mobile will be charged 4.50. Should your tone not arrive please call customer services 09065989182. From: [colour=red]text[/colour]TXTstar",197.0,26.0,thanks ringtone order reference number mobile charged tone arrive please call customer service colour red text colour txtstar,125,18
ham,"Yeah why not, is the gang all ready",35.0,8.0,yeah gang ready,15,3
ham,Blank is Blank. But wat is blank? Lol,37.0,8.0,blank blank wat blank lol,25,5
ham,I'm in a movie... Collect car oredi...,38.0,7.0,movie collect car oredi,23,4
ham,We left already we at orchard now.,34.0,7.0,left already orchard,20,3
spam,"Hi there, 2nights ur lucky night! Uve been invited 2 XCHAT, the Uks wildest chat! Txt CHAT to 86688 now! 150p/MsgrcvdHG/Suite342/2Lands/Row/W1J6HL LDN 18yrs",156.0,23.0,hi night ur lucky night uve invited xchat uk wildest chat txt chat msgrcvdhg suite land row hl ldn yr,101,20
ham,Nothing spl..wat abt u and whr ru?,34.0,7.0,nothing spl wat abt whr ru,26,6
ham,No chikku nt yet.. Ya i'm free,30.0,7.0,chikku nt yet ya free,21,5
ham,"Aldrine, rakhesh ex RTM here.pls call.urgent.",45.0,6.0,aldrine rakhesh ex rtm pls call urgent,38,7
ham,The search 4 happiness is 1 of d main sources of unhappiness! Accept life the way it comes! U will find happiness in every moment u live.,137.0,27.0,search happiness main source unhappiness accept life way come find happiness every moment live,94,14
ham,I'm at home. Please call,24.0,5.0,home please call,16,3
ham,"I guess you could be as good an excuse as any, lol.",51.0,12.0,guess could good excuse lol,27,5
ham,"Isn't frnd a necesity in life? imagine urself witout a frnd.. hw'd u feel at ur colleg? wat'll u do wth ur cell? wat abt functions? thnk abt events espe'll cared, missed &amp",174.0,33.0,frnd necesity life imagine urself witout frnd hw feel ur colleg wat wth ur cell wat abt function thnk abt event espe cared missed amp,133,25
ham,Gud mrng dear hav a nice day,28.0,7.0,gud mrng dear hav nice day,26,6
ham,Old Orchard near univ. How about you?,37.0,7.0,old orchard near univ,21,4
ham,"4 tacos + 1 rajas burrito, right?",33.0,7.0,taco raja burrito right,23,4
ham,"ItÛ÷s å£6 to get in, is that ok?",33.0,8.0,get ok,6,2
ham,Hows the street where the end of library walk is?,49.0,10.0,hows street end library walk,28,5
ham,Plz note: if anyone calling from a mobile Co. &amp,50.0,10.0,plz note anyone calling mobile co amp,37,7
ham,We stopped to get ice cream and will go back after,50.0,11.0,stopped get ice cream go back,29,6
ham,Did you stitch his trouser,26.0,5.0,stitch trouser,14,2
ham,No da. . Vijay going to talk in jaya tv,39.0,10.0,da vijay going talk jaya tv,27,6
spam,2/2 146tf150p,13.0,2.0,tf,2,1
ham,Hey i'm bored... So i'm thinking of u... So wat r u doing?,58.0,13.0,hey bored thinking wat,22,4
ham,"Nah, Wednesday. When should I bring the mini cheetos bag over?",62.0,11.0,nah wednesday bring mini cheetos bag,36,6
ham,Nobody names their penis a girls name this story doesn't add up at all,70.0,14.0,nobody name penis girl name story add,37,7
ham,"Aight, let me know when you're gonna be around usf",50.0,10.0,aight let know gon na around usf,32,7
ham,I'm not. She lip synced with shangela.,38.0,7.0,lip synced shangela,19,3
ham,ÌÏ neva tell me how i noe... I'm not at home in da aft wat... ,62.0,15.0,neva tell noe home da aft wat,29,7
ham,"A bit of Ur smile is my hppnss, a drop of Ur tear is my sorrow, a part of Ur heart is my life, a heart like mine wil care for U, forevr as my GOODFRIEND",152.0,36.0,bit ur smile hppnss drop ur tear sorrow part ur heart life heart like mine wil care forevr goodfriend,101,19
spam,Dear Voucher Holder 2 claim your 1st class airport lounge passes when using Your holiday voucher call 08704439680. When booking quote 1st class x 2,147.0,25.0,dear voucher holder claim st class airport lounge pass using holiday voucher call booking quote st class,104,17
ham,"Buzz! Hey, my Love ! I think of you and hope your day goes well. Did you sleep in ? I miss you babe. I long for the moment we are together again*loving smile*",158.0,34.0,buzz hey love think hope day go well sleep miss babe long moment together loving smile,86,16
ham,"Haha... Sounds crazy, dunno can tahan anot...",45.0,7.0,haha sound crazy dunno tahan anot,33,6
ham,Why are u up so early?,22.0,6.0,early,5,1
ham,Ya that one is slow as poo,26.0,7.0,ya one slow poo,15,4
spam,Bloomberg -Message center +447797706009 Why wait? Apply for your future http://careers. bloomberg.com,101.0,12.0,bloomberg message center wait apply future http career bloomberg com,68,10
ham,"\Im on gloucesterroad what are uup to later?\""""",47.0,8.0,im gloucesterroad uup later,27,4
ham,Yes:)here tv is always available in work place..,48.0,8.0,yes tv always available work place,34,6
spam,YES! The only place in town to meet exciting adult singles is now in the UK. Txt CHAT to 86688 now! 150p/Msg.,109.0,22.0,yes place town meet exciting adult single uk txt chat msg,57,11
ham,Lol no ouch but wish i'd stayed out a bit longer,48.0,11.0,lol ouch wish stayed bit longer,31,6
ham,"GOD ASKED, \What is forgiveness?\"" A little child gave lovely reply",67.0,11.0,god asked forgiveness little child gave lovely reply,52,8
ham,We'll join the  &lt,19.0,4.0,join lt,7,2
ham,Was just about to ask. Will keep this one. Maybe that's why you didn't get all the messages we sent you on glo,110.0,23.0,ask keep one maybe get message sent glo,39,8
spam,FREE for 1st week! No1 Nokia tone 4 ur mob every week just txt NOKIA to 8007 Get txting and tell ur mates www.getzed.co.uk POBox 36504 W45WQ norm150p/tone 16+,158.0,29.0,free st week nokia tone ur mob every week txt nokia get txting tell ur mate www getzed co uk pobox wq norm tone,111,24
ham,K.i will send in  &lt,21.0,5.0,send lt,7,2
ham,Would me smoking you out help us work through this difficult time,65.0,12.0,would smoking help u work difficult time,40,7
spam,"Someone U know has asked our dating service 2 contact you! Cant guess who? CALL 09058095107 NOW all will be revealed. POBox 7, S3XY 150p ",137.0,25.0,someone know asked dating service contact cant guess call revealed pobox xy,75,12
ham,Yes.mum lookin strong:),23.0,3.0,yes mum lookin strong,21,4
ham,"Sir Goodmorning, Once free call me.",35.0,6.0,sir goodmorning free call,25,4
ham,Where are you call me.,22.0,5.0,call,4,1
ham,Was gr8 to see that message. So when r u leaving? Congrats dear. What school and wat r ur plans.,96.0,20.0,gr see message leaving congrats dear school wat ur plan,55,10
ham,Love it! The girls at the office may wonder why you are smiling but sore...,75.0,15.0,love girl office may wonder smiling sore,40,7
ham,"Hi, wlcome back, did wonder if you got eaten by a lion or something, nothing much",81.0,16.0,hi wlcome back wonder got eaten lion something nothing much,59,10
ham,Does uncle timi help in clearing cars,37.0,7.0,uncle timi help clearing car,28,5
ham,I came hostel. I m going to sleep. Plz call me up before class. Hrishi.,71.0,15.0,came hostel going sleep plz call class hrishi,45,8
ham,Ok... But bag again..,21.0,4.0,ok bag,6,2
ham,Hi! You just spoke to MANEESHA V. We'd like to know if you were satisfied with the experience. Reply Toll Free with Yes or No.,126.0,25.0,hi spoke maneesha like know satisfied experience reply toll free yes,68,11
ham,Ok lor. Msg me b4 u call.,25.0,7.0,ok lor msg call,15,4
spam,"Mila, age23, blonde, new in UK. I look sex with UK guys. if u like fun with me. Text MTALK to 69866.18 . 30pp/txt 1st 5free. å£1.50 increments. Help08718728876",159.0,29.0,mila age blonde new uk look sex uk guy like fun text mtalk pp txt st free increment help,88,19
ham,Once a fishrman woke early in d mrng. It was very dark. He waited a while &amp,78.0,17.0,fishrman woke early mrng dark waited amp,40,7
spam,"Claim a 200 shopping spree, just call 08717895698 now! Have you won! MobStoreQuiz10ppm",86.0,13.0,claim shopping spree call mobstorequiz ppm,42,6
ham,Then ur physics get a-?,23.0,5.0,ur physic get,13,3
ham,"Dear friends, sorry for the late information. Today is the birthday of our loving Ar.Praveesh. for more details log on to face book and see. Its his number + &lt",161.0,30.0,dear friend sorry late information today birthday loving ar praveesh detail log face book see number lt,103,17
ham,How r Ì_ going to send it to me?,32.0,9.0,going send,10,2
ham,Can you do online transaction?,30.0,5.0,online transaction,18,2
ham,Dear got train and seat mine lower seat,39.0,8.0,dear got train seat mine lower seat,35,7
ham,Let me know if you need anything else. Salad or desert or something... How many beers shall i get?,98.0,19.0,let know need anything else salad desert something many beer shall get,70,12
ham,Wat r u doing?,14.0,4.0,wat,3,1
ham,WHORE YOU ARE UNBELIEVABLE.,27.0,4.0,whore unbelievable,18,2
spam,"Want to funk up ur fone with a weekly new tone reply TONES2U 2 this text. www.ringtones.co.uk, the original n best. Tones 3GBP network operator rates apply",155.0,27.0,want funk ur fone weekly new tone reply tone text www ringtones co uk original best tone gbp network operator rate apply,120,22
ham,Are you sure you don't mean \get here,37.0,8.0,sure mean get,13,3
ham,"I love you !!! You know? Can you feel it? Does it make your belly warm? I wish it does, my love ... I shall meet you in your dreams, Ahmad ... *adoring kiss*",157.0,34.0,love know feel make belly warm wish love shall meet dream ahmad adoring kiss,76,14
spam,"Twinks, bears, scallies, skins and jocks are calling now. Don't miss the weekend's fun. Call 08712466669 at 10p/min. 2 stop texts call 08712460324(nat rate)",156.0,24.0,twinks bear scallies skin jock calling miss weekend fun call min stop text call nat rate,88,16
ham,Love it! I want to flood that pretty pussy with cum...,54.0,11.0,love want flood pretty pussy cum,32,6
ham,Hey are you angry with me. Reply me dr.,39.0,9.0,hey angry reply dr,18,4
ham,Short But Cute: \Be a good person,33.0,7.0,short cute good person,22,4
ham,Also remember the beads don't come off. Ever.,45.0,8.0,also remember bead come ever,28,5
ham,They have a thread on the wishlist section of the forums where ppl post nitro requests. Start from the last page and collect from the bottom up.,144.0,27.0,thread wishlist section forum ppl post nitro request start last page collect bottom,83,13
ham,For The First Time In The History 'Need' 'Comfort' And 'Luxury' Are Sold At Same Price In India..!! Onion-Rs. &lt,113.0,20.0,first time history need comfort luxury sold price india onion r lt,66,12
ham,Feb  &lt,8.0,2.0,feb lt,6,2
ham,"Actually nvm, got hella cash, we still on for  &lt",50.0,10.0,actually nvm got hella cash still lt,36,7
spam,We tried to contact you re your reply to our offer of a Video Handset? 750 anytime any networks mins? UNLIMITED TEXT? Camcorder? Reply or call 08000930705 NOW,158.0,28.0,tried contact reply offer video handset anytime network min unlimited text camcorder reply call,95,14
ham,"It's ok, at least armand's still around",39.0,7.0,ok least armand still around,28,5
ham,No da. I am happy that we sit together na,41.0,10.0,da happy sit together na,24,5
ham,Yup song bro. No creative. Neva test quality. He said check review online.,74.0,13.0,yup song bro creative neva test quality said check review online,64,11
ham,"No dude, its not fake..my frnds got money, thts y i'm reffering u..if u member wit my mail link, u vl be credited  &lt",118.0,24.0,dude fake frnds got money thts reffering member wit mail link vl credited lt,76,14
ham,Dude while were makin those weirdy brownies my sister made awesome cookies. I took pics.,88.0,15.0,dude makin weirdy brownie sister made awesome cooky took pic,60,10
spam,URGENT! We are trying to contact you. Last weekends draw shows that you have won a å£900 prize GUARANTEED. Call 09061701851. Claim code K61. Valid 12hours only,159.0,27.0,urgent trying contact last weekend draw show prize guaranteed call claim code valid hour,88,14
ham,Pls dont restrict her from eating anythin she likes for the next two days.,74.0,14.0,pls dont restrict eating anythin like next two day,50,9
ham,Mm you ask him to come its enough :-),37.0,9.0,mm ask come enough,18,4
ham,At the funeral home with Audrey and dad,39.0,8.0,funeral home audrey dad,23,4
ham,"Aight, can you text me the address?",35.0,7.0,aight text address,18,3
ham,Excellent! Wish we were together right now!,43.0,7.0,excellent wish together right,29,4
ham,Yep then is fine 7.30 or 8.30 for ice age.,42.0,10.0,yep fine ice age,16,4
ham,Pls i wont belive god.not only jesus.,37.0,7.0,pls wont belive god jesus,25,5
ham,Can. Dunno wat to get 4 her...,30.0,7.0,dunno wat get,13,3
ham,"Not yet chikku..k, then wat abt tht guy did he stopped irritating or msging to u..",82.0,16.0,yet chikku wat abt tht guy stopped irritating msging,52,9
ham,How long does it take to get it.,32.0,8.0,long take get,13,3
ham,This is my number by vivek..,28.0,6.0,number vivek,12,2
spam,74355 XMAS iscoming & ur awarded either å£500 CD gift vouchers & free entry 2 r å£100 weekly draw txt MUSIC to 87066 TnC,120.0,24.0,xmas iscoming ur awarded either cd gift voucher free entry weekly draw txt music tnc,84,15
ham,"sorry brah, just finished the last of my exams, what up",55.0,11.0,sorry brah finished last exam,29,5
ham,"I got arrested for possession at, I shit you not,  &lt",54.0,11.0,got arrested possession shit lt,31,5
ham,You are right though. I can't give you the space you want and need. This is really starting to become an issue. I was going to suggest setting a definite move out--if i'm still there-- after greece. But maybe you are ready and should do it now.,244.0,47.0,right though give space want need really starting become issue going suggest setting definite move still greece maybe ready,123,19
ham,Just normal only here :),24.0,5.0,normal,6,1
ham,"Please protect yourself from e-threats. SIB never asks for sensitive information like Passwords,ATM/SMS PIN thru email. Never share your password with anybody.",159.0,22.0,please protect threat sib never asks sensitive information like password atm sm pin thru email never share password anybody,123,19
ham,I miss you so much I'm so desparate I have recorded the message you left for me the other day and listen to it just to hear the sound of your voice. I love you,159.0,35.0,miss much desparate recorded message left day listen hear sound voice love,74,12
ham,Hi. I'm always online on yahoo and would like to chat with you someday,70.0,14.0,hi always online yahoo would like chat someday,46,8
ham,"Goodmorning,my grandfather expired..so am on leave today.",57.0,7.0,goodmorning grandfather expired leave today,43,5
spam,Congratulations U can claim 2 VIP row A Tickets 2 C Blu in concert in November or Blu gift guaranteed Call 09061104276 to claim TS&Cs www.smsco.net costå£3.75max ,162.0,27.0,congratulation claim vip row ticket blu concert november blu gift guaranteed call claim t c www smsco net cost max,114,20
ham,Where are you ? What are you doing ? Are yuou working on getting the pc to your mom's ? Did you find a spot that it would work ? I need you,139.0,33.0,yuou working getting pc mom find spot would work need,53,10
ham,"Sure, I'll see if I can come by in a bit",40.0,11.0,sure see come bit,17,4
ham,I agree. So i can stop thinkin about ipad. Can you please ask macho the same question.,86.0,17.0,agree stop thinkin ipad please ask macho question,49,8
ham,Let's pool our money together and buy a bunch of lotto tickets. If we win I get &lt,83.0,18.0,let pool money together buy bunch lotto ticket win get lt,57,11
ham,Ok.,3.0,1.0,ok,2,1
ham,I had askd u a question some hours before. Its answer,53.0,11.0,askd question hour answer,25,4
ham,Watching tv lor. Nice one then i like lor.,42.0,9.0,watching tv lor nice one like lor,33,7
ham,I'm thinking that chennai forgot to come for auction..,54.0,9.0,thinking chennai forgot come auction,36,5
ham,Then Ì_ come n pick me at 530 ar?,33.0,9.0,come pick ar,12,3
ham,Early bird! Any purchases yet?,30.0,5.0,early bird purchase yet,23,4
ham,Went to pay rent. So i had to go to the bank to authorise the payment.,70.0,16.0,went pay rent go bank authorise payment,39,7
ham,"Erm Û_ ill pick you up at about 6.45pm. That'll give enough time to get there, park and that.",94.0,19.0,erm ill pick pm give enough time get park,41,9
ham,HEY MATE! HOWS U HONEY?DID U AVE GOOD HOLIDAY? GIMMI DE GOSS!x,62.0,12.0,hey mate hows honey ave good holiday gimmi de goss,50,10
ham,Howz pain.it will come down today.do as i said ystrday.ice and medicine.,72.0,12.0,howz pain come today said ystrday ice medicine,46,8
ham,"chile, please! It's only a  &lt",31.0,6.0,chile please lt,15,3
ham,Yes ammae....life takes lot of turns you can only sit and try to hold the steering...,85.0,16.0,yes ammae life take lot turn sit try hold steering,50,10
ham,"Yeah that's what I thought, lemme know if anything's goin on later",66.0,12.0,yeah thought lem know anything goin later,41,7
ham,Mmmm.... I cant wait to lick it!,32.0,7.0,mmmm cant wait lick,19,4
ham,Pls go there today  &lt,23.0,5.0,pls go today lt,15,4
spam,"Fantasy Football is back on your TV. Go to Sky Gamestar on Sky Active and play å£250k Dream Team. Scoring starts on Saturday, so register now!SKY OPT OUT to 88088",162.0,30.0,fantasy football back tv go sky gamestar sky active play dream team scoring start saturday register sky opt,107,18
ham,Can you plz tell me the ans. BSLVYL sent via fullonsms.com,58.0,11.0,plz tell an bslvyl sent via fullonsms com,41,8
ham,U in town alone?,16.0,4.0,town alone,10,2
ham,I to am looking forward to all the sex cuddling.. Only two more sleeps ,71.0,14.0,looking forward sex cuddling two sleep,38,6
ham,We have all rounder:)so not required:),38.0,6.0,rounder required,16,2
ham,"No, its true..k,Do u knw dis no. &lt",36.0,8.0,true knw dis lt,15,4
ham,"Dont worry, 1 day very big lambu ji vl come..til then enjoy batchlor party:-)",77.0,14.0,dont worry day big lambu ji vl come til enjoy batchlor party,60,12
ham,oh ya... Got hip hop open. Haha i was thinking can go for jazz then zoom to cine... Actually tonight i'm free leh... And there's a kb lesson tonight,148.0,29.0,oh ya got hip hop open haha thinking go jazz zoom cine actually tonight free leh kb lesson tonight,98,19
spam,Free msg: Single? Find a partner in your area! 1000s of real people are waiting to chat now!Send CHAT to 62220Cncl send STOPCS 08717890890å£1.50 per msg,152.0,26.0,free msg single find partner area real people waiting chat send chat cncl send stopcs per msg,93,17
ham,I'm ok. Will do my part tomorrow,32.0,7.0,ok part tomorrow,16,3
ham,"No! But we found a diff farm shop to buy some cheese. On way back now, can i call in?",85.0,20.0,found diff farm shop buy cheese way back call,45,9
ham,R u still working now?,22.0,5.0,still working,13,2
spam,"Win the newest åÒHarry Potter and the Order of the Phoenix (Book 5) reply HARRY, answer 5 questions - chance to be the first among readers!",139.0,26.0,win newest harry potter order phoenix book reply harry answer question chance first among reader,96,15
ham,Yep. I do like the pink furniture tho.,38.0,8.0,yep like pink furniture tho,27,5
spam,Free Msg: Ringtone!From: http://tms. widelive.com/index. wml?id=1b6a5ecef91ff9*37819&first=true18:0430-JUL-05,109.0,6.0,free msg ringtone http tm widelive com index wml id ecef ff first true jul,74,15
ham,"Customer place, i wil cal u sir.",32.0,7.0,customer place wil cal sir,26,5
spam,"Oh my god! I've found your number again! I'm so glad, text me back xafter this msgs cst std ntwk chg å£1.50",107.0,22.0,oh god found number glad text back xafter msg cst std ntwk chg,62,13
ham,A pure hearted person can have a wonderful smile that makes even his/her enemies to feel guilty for being an enemy.. So catch the world with your smile..:) GOODMORNING &amp,172.0,30.0,pure hearted person wonderful smile make even enemy feel guilty enemy catch world smile goodmorning amp,103,16
ham,"THATåÕS ALRITE GIRL, U KNOW GAIL IS NEVA WRONG!!TAKE CARE SWEET AND DONåÕT WORRY.C U L8TR HUN!LOVE Yaxxx",104.0,18.0,alrite girl know gail neva wrong take care sweet worry tr hun love yaxxx,72,14
ham,"Theoretically yeah, he could be able to come",44.0,8.0,theoretically yeah could able come,34,5
ham,"Alright we're hooked up, where you guys at",42.0,8.0,alright hooked guy,18,3
ham,"not that I know of, most people up here are still out of town",61.0,14.0,know people still town,22,4
ham,No let me do the math. Your not good at it.,43.0,11.0,let math good,13,3
ham,Oh ok wait 4 me there... My lect havent finish,46.0,10.0,oh ok wait lect havent finish,29,6
ham,Yeah my usual guy's out of town but there're definitely people around I know,76.0,14.0,yeah usual guy town definitely people around know,49,8
ham,I am joining today formally.Pls keep praying.will talk later.,61.0,9.0,joining today formally pls keep praying talk later,50,8
ham,"Happy or sad , one thing about past is- \Its no more\"" GOOD MORNING :-):-).""",76.0,15.0,happy sad one thing past good morning,37,7
ham,No. Did you multimedia message them or e-mail?,46.0,8.0,multimedia message mail,23,3
ham,Okie but i scared u say i fat... Then u dun wan me already...,61.0,14.0,okie scared say fat dun wan already,35,7
ham,did u get that message,22.0,5.0,get message,11,2
ham,"Sorry sir, i will call you tomorrow.  senthil.hsbc",50.0,8.0,sorry sir call tomorrow senthil hsbc,36,6
ham,What you need. You have a person to give na.,44.0,10.0,need person give na,19,4
ham,She left it very vague. She just said she would inform the person in accounting about the delayed rent and that i should discuss with the housing agency about my renting another place. But checking online now and all places around usc are  &lt,243.0,44.0,left vague said would inform person accounting delayed rent discus housing agency renting another place checking online place around usc lt,139,21
ham,Hi juan. Im coming home on fri hey. Of course i expect a welcome party and lots of presents. Ill phone u when i get back. Loads of love nicky x x x x x x x x x,159.0,39.0,hi juan im coming home fri hey course expect welcome party lot present ill phone get back load love nicky,105,20
ham,Can you plz tell me the ans. BSLVYL sent via fullonsms.com,58.0,11.0,plz tell an bslvyl sent via fullonsms com,41,8
ham,Short But Cute: \Be a good person,33.0,7.0,short cute good person,22,4
ham,Gumby's has a special where a  &lt,34.0,7.0,gumby special lt,16,3
spam,A link to your picture has been sent. You can also use http://alto18.co.uk/wave/wave.asp?o=44345,96.0,13.0,link picture sent also use http alto co uk wave wave asp,56,12
ham,Like a personal sized or what,29.0,6.0,like personal sized,19,3
ham,"Same, I'm at my great aunts anniversary party in tarpon springs",63.0,11.0,great aunt anniversary party tarpon spring,42,6
ham,Cab is available.they pick up and drop at door steps.,53.0,10.0,cab available pick drop door step,33,6
ham,ok....take care.umma to you too...,34.0,5.0,ok take care umma,17,4
ham,Unlimited texts. Limited minutes.,33.0,4.0,unlimited text limited minute,29,4
spam,"Double Mins & 1000 txts on Orange tariffs. Latest Motorola, SonyEricsson & Nokia with Bluetooth FREE! Call MobileUpd8 on 08000839402 or call2optout/HF8",151.0,22.0,double min txts orange tariff latest motorola sonyericsson nokia bluetooth free call mobileupd call optout hf,109,16
ham,No problem. We will be spending a lot of quality time together...,65.0,12.0,problem spending lot quality time together,42,6
spam,URGENT This is our 2nd attempt to contact U. Your å£900 prize from YESTERDAY is still awaiting collection. To claim CALL NOW 09061702893. ACL03530150PM,151.0,24.0,urgent nd attempt contact prize yesterday still awaiting collection claim call acl pm,85,13
ham,Have you heard from this week?,30.0,6.0,heard week,10,2
spam,Dear Dave this is your final notice to collect your 4* Tenerife Holiday or #5000 CASH award! Call 09061743806 from landline. TCs SAE Box326 CW25WX 150ppm,153.0,26.0,dear dave final notice collect tenerife holiday cash award call landline tc sae box cw wx ppm,93,17
ham,Yes. Last  practice,19.0,3.0,yes last practice,17,3
spam,tells u 2 call 09066358152 to claim å£5000 prize. U have 2 enter all ur mobile & personal details @ the prompts. Careful!,121.0,23.0,tell call claim prize enter ur mobile personal detail prompt careful,68,11
ham,No. Thank you. You've been wonderful,36.0,6.0,thank wonderful,15,2
ham,Otherwise had part time job na-tuition..,40.0,6.0,otherwise part time job na tuition,34,6
ham,ÌÏ mean it's confirmed... I tot they juz say oni... Ok then... ,63.0,12.0,mean confirmed tot juz say oni ok,33,7
ham,Okie,4.0,1.0,okie,4,1
ham,That depends. How would you like to be treated? :),50.0,10.0,depends would like treated,26,4
ham,"Right on brah, see you later",28.0,6.0,right brah see later,20,4
ham,Waiting in e car 4 my mum lor. U leh? Reach home already?,57.0,13.0,waiting car mum lor leh reach home already,42,8
spam,Your 2004 account for 07XXXXXXXXX shows 786 unredeemed points. To claim call 08719181259 Identifier code: XXXXX Expires 26.03.05,128.0,18.0,account xxxxxxxxx show unredeemed point claim call identifier code xxxxx expires,80,11
spam,Do you want a new video handset? 750 anytime any network mins? Half Price Line Rental? Camcorder? Reply or call 08000930705 for delivery tomorrow,145.0,24.0,want new video handset anytime network min half price line rental camcorder reply call delivery tomorrow,104,16
ham,Went fast asleep dear.take care.,32.0,5.0,went fast asleep dear take care,31,6
ham,No that just means you have a fat head,38.0,9.0,mean fat head,13,3
ham,Sounds like a plan! Cardiff is still here and still cold! I'm sitting on the radiator!,86.0,16.0,sound like plan cardiff still still cold sitting radiator,57,9
ham,Serious? What like proper tongued her,37.0,6.0,serious like proper tongued,27,4
ham,She.s good. She was wondering if you wont say hi but she.s smiling now. So how are you coping with the long distance,116.0,23.0,good wondering wont say hi smiling coping long distance,55,9
ham,How i noe... She's in da car now... Later then c lar... I'm wearing shorts...,77.0,15.0,noe da car later lar wearing short,34,7
spam,You have an important customer service announcement. Call FREEPHONE 0800 542 0825 now!,86.0,13.0,important customer service announcement call freephone,54,6
ham,Yeah whatever lol,17.0,3.0,yeah whatever lol,17,3
ham,Today is ACCEPT DAY..U Accept me as? Brother Sister Lover Dear1 Best1 Clos1 Lvblefrnd Jstfrnd Cutefrnd Lifpartnr Belovd Swtheart Bstfrnd No rply means enemy,156.0,24.0,today accept day accept brother sister lover dear best clos lvblefrnd jstfrnd cutefrnd lifpartnr belovd swtheart bstfrnd rply mean enemy,136,20
ham,Ard 530 lor. I ok then message Ì_ lor.,38.0,9.0,ard lor ok message lor,22,5
ham,Ok. C u then.,13.0,4.0,ok,2,1
ham,Eh ur laptop got no stock lei... He say mon muz come again to take a look c got a not...,88.0,21.0,eh ur laptop got stock lei say mon muz come take look got,57,13
ham,No need to ke qi... ÌÏ too bored izzit y suddenly thk of this...,64.0,14.0,need ke qi bored izzit suddenly thk,35,7
ham,I wish! I don't think its gonna snow that much. But it will be more than those flurries we usually get that melt before they hit the ground. Eek! We haven't had snow since &lt,175.0,35.0,wish think gon na snow much flurry usually get melt hit ground eek snow since lt,80,16
spam,FREE>Ringtone! Reply REAL or POLY eg REAL1 1. PushButton 2. DontCha 3. BabyGoodbye 4. GoldDigger 5. WeBeBurnin 1st tone FREE and 6 more when u join for å£3/wk,158.0,28.0,free ringtone reply real poly eg real pushbutton dontcha babygoodbye golddigger webeburnin st tone free join wk,111,17
ham,"Do 1 thing! Change that sentence into: \Because i want 2 concentrate in my educational career im leaving here..\""""",114.0,19.0,thing change sentence want concentrate educational career im leaving,68,9
ham,"Oh really? perform, write a paper, go to a movie AND be home by midnight, huh?",78.0,16.0,oh really perform write paper go movie home midnight huh,56,10
ham,Okay lor... Will they still let us go a not ah? Coz they will not know until later. We drop our cards into the box right?,121.0,26.0,okay lor still let u go ah coz know later drop card box right,61,14
ham,How? Izzit still raining?,25.0,4.0,izzit still raining,19,3
ham,As if i wasn't having enough trouble sleeping.,46.0,8.0,enough trouble sleeping,23,3
ham,I havent add Ì_ yet right.. ,28.0,6.0,havent add yet right,20,4
ham,Lol ... I really need to remember to eat when I'm drinking but I do appreciate you keeping me company that night babe *smiles*,126.0,24.0,lol really need remember eat drinking appreciate keeping company night babe smile,81,12
ham,Babe ? I lost you ... Will you try rebooting ?,46.0,11.0,babe lost try rebooting,23,4
ham,Yes. Nigh you cant aha.,23.0,5.0,yes nigh cant aha,17,4
ham,I thk Ì_ gotta go home by urself. Cos i'll b going out shopping 4 my frens present. ,84.0,18.0,thk got ta go home urself co going shopping frens present,57,11
ham,Nooooooo I'm gonna be bored to death all day. Cable and internet outage.,72.0,13.0,nooooooo gon na bored death day cable internet outage,53,9
ham,Sos! Any amount i can get pls.,30.0,7.0,so amount get pls,17,4
ham,"Playin space poker, u?",22.0,4.0,playin space poker,18,3
ham,How come guoyang go n tell her? Then u told her?,48.0,11.0,come guoyang go tell told,25,5
ham,You need to get up. Now.,24.0,6.0,need get,8,2
ham,They r giving a second chance to rahul dengra.,46.0,9.0,giving second chance rahul dengra,33,5
ham,"Yeah, in fact he just asked if we needed anything like an hour ago. When and how much?",86.0,18.0,yeah fact asked needed anything like hour ago much,50,9
ham,WHEN THE FIRST STRIKE IS A RED ONE. THE BIRD + ANTELOPE BEGIN TOPLAY IN THE FIELDOF SELFINDEPENDENCE BELIEVE THIS + THE FLOWER OF CONTENTION WILL GROW.RANDOM!,158.0,27.0,first strike red one bird antelope begin toplay fieldof selfindependence believe flower contention grow random,110,15
ham,Y Ì_ wan to go there? C doctor?,31.0,8.0,wan go doctor,13,3
ham,Does daddy have a bb now.,25.0,6.0,daddy bb,8,2
spam,"Free Msg: get Gnarls Barkleys \Crazy\"" ringtone TOTALLY FREE just reply GO to this message right now!""",102.0,17.0,free msg get gnarl barkley crazy ringtone totally free reply go message right,77,13
ham,She's borderline but yeah whatever.,35.0,5.0,borderline yeah whatever,24,3
ham,I got a call from a landline number. . . I am asked to come to anna nagar . . . I will go in the afternoon,106.0,27.0,got call landline number asked come anna nagar go afternoon,59,10
ham,"Until 545 lor... Ya, can go 4 dinner together...",48.0,9.0,lor ya go dinner together,25,5
ham,I will be gentle princess! We will make sweet gentle love...,60.0,11.0,gentle princess make sweet gentle love,38,6
ham,How u doin baby girl ?? hope u are okay every time I call ure phone is off! I miss u get in touch,97.0,24.0,doin baby girl hope okay every time call ure phone miss get touch,65,13
ham,"Sorry, went to bed early, nightnight",36.0,6.0,sorry went bed early nightnight,31,5
ham,I like to think there's always the possibility of being in a pub later.,71.0,14.0,like think always possibility pub later,39,6
ham,HMM yeah if your not too grooved out! And im looking forward to my pound special :),83.0,17.0,hmm yeah grooved im looking forward pound special,49,8
ham,I got to video tape pple type in message lor. U so free wan 2 help me? Hee... Cos i noe u wan 2 watch infernal affairs so ask u along. Asking shuhui oso.,153.0,34.0,got video tape pple type message lor free wan help hee co noe wan watch infernal affair ask along asking shuhui oso,115,22
ham,Hi dude hw r u da realy mising u today,38.0,10.0,hi dude hw da realy mising today,32,7
ham,Me hungry buy some food good lei... But mum n yun dun wan juz buy a little bit... ,82.0,18.0,hungry buy food good lei mum yun dun wan juz buy little bit,59,13
spam,Refused a loan? Secured or Unsecured? Can't get credit? Call free now 0800 195 6669 or text back 'help' & we will!,114.0,22.0,refused loan secured unsecured get credit call free text back help,66,11
ham,I probably won't eat at all today. I think I'm gonna pop. How was your weekend? Did u miss me?,94.0,20.0,probably eat today think gon na pop weekend miss,48,9
ham,I knew it... U slept v late yest? Wake up so late...,52.0,12.0,knew slept late yest wake late,30,6
ham,Haha... dont be angry with yourself... Take it as a practice for the real thing. =) ,84.0,16.0,haha dont angry take practice real thing,40,7
ham,Where is that one day training:-),33.0,6.0,one day training,16,3
ham,So i could kiss and feel you next to me...,42.0,10.0,could kiss feel next,20,4
ham,Have a nice day my dear.,24.0,6.0,nice day dear,13,3
ham,I sent lanre fakeye's Eckankar details to the mail box,54.0,10.0,sent lanre fakeye eckankar detail mail box,42,7
ham,Your dad is back in ph?,23.0,6.0,dad back ph,11,3
spam,"You have been specially selected to receive a \3000 award! Call 08712402050 BEFORE the lines close. Cost 10ppm. 16+. T&Cs apply. AG Promo""",138.0,23.0,specially selected receive award call line close cost ppm c apply ag promo,74,13
ham,If you ask her or she say any please message.,45.0,10.0,ask say please message,22,4
ham,"If e timing can, then i go w u lor...",37.0,10.0,timing go lor,13,3
ham,Love you aathi..love u lot..,28.0,5.0,love aathi love lot,19,4
ham,I was just callin to say hi. Take care bruv!,44.0,10.0,callin say hi take care bruv,28,6
spam,YOU HAVE WON! As a valued Vodafone customer our computer has picked YOU to win a å£150 prize. To collect is easy. Just call 09061743386,135.0,25.0,valued vodafone customer computer picked win prize collect easy call,68,10
ham,Did u turn on the heater? The heater was on and set to &lt,58.0,14.0,turn heater heater set lt,25,5
ham,Thanks for your message. I really appreciate your sacrifice. I'm not sure of the process of direct pay but will find out on my way back from the test tomorrow. I'm in class now. Do have a wonderful day.,202.0,39.0,thanks message really appreciate sacrifice sure process direct pay find way back test tomorrow class wonderful day,114,17
ham,"That's the trouble with classes that go well - you're due a dodgey one Û_ Expecting mine tomo! See you for recovery, same time, same place ",140.0,26.0,trouble class go well due dodgey one expecting mine tomo see recovery time place,80,14
spam,Free video camera phones with Half Price line rental for 12 mths and 500 cross ntwk mins 100 txts. Call MobileUpd8 08001950382 or Call2OptOut/674&,146.0,24.0,free video camera phone half price line rental mths cross ntwk min txts call mobileupd call optout,98,17
ham,WOT U UP 2 J?,13.0,5.0,wot,3,1
ham,"Night night, see you tomorrow",29.0,5.0,night night see tomorrow,24,4
ham,Roger that. WeÛ÷re probably going to rem in about 20,53.0,10.0,roger probably going rem,24,4
ham,do u think that any girl will propose u today by seing ur bloody funky shit fucking face...............asssssholeeee................,132.0,18.0,think girl propose today seing ur bloody funky shit fucking face asssssholeeee,78,12
ham,I wish u were here. I feel so alone,35.0,9.0,wish feel alone,15,3
spam,Great NEW Offer - DOUBLE Mins & DOUBLE Txt on best Orange tariffs AND get latest camera phones 4 FREE! Call MobileUpd8 free on 08000839402 NOW! or 2stoptxt T&Cs,160.0,29.0,great new offer double min double txt best orange tariff get latest camera phone free call mobileupd free stoptxt c,115,20
ham,Reason is if the team budget is available at last they buy the unsold players for at base rate..,96.0,19.0,reason team budget available last buy unsold player base rate,61,10
ham,CERI U REBEL! SWEET DREAMZ ME LITTLE BUDDY!! C YA 2MORO! WHO NEEDS BLOKES,73.0,14.0,ceri rebel sweet dreamz little buddy ya moro need bloke,55,10
spam,ringtoneking 84484,18.0,2.0,ringtoneking,12,1
ham,Huh i cant thk of more oredi how many pages do we have?,55.0,13.0,huh cant thk oredi many page,28,6
ham,His frens go then he in lor. Not alone wif my mum n sis lor.,60.0,15.0,frens go lor alone wif mum si lor,33,8
ham,Nationwide auto centre (or something like that) on Newport road. I liked them there,83.0,14.0,nationwide auto centre something like newport road liked,56,8
ham,"Hey, I missed you tm of last night as my phone was on the charge ... *smiles* ... I am meeting a friend shortly",111.0,24.0,hey missed tm last night phone charge smile meeting friend shortly,66,11
ham,"Whatever, juliana. Do whatever you want.",40.0,6.0,whatever juliana whatever want,30,4
ham,"Friendship is not a game to play, It is not a word to say, It doesn\'t start on March and ends on May, It is tomorrow, yesterday, today and e",141.0,30.0,friendship game play word say start march end may tomorrow yesterday today,74,12
spam,Ringtone Club: Gr8 new polys direct to your mobile every week !,63.0,12.0,ringtone club gr new polys direct mobile every week,51,9
ham,"Hello. Sort of out in town already. That . So dont rush home, I am eating nachos. Will let you know eta.",104.0,22.0,hello sort town already dont rush home eating nacho let know eta,64,12
ham,Ok lor. Anyway i thk we cant get tickets now cos like quite late already. U wan 2 go look 4 ur frens a not? Darren is wif them now...,133.0,30.0,ok lor anyway thk cant get ticket co like quite late already wan go look ur frens darren wif,92,19
spam,(Bank of Granite issues Strong-Buy) EXPLOSIVE PICK FOR OUR MEMBERS *****UP OVER 300% *********** Nasdaq Symbol CDGT That is a $5.00 per..,137.0,22.0,bank granite issue strong buy explosive pick member nasdaq symbol cdgt per,74,12
ham,I am on the way to ur home,26.0,8.0,way ur home,11,3
ham,"Dizzamn, aight I'll ask my suitemates when I get back",53.0,10.0,dizzamn aight ask suitemates get back,37,6
ham,"Nimbomsons. Yep phone knows that one. Obviously, cos thats a real word",70.0,12.0,nimbomsons yep phone know one obviously co thats real word,58,10
ham,I love to cuddle! I want to hold you in my strong arms right now...,67.0,15.0,love cuddle want hold strong arm right,38,7
ham,R u in this continent?,22.0,5.0,continent,9,1
ham,We'll you pay over like  &lt,28.0,6.0,pay like lt,11,3
spam,Bored housewives! Chat n date now! 0871750.77.11! BT-national rate 10p/min only from landlines!,95.0,13.0,bored housewife chat date bt national rate min landline,55,9
spam,We tried to call you re your reply to our sms for a video mobile 750 mins UNLIMITED TEXT free camcorder Reply or call now 08000930705 Del Thurs,143.0,28.0,tried call reply sm video mobile min unlimited text free camcorder reply call del thurs,87,15
ham,K...k...when will you give treat?,33.0,5.0,give treat,10,2
spam,"This is the 2nd time we have tried to contact u. U have won the å£400 prize. 2 claim is easy, just call 087104711148 NOW! Only 10p per minute. BT-national-rate",159.0,30.0,nd time tried contact prize claim easy call per minute bt national rate,71,13
ham,He's just gonna worry for nothing. And he won't give you money its no use.,74.0,15.0,gon na worry nothing give money use,35,7
ham,Did you get any gift? This year i didnt get anything. So bad,60.0,13.0,get gift year didnt get anything bad,36,7
ham,somewhere out there beneath the pale moon light someone think in of u some where out there where dreams come true... goodnite &amp,130.0,23.0,somewhere beneath pale moon light someone think dream come true goodnite amp,76,12
ham,Well there's a pattern emerging of my friends telling me to drive up and come smoke with them and then telling me that I'm a weed fiend/make them smoke too much/impede their doing other things so you see how I'm hesitant,220.0,41.0,well pattern emerging friend telling drive come smoke telling weed fiend make smoke much impede thing see hesitant,114,18
ham,", ow u dey.i paid 60,400thousad.i told  u would call . ",55.0,11.0,ow dey paid thousad told would call,35,7
ham,IM FINE BABES AINT BEEN UP 2 MUCH THO! SAW SCARY MOVIE YEST ITS QUITE FUNNY! WANT 2MRW AFTERNOON? AT TOWN OR MALL OR SUMTHIN?xx,127.0,25.0,im fine babe aint much tho saw scary movie yest quite funny want mrw afternoon town mall sumthin xx,99,19
ham,I'm reaching home in 5 min.,27.0,6.0,reaching home min,17,3
ham,"Forgot you were working today! Wanna chat, but things are ok so drop me a text when you're free / bored etc and i'll ring. Hope all is well, nose essay and all xx",162.0,34.0,forgot working today wan na chat thing ok drop text free bored etc ring hope well nose essay xx,95,19
ham,Ha... Then we must walk to everywhere... Cannot take tram. My cousin said can walk to vic market from our hotel ,112.0,21.0,ha must walk everywhere take tram cousin said walk vic market hotel,67,12
spam,"Wan2 win a Meet+Greet with Westlife 4 U or a m8? They are currently on what tour? 1)Unbreakable, 2)Untamed, 3)Unkempt. Text 1,2 or 3 to 83049. Cost 50p +std text",161.0,30.0,wan win meet greet westlife currently tour unbreakable untamed unkempt text cost std text,89,14
spam,Please call our customer service representative on FREEPHONE 0808 145 4742 between 9am-11pm as you have WON a guaranteed å£1000 cash or å£5000 prize!,149.0,24.0,please call customer service representative freephone pm guaranteed cash prize,78,10
ham,Discussed with your mother ah?,30.0,5.0,discussed mother ah,19,3
ham,Ok.,3.0,1.0,ok,2,1
ham,"Sorry, I can't text &amp",24.0,5.0,sorry text amp,14,3
spam,You will be receiving this week's Triple Echo ringtone shortly. Enjoy it!,73.0,12.0,receiving week triple echo ringtone shortly enjoy,49,7
ham,In which place i can get rooms cheap:-),39.0,8.0,place get room cheap,20,4
ham,Eek that's a lot of time especially since American Pie is like 8 minutes long. I can't stop singing it.,103.0,20.0,eek lot time especially since american pie like minute long stop singing,72,12
ham,"\GRAN ONLYFOUND OUT AFEW DAYS AGO.CUSOON HONI\""""",48.0,7.0,gran onlyfound afew day ago cusoon honi,39,7
spam,"U've been selected to stay in 1 of 250 top British hotels - FOR NOTHING! Holiday valued at å£350! Dial 08712300220 to claim - National Rate Call. Bx526, SW73SS",159.0,29.0,selected stay top british hotel nothing holiday valued dial claim national rate call bx sw s,92,16
ham,University of southern california.,34.0,4.0,university southern california,30,3
ham,We have to pick rayan macleran there.,37.0,7.0,pick rayan macleran,19,3
ham,U gd lor go shopping i got stuff to do. U wan 2 watch infernal affairs a not? Come lar...,89.0,20.0,gd lor go shopping got stuff wan watch infernal affair come lar,63,12
ham,Well. Balls. Time to make calls,31.0,6.0,well ball time make call,24,5
ham,Wat time Ì_ wan today?,22.0,5.0,wat time wan today,18,4
ham, &lt,4.0,1.0,lt,2,1
ham,Oh ok.. Wat's ur email?,23.0,5.0,oh ok wat ur email,18,5
ham,"Yes, princess. Are you going to make me moan?",45.0,9.0,yes princess going make moan,28,5
ham,Lol its ok I didn't remember til last nite,42.0,9.0,lol ok remember til last nite,29,6
ham,"[Û_] anyway, many good evenings to u! s",40.0,8.0,anyway many good evening,24,4
ham,"Cool, I'll text you in a few",28.0,7.0,cool text,9,2
ham,"Sorry vikky, i'm Watching olave mandara movie kano in trishul theatre wit my frnds..",84.0,14.0,sorry vikky watching olave mandara movie kano trishul theatre wit frnds,71,11
ham,I'm very happy for you babe ! Woo hoo party on dude!,52.0,12.0,happy babe woo hoo party dude,29,6
ham,I am taking you for italian food. How about a pretty dress with no panties? :),78.0,16.0,taking italian food pretty dress panty,38,6
ham,Wot u up 2? Thout u were gonna call me!! Txt bak luv K,54.0,14.0,wot thout gon na call txt bak luv,33,8
spam,YOU ARE CHOSEN TO RECEIVE A å£350 AWARD! Pls call claim number 09066364311 to collect your award which you are selected to receive as a valued mobile customer.,159.0,28.0,chosen receive award pls call claim number collect award selected receive valued mobile customer,96,14
ham,How are you holding up?,23.0,5.0,holding,7,1
ham,Dont flatter yourself... Tell that man of mine two pints of carlin in ten minutes please.... ,93.0,16.0,dont flatter tell man mine two pint carlin ten minute please,60,11
ham,Hope you are not scared!,24.0,5.0,hope scared,11,2
ham,I cant pick the phone right now. Pls send a message,51.0,11.0,cant pick phone right pls send message,38,7
ham,I'm at home n ready...,22.0,5.0,home ready,10,2
spam,Please call our customer service representative on FREEPHONE 0808 145 4742 between 9am-11pm as you have WON a guaranteed å£1000 cash or å£5000 prize!,149.0,24.0,please call customer service representative freephone pm guaranteed cash prize,78,10
ham,What time do u get out?,23.0,6.0,time get,8,2
ham,I am literally in bed and have been up for like  &lt,52.0,12.0,literally bed like lt,21,4
ham,"Yes, my reg is  Ciao!",21.0,5.0,yes reg ciao,12,3
ham,If You mean the website. Yes.,29.0,6.0,mean website yes,16,3
spam,Win a å£1000 cash prize or a prize worth å£5000,47.0,10.0,win cash prize prize worth,26,5
spam,"Thanks for your ringtone order, reference number X49.Your mobile will be charged 4.50. Should your tone not arrive please call customer services 09065989182",156.0,23.0,thanks ringtone order reference number mobile charged tone arrive please call customer service,94,13
ham,Lol or I could just starve and lose a pound by the end of the day.,66.0,16.0,lol could starve lose pound end day,35,7
ham,Yeah that's the impression I got,32.0,6.0,yeah impression got,19,3
ham,Ok ok take care. I can understand.,34.0,7.0,ok ok take care understand,26,5
ham,"Motivate Behind every darkness, there is a shining light waiting for you to find it... Behind every best friend, there is always trust and love... BSLVYL",153.0,26.0,motivate behind every darkness shining light waiting find behind every best friend always trust love bslvyl,107,16
ham,"Ya ok, then had dinner?",23.0,5.0,ya ok dinner,12,3
ham,I was slept that time.you there?,32.0,6.0,slept time,10,2
ham,dont make ne plans for nxt wknd coz she wants us to come down then ok,69.0,16.0,dont make ne plan nxt wknd coz want u come ok,45,11
ham,When is school starting. Where will you stay. What's the weather like. And the food. Do you have a social support system like friends in the school. All these things are important.,180.0,32.0,school starting stay weather like food social support system like friend school thing important,95,14
ham,"Ha ha nan yalrigu heltini..Iyo kothi chikku, u shared many things wit me..so far i didn't told any body and even uttered a word abt u.. If ur trusting me so much how can i tell these to others.. Plz nxt time dont use those words to me..ok, chikku:-)",249.0,49.0,ha ha nan yalrigu heltini iyo kothi chikku shared many thing wit far told body even uttered word abt ur trusting much tell others plz nxt time dont use word ok chikku,166,32
ham,Noice. Text me when you're here,31.0,6.0,noice text,10,2
ham,Hi di is yijue we're meeting at 7 pm at esaplanade tonight.,59.0,12.0,hi di yijue meeting pm esaplanade tonight,41,7
spam,Moby Pub Quiz.Win a å£100 High Street prize if u know who the new Duchess of Cornwall will be? Txt her first name to 82277.unsub STOP å£1.50 008704050406 SP,156.0,29.0,moby pub quiz win high street prize know new duchess cornwall txt first name unsub stop sp,90,17
spam,"This weeks SavaMob member offers are now accessible. Just call 08709501522 for details! SavaMob, POBOX 139, LA3 2WU. Only å£1.50/week. SavaMob - offers mobile!",159.0,24.0,week savamob member offer accessible call detail savamob pobox la wu week savamob offer mobile,94,15
ham,"Aight I've been set free, think you could text me blake's address? It occurs to me I'm not quite as sure what I'm doing as I thought I was",138.0,29.0,aight set free think could text blake address occurs quite sure thought,71,12
ham,Hi dear we saw dear. We both are happy. Where you my battery is low,67.0,15.0,hi dear saw dear happy battery low,34,7
ham,How are you. Its been ages. How's abj,37.0,8.0,age abj,7,2
ham,Prof: you have passed in all the papers in this sem congrats . . . . Student: Enna kalaachutaarama..!! Prof:???? Gud mrng!,122.0,22.0,prof passed paper sem congrats student enna kalaachutaarama prof gud mrng,73,11
ham,Dont kick coco when he's down,29.0,6.0,dont kick coco,14,3
ham,Fyi I'm gonna call you sporadically starting at like  &lt,57.0,10.0,fyi gon na call sporadically starting like lt,45,8
spam,"You are being contacted by our Dating Service by someone you know! To find out who it is, call from your mobile or landline 09064017305 PoBox75LDNS7 ",149.0,26.0,contacted dating service someone know find call mobile landline pobox ldns,74,11
spam,TBS/PERSOLVO. been chasing us since Sept forå£38 definitely not paying now thanks to your information. We will ignore them. Kath. Manchester.,141.0,21.0,tb persolvo chasing u since sept definitely paying thanks information ignore kath manchester,92,13
ham,Hope youåÕre not having too much fun without me!! see u tomorrow love jess x,76.0,15.0,hope much fun without see tomorrow love jess,44,8
ham,Ok i wont call or disturb any one. I know all are avoiding me. I am a burden for all,84.0,20.0,ok wont call disturb one know avoiding burden,45,8
ham,I've reached home n i bathe liao... U can call me now...,56.0,12.0,reached home bathe liao call,28,5
spam,Loans for any purpose even if you have Bad Credit! Tenants Welcome. Call NoWorriesLoans.com on 08717111821,106.0,16.0,loan purpose even bad credit tenant welcome call noworriesloans com,67,10
ham,Was the actual exam harder than NBME,36.0,7.0,actual exam harder nbme,23,4
ham,A lot of this sickness thing going round. Take it easy. Hope u feel better soon. Lol,84.0,17.0,lot sickness thing going round take easy hope feel better soon lol,66,12
ham,"God picked up a flower and dippeditinaDEW, lovingly touched itwhichturnedinto u, and the he gifted tomeandsaid,THIS FRIEND IS 4U",128.0,19.0,god picked flower dippeditinadew lovingly touched itwhichturnedinto gifted tomeandsaid friend,93,10
spam,87077: Kick off a new season with 2wks FREE goals & news to ur mobile! Txt ur club name to 87077 eg VILLA to 87077,114.0,25.0,kick new season wks free goal news ur mobile txt ur club name eg villa,70,15
ham,Hey sathya till now we dint meet not even a single time then how can i saw the situation sathya.,96.0,20.0,hey sathya till dint meet even single time saw situation sathya,63,11
ham,Gam gone after outstanding innings.,35.0,5.0,gam gone outstanding inning,27,4
ham,O i played smash bros  &lt,26.0,6.0,played smash bros lt,20,4
ham,"Sir, good morning. Hope you had a good weekend. I called to let you know that i was able to raise  &lt",102.0,22.0,sir good morning hope good weekend called let know able raise lt,64,12
ham,Hurry home. Soup is DONE!,25.0,5.0,hurry home soup done,20,4
ham,No no. I will check all rooms befor activities,46.0,9.0,check room befor activity,25,4
ham,"Good afternoon, my love. It was good to see your words on YM and get your tm. Very smart move, my slave ... *smiles* ... I drink my coffee and await you.",153.0,32.0,good afternoon love good see word ym get tm smart move slave smile drink coffee await,85,16
ham,Quite ok but a bit ex... U better go eat smth now else i'll feel guilty...,74.0,16.0,quite ok bit ex better go eat smth else feel guilty,51,11
spam,"Orange brings you ringtones from all time Chart Heroes, with a free hit each week! Go to Ringtones & Pics on wap. To stop receiving these tips reply STOP.",154.0,29.0,orange brings ringtones time chart hero free hit week go ringtones pic wap stop receiving tip reply stop,104,18
ham,Lemme know when you're here,27.0,5.0,lem know,8,2
spam,PRIVATE! Your 2003 Account Statement for 07973788240 shows 800 un-redeemed S. I. M. points. Call 08715203649 Identifier Code: 40533 Expires 31/10/04,148.0,21.0,private account statement show un redeemed point call identifier code expires,77,11
ham,He needs to stop going to bed and make with the fucking dealing,63.0,13.0,need stop going bed make fucking dealing,40,7
ham,"How are you, my Love ? Are you with your brother ? Time to talk english with him ? *grins* Say : Hey Muhommad, Penny says hello from across the sea",147.0,31.0,love brother time talk english grin say hey muhommad penny say hello across sea,79,14
spam,We tried to call you re your reply to our sms for a video mobile 750 mins UNLIMITED TEXT + free camcorder Reply of call 08000930705 Now,135.0,27.0,tried call reply sm video mobile min unlimited text free camcorder reply call,77,13
ham,Hey doc pls I want to get nice t shirt for my hubby nice fiting ones my budget is  &lt,86.0,20.0,hey doc pls want get nice shirt hubby nice fiting one budget lt,63,13
ham,I remain unconvinced that this isn't an elaborate test of my willpower,70.0,12.0,remain unconvinced elaborate test willpower,43,5
ham,"\Life is nothing wen v get everything\"". But \""life is everything wen v miss something \"". Real value of people wil be realized only in their absence.... gud mrng""",163.0,29.0,life nothing wen get everything life everything wen miss something real value people wil realized absence gud mrng,114,18
ham,how are you? I miss you!,24.0,6.0,miss,4,1
ham,I ain't answerin no phone at what is actually a pretty reasonable hour but I'm sleepy,85.0,16.0,answerin phone actually pretty reasonable hour sleepy,53,7
ham,"Hey , is * rite u put åÈ10 evey mnth is that all?",49.0,13.0,hey rite put evey mnth,22,5
ham,i am going to bed now prin,26.0,7.0,going bed prin,14,3
ham,I think just yourself Û_Thanks and see you tomo,48.0,9.0,think thanks see tomo,21,4
ham,If u dun drive then how i go 2 sch.,35.0,10.0,dun drive go sch,16,4
ham,I not at home now lei...,24.0,6.0,home lei,8,2
spam,GSOH? Good with SPAM the ladies?U could b a male gigolo? 2 join the uk's fastest growing mens club reply ONCALL. mjzgroup. 08714342399.2stop reply STOP. msg@å£1.50rcvd,167.0,26.0,gsoh good spam lady could male gigolo join uk fastest growing men club reply oncall mjzgroup stop reply stop msg rcvd,117,21
ham,Ok then i will come to ur home after half an hour,49.0,12.0,ok come ur home half hour,25,6
spam,U have a secret admirer who is looking 2 make contact with U-find out who they R*reveal who thinks UR so special-call on 09058094599,132.0,24.0,secret admirer looking make contact find reveal think ur special call,69,11
ham,Do u hav any frnd by name ashwini in ur college?,48.0,11.0,hav frnd name ashwini ur college,32,6
ham,Jus finish my lunch on my way home lor... I tot u dun wan 2 stay in sch today...,80.0,19.0,jus finish lunch way home lor tot dun wan stay sch today,56,12
ham,K then 2marrow are you coming to class.,39.0,8.0,marrow coming class,19,3
spam,"HOT LIVE FANTASIES call now 08707500020 Just 20p per min NTT Ltd, PO Box 1327 Croydon CR9 5WB 0870 is a national rate call",122.0,24.0,hot live fantasy call per min ntt ltd po box croydon cr wb national rate call,77,16
ham,Pls send me your address sir.,29.0,6.0,pls send address sir,20,4
ham,I want to lick your pussy now...,32.0,7.0,want lick pussy,15,3
ham,"Yo, you gonna still be in stock tomorrow/today? I'm trying to get a dubsack",75.0,14.0,yo gon na still stock tomorrow today trying get dubsack,55,10
spam,URGENT! Your Mobile number has been awarded a <UKP>2000 prize GUARANTEED. Call 09061790125 from landline. Claim 3030. Valid 12hrs only 150ppm,141.0,21.0,urgent mobile number awarded ukp prize guaranteed call landline claim valid hr ppm,82,13
ham,"I'll see, but prolly yeah",25.0,5.0,see prolly yeah,15,3
ham,Thought we could go out for dinner. I'll treat you! Seem ok?,60.0,12.0,thought could go dinner treat seem ok,37,7
ham,Where are you ? What do you do ? How can you stand to be away from me ? Doesn't your heart ache without me ? Don't you wonder of me ? Don't you crave me ?,154.0,37.0,stand away heart ache without wonder crave,42,7
ham,Sorry. You never hear unless you book it. One was kinda a joke--thet were really looking for skinny white girls. The other was one line--you can only do so much on camera with that. Something like that they're casting on the look.,230.0,42.0,sorry never hear unless book one kinda joke thet really looking skinny white girl one line much camera something like casting look,130,22
ham,What you doing?how are you?,27.0,5.0,,0,0
ham,"Sure thing big man. i have hockey elections at 6, shouldnÛ÷t go on longer than an hour though",94.0,18.0,sure thing big man hockey election go longer hour though,56,10
ham,Watch lor. I saw a few swatch one i thk quite ok. Ard 116 but i need 2nd opinion leh...,87.0,20.0,watch lor saw swatch one thk quite ok ard need nd opinion leh,61,13
ham,Hiya do u like the hlday pics looked horrible in them so took mo out! Hows the camp Amrca thing? Speak soon Serena:),116.0,23.0,hiya like hlday pic looked horrible took mo hows camp amrca thing speak soon serena,83,15
ham,"Babe! How goes that day ? What are you up to ? I miss you already, my Love ... * loving kiss* ... I hope everything goes well.",126.0,28.0,babe go day miss already love loving kiss hope everything go well,65,12
ham,Yunny... I'm goin to be late,28.0,6.0,yunny goin late,15,3
ham,Doc prescribed me morphine cause the other pain meds aren't enough. Waiting for my mom to bring it. That med should kick in fast so I'm gonna try to be on later,160.0,32.0,doc prescribed morphine cause pain med enough waiting mom bring med kick fast gon na try later,94,17
ham,"Cool, want me to go to kappa or should I meet you outside mu",60.0,14.0,cool want go kappa meet outside mu,34,7
ham,"Hey sexy buns ! Have I told you ? I adore you, loverboy. I hope you remember to thank your sister in law for those meatballs *grins* ... i love you, babe",153.0,32.0,hey sexy bun told adore loverboy hope remember thank sister law meatball grin love babe,87,15
ham,May b approve panalam...but it should have more posts..,55.0,9.0,may approve panalam post,24,4
spam,"SPJanuary Male Sale! Hot Gay chat now cheaper, call 08709222922. National rate from 1.5p/min cheap to 7.8p/min peak! To stop texts call 08712460324 (10p/min)",157.0,24.0,spjanuary male sale hot gay chat cheaper call national rate min cheap min peak stop text call min,97,18
ham,"Sorry, I'll call later",22.0,4.0,sorry call later,16,3
ham,I dont thnk its a wrong calling between us,42.0,9.0,dont thnk wrong calling u,25,5
ham,Me i'm not workin. Once i get job...,36.0,8.0,workin get job,14,3
ham,And by when you're done I mean now,34.0,8.0,done mean,9,2
ham,\Its Ur luck to Love someone. Its Ur fortune to Love the one who Loves U. But,77.0,17.0,ur luck love someone ur fortune love one love,45,9
ham,Hi baby ive just got back from work and i was wanting to see u allday! I hope i didnt piss u off on the phone today. If u are up give me a call xxx,147.0,36.0,hi baby ive got back work wanting see allday hope didnt piss phone today give call xxx,86,17
spam,FreeMsg Today's the day if you are ready! I'm horny & live in your town. I love sex fun & games! Netcollex Ltd 08700621170150p per msg reply Stop to end,152.0,30.0,freemsg today day ready horny live town love sex fun game netcollex ltd per msg reply stop end,94,18
ham,Is it your yahoo boys that bring in the perf? Or legal.,55.0,12.0,yahoo boy bring perf legal,26,5
ham,No need to say anything to me. I know i am an outsider,54.0,13.0,need say anything know outsider,31,5
ham,have you ever had one foot before?,34.0,7.0,ever one foot,13,3
ham,Just got to  &lt,16.0,4.0,got lt,6,2
ham,"Good! No, donÛ÷t need any receiptsÛÓwell done! (Û_) Yes, please tell . WhatÛ÷s her number, i could ring her",111.0,19.0,good need receipt well done yes please tell number could ring,61,11
ham,"Ever green quote ever told by Jerry in cartoon \A Person Who Irritates u Always Is the one Who Loves u Vry Much But Fails to Express It...!..!! :-) :-) gud nyt""",160.0,32.0,ever green quote ever told jerry cartoon person irritates always one love vry much fails express gud nyt,104,18
ham,Leave it wif me lar... ÌÏ wan to carry meh so heavy... Is da num 98321561 familiar to Ì_?,89.0,19.0,leave wif lar wan carry meh heavy da num familiar,49,10
ham,Beautiful truth : Expression of the face could Be seen by everyone... But the depression of heart Could be understood only By the Loved ones.. Gud Ni8,150.0,27.0,beautiful truth expression face could seen everyone depression heart could understood loved one gud ni,102,15
ham,Infact happy new year. How are you where are you when are we seeing,67.0,14.0,infact happy new year seeing,28,5
spam,"In The Simpsons Movie released in July 2007 name the band that died at the start of the film? A-Green Day, B-Blue Day, C-Red Day. (Send A, B or C)",146.0,30.0,simpson movie released july name band died start film green day blue day red day send,85,16
ham,That's a shame! Maybe cld meet for few hrs tomo?,48.0,10.0,shame maybe cld meet hr tomo,28,6
ham,Lol I would but despite these cramps I like being a girl.,57.0,12.0,lol would despite cramp like girl,33,6
ham,I canåÕt wait for cornwall. Hope tonight isnåÕt too bad as well but itåÕs rock night shite. Anyway iåÕm going for a kip now have a good night. Speak to you soon.,161.0,32.0,wait cornwall hope tonight bad well rock night shite anyway going kip good night speak soon,91,16
ham,Pls help me tell sura that i'm expecting a battery from hont. And that if should pls send me a message about how to download movies. Thanks,139.0,27.0,pls help tell sura expecting battery hont pls send message download movie thanks,80,13
spam,Please call Amanda with regard to renewing or upgrading your current T-Mobile handset free of charge. Offer ends today. Tel 0845 021 3680 subject to T's and C's,160.0,28.0,please call amanda regard renewing upgrading current mobile handset free charge offer end today tel subject,107,16
ham,"Haven't found a way to get another app for your phone, eh ? Will you go to the net cafe ? Did you take that job? Geeee I need you babe. I crave to see you ...",158.0,37.0,found way get another app phone eh go net cafe take job geeee need babe crave see,81,17
ham,I only work from mon to thurs but Sat i cant leh... Booked liao... Which other day u free?,90.0,19.0,work mon thurs sat cant leh booked liao day free,48,10
ham,ÌÏ comin to fetch us oredi...,29.0,6.0,comin fetch u oredi,19,4
ham,What's nannys address?,22.0,3.0,nanny address,13,2
spam,"URGENT!! Your 4* Costa Del Sol Holiday or å£5000 await collection. Call 09050090044 Now toClaim. SAE, TC s, POBox334, Stockport, SK38xh, Costå£1.50/pm, Max10mins",161.0,23.0,urgent costa del sol holiday await collection call toclaim sae tc pobox stockport sk xh cost pm max min,103,19
ham,Haf u eaten? Wat time u wan me 2 come?,38.0,10.0,haf eaten wat time wan come,27,6
spam,Want a new Video Phone? 750 anytime any network mins? Half price line rental free text for 3 months? Reply or call 08000930705 for free delivery,144.0,26.0,want new video phone anytime network min half price line rental free text month reply call free delivery,104,18
ham,"Yo, call me when you get the chance, a friend of mine wanted me to ask you about a big order",92.0,21.0,yo call get chance friend mine wanted ask big order,51,10
ham,This single single answers are we fighting? Plus i said am broke and you didnt reply,84.0,16.0,single single answer fighting plus said broke didnt reply,57,9
ham,It certainly puts things into perspective when something like this happens,74.0,11.0,certainly put thing perspective something like happens,54,7
ham,Now got tv 2 watch meh? U no work today?,40.0,10.0,got tv watch meh work today,27,6
ham,i felt so...not any conveying reason.. Ese he... What about me?,63.0,11.0,felt conveying reason ese,25,4
spam,Had your mobile 11 months or more? U R entitled to Update to the latest colour mobiles with camera for Free! Call The Mobile Update Co FREE on 08002986030,154.0,29.0,mobile month entitled update latest colour mobile camera free call mobile update co free,88,14
ham,How's it going? Got any exciting karaoke type activities planned? I'm debating whether to play football this eve. Feeling lazy though.,134.0,21.0,going got exciting karaoke type activity planned debating whether play football eve feeling lazy though,103,15
ham,I told that am coming on wednesday.,35.0,7.0,told coming wednesday,21,3
ham,"Its ok, called mom instead have fun",35.0,7.0,ok called mom instead fun,25,5
spam,"Dear Voucher Holder, To claim this weeks offer, at your PC please go to http://www.wtlp.co.uk/text. Ts&Cs apply.",112.0,17.0,dear voucher holder claim week offer pc please go http www wtlp co uk text t c apply,84,18
ham,Well if I'm that desperate I'll just call armand again,54.0,10.0,well desperate call armand,26,4
ham,Are you at work right now ?,27.0,7.0,work right,10,2
spam,Congrats! Nokia 3650 video camera phone is your Call 09066382422 Calls cost 150ppm Ave call 3mins vary from mobiles 16+ Close 300603 post BCM4284 Ldn WC1N3XX,157.0,26.0,congrats nokia video camera phone call call cost ppm ave call min vary mobile close post bcm ldn wc xx,102,20
ham,Haven't heard anything and he's not answering my texts so I'm guessing he flaked. That said the jb is fantastic,111.0,20.0,heard anything answering text guessing flaked said jb fantastic,63,9
ham,"Mmmmmm ... I love you,so much, Ahmad ... I can't wait for this year to begin as every second takes me closer to being at your side. Happy New Year, my love!!",157.0,32.0,mmmmmm love much ahmad wait year begin every second take closer side happy new year love,88,16
ham,Pls what's the full name of joke's school cos fees in university of florida seem to actually be  &lt,100.0,19.0,pls full name joke school co fee university florida seem actually lt,68,12
ham,"Sorry, I'll call later",22.0,4.0,sorry call later,16,3
ham,Ok... But they said i've got wisdom teeth hidden inside n mayb need 2 remove.,77.0,15.0,ok said got wisdom teeth hidden inside mayb need remove,55,10
ham,And pls pls drink plenty plenty water,37.0,7.0,pls pls drink plenty plenty water,33,6
ham,How are you doing. How's the queen. Are you going for the royal wedding,71.0,14.0,queen going royal wedding,25,4
ham,He's in lag. That's just the sad part but we keep in touch thanks to skype,74.0,16.0,lag sad part keep touch thanks skype,36,7
ham,Ok lor then we go tog lor...,28.0,7.0,ok lor go tog lor,17,5
ham,Two teams waiting for some players,34.0,6.0,two team waiting player,23,4
ham,Can Ì_ send me a copy of da report?,35.0,9.0,send copy da report,19,4
ham,"swhrt how u dey,hope ur ok, tot about u 2day.love n miss.take care.",67.0,13.0,swhrt dey hope ur ok tot day love miss take care,48,11
ham,"Ok da, i already planned. I wil pick you.",41.0,9.0,ok da already planned wil pick,30,6
spam,"Urgent! Please call 0906346330. Your ABTA complimentary 4* Spanish Holiday or å£10,000 cash await collection SAE T&Cs BOX 47 PO19 2EZ 150ppm 18+",144.0,23.0,urgent please call abta complimentary spanish holiday cash await collection sae c box po ez ppm,95,16
ham,"Sorry, I'll call later in meeting",33.0,6.0,sorry call later meeting,24,4
ham,I just really need shit before tomorrow and I know you won't be awake before like 6,83.0,17.0,really need shit tomorrow know awake like,41,7
ham,I'm good. Have you registered to vote?,38.0,7.0,good registered vote,20,3
ham,"Hmm ok, i'll stay for like an hour cos my eye is really sore!",61.0,14.0,hmm ok stay like hour co eye really sore,40,9
ham,Dear got bus directly to calicut,32.0,6.0,dear got bus directly calicut,29,5
ham,Mm umma ask vava also to come tell him can play later together,62.0,13.0,mm umma ask vava also come tell play later together,51,10
ham,Well the general price is  &lt,30.0,6.0,well general price lt,21,4
ham,"Sorry, I'll call later",22.0,4.0,sorry call later,16,3
ham,"Each Moment in a day,has its own value-Morning brings hope,afternoon brings faith,Evening brings luv,Night brings rest,Wish u find them all today.Good Morning",158.0,22.0,moment day value morning brings hope afternoon brings faith evening brings luv night brings rest wish find today good morning,125,20
ham,&lt,3.0,1.0,lt,2,1
ham,Ok i'm coming home now.,23.0,5.0,ok coming home,14,3
ham,Can not use foreign stamps in this country.,43.0,8.0,use foreign stamp country,25,4
spam,"Double mins and txts 4 6months FREE Bluetooth on Orange. Available on Sony, Nokia Motorola phones. Call MobileUpd8 on 08000839402 or call2optout/N9DX",149.0,22.0,double min txts month free bluetooth orange available sony nokia motorola phone call mobileupd call optout dx,109,17
ham,"Sorry, it's a lot of friend-of-a-friend stuff, I'm just now about to talk to the actual guy who wants to buy",108.0,21.0,sorry lot friend friend stuff talk actual guy want buy,54,10
spam,FREE for 1st week! No1 Nokia tone 4 ur mob every week just txt NOKIA to 8007 Get txting and tell ur mates www.getzed.co.uk POBox 36504 W45WQ norm150p/tone 16+,158.0,29.0,free st week nokia tone ur mob every week txt nokia get txting tell ur mate www getzed co uk pobox wq norm tone,111,24
spam,"Want to funk up ur fone with a weekly new tone reply TONES2U 2 this text. www.ringtones.co.uk, the original n best. Tones 3GBP network operator rates apply",155.0,27.0,want funk ur fone weekly new tone reply tone text www ringtones co uk original best tone gbp network operator rate apply,120,22
spam,"cmon babe, make me horny, *turn* me on! Txt me your fantasy now babe -) Im hot, sticky and need you now. All replies cost å£1.50. 2 cancel send STOP",148.0,30.0,cmon babe make horny turn txt fantasy babe im hot sticky need reply cost cancel send stop,89,17
ham,I will come tomorrow di,23.0,5.0,come tomorrow di,16,3
ham,Wylie update: my weed dealer carlos went to freedom and had a class with lunsford,81.0,15.0,wylie update weed dealer carlos went freedom class lunsford,59,9
ham,Are you happy baby ? Are you alright ? Did you take that job ? I hope your fine. I send you a kiss to make you smile from across the sea ... *kiss* *kiss*,154.0,35.0,happy baby alright take job hope fine send kiss make smile across sea kiss kiss,79,15
ham,C movie is juz last minute decision mah. Juz watch 2 lar but i tot Ì_ not interested.,85.0,18.0,movie juz last minute decision mah juz watch lar tot interested,63,11
ham,How are you enjoying this semester? Take care brother.,54.0,9.0,enjoying semester take care brother,35,5
spam,IMPORTANT INFORMATION 4 ORANGE USER 0796XXXXXX. TODAY IS UR LUCKY DAY!2 FIND OUT WHY LOG ONTO http://www.urawinner.com THERE'S A FANTASTIC PRIZEAWAITING YOU!,157.0,22.0,important information orange user xxxxxx today ur lucky day find log onto http www urawinner com fantastic prizeawaiting,120,18
ham,"Get the door, I'm here",22.0,5.0,get door,8,2
ham,"Lets use it next week, princess :)",34.0,7.0,let use next week princess,26,5
ham,Or i go home first lar Ì_ wait 4 me lor.. I put down my stuff first..,69.0,17.0,go home first lar wait lor put stuff first,42,9
ham,I want kfc its Tuesday. Only buy 2 meals ONLY 2. No gravy. Only 2 Mark. 2!,74.0,17.0,want kfc tuesday buy meal gravy mark,36,7
ham,No da:)he is stupid da..always sending like this:)don believe any of those message.pandy is a mental:),102.0,16.0,da stupid da always sending like believe message pandy mental,61,10
ham,Oi when you gonna ring,22.0,5.0,oi gon na ring,14,4
spam,Missed call alert. These numbers called but left no message. 07008009200,72.0,11.0,missed call alert number called left message,44,7
ham,I attended but nothing is there.,32.0,6.0,attended nothing,16,2
ham,Ard 530 like dat lor. We juz meet in mrt station then Ì_ dun haf to come out.,77.0,18.0,ard like dat lor juz meet mrt station dun haf come,50,11
ham,No dear i was sleeping :-P,26.0,6.0,dear sleeping,13,2
ham,Er mw im filled tuth is aight,29.0,7.0,er mw im filled tuth aight,26,6
ham,Will be office around 4 pm. Now i am going hospital.,52.0,11.0,office around pm going hospital,31,5
ham,Actually i'm waiting for 2 weeks when they start putting ad.,60.0,11.0,actually waiting week start putting ad,38,6
ham,Anything lor if they all go then i go lor...,44.0,10.0,anything lor go go lor,22,5
ham,U free on sat rite? U wan 2 watch infernal affairs wif me n darren n mayb xy?,77.0,18.0,free sat rite wan watch infernal affair wif darren mayb xy,58,11
ham,Plz note: if anyone calling from a mobile Co. &amp,50.0,10.0,plz note anyone calling mobile co amp,37,7
ham,Yo you around? A friend of mine's lookin to pick up later tonight,65.0,13.0,yo around friend mine lookin pick later tonight,47,8
ham,Stupid auto correct on my phone,31.0,6.0,stupid auto correct phone,25,4
ham,Double eviction this week - Spiral and Michael and good riddance to them!,73.0,13.0,double eviction week spiral michael good riddance,49,7
ham,"\The world suffers a lot... Not because of the violence of bad people. But because of the silence of good people!\""",115.0,21.0,world suffers lot violence bad people silence good people,57,9
ham,"Ok thats cool. Its , just off either raglan rd or edward rd. Behind the cricket ground. Gimme ring when ur closeby see you tuesday.",131.0,25.0,ok thats cool either raglan rd edward rd behind cricket ground gim ring ur closeby see tuesday,94,17
ham,Buy one egg for me da..please:),31.0,6.0,buy one egg da please,21,5
ham,Have you started in skye,24.0,5.0,started skye,12,2
ham,Have you bookedthe hut? And also your time off? How are you by the way?,71.0,15.0,bookedthe hut also time way,27,5
ham,And several to you sir.,23.0,5.0,several sir,11,2
ham,U really pig leh sleep so much. My dad wake me up at 10 smth 2 eat lunch today.,79.0,19.0,really pig leh sleep much dad wake smth eat lunch today,55,11
ham,I'm at home. Please call,24.0,5.0,home please call,16,3
ham,My love ... I hope your not doing anything drastic. Don't you dare sell your pc or your phone ...,97.0,20.0,love hope anything drastic dare sell pc phone,45,8
ham,Now only i reached home. . . I am very tired now. . I will come tomorro,71.0,17.0,reached home tired come tomorro,31,5
spam,FREEMSG: Our records indicate you may be entitled to 3750 pounds for the Accident you had. To claim for free reply with YES to this msg. To opt out text STOP,157.0,31.0,freemsg record indicate may entitled pound accident claim free reply yes msg opt text stop,90,15
spam,"U can WIN å£100 of Music Gift Vouchers every week starting NOW Txt the word DRAW to 87066 TsCs www.Idew.com SkillGame, 1Winaweek, age16. 150ppermessSubscription",160.0,24.0,win music gift voucher every week starting txt word draw tscs www idew com skillgame winaweek age ppermesssubscription,118,18
ham,Life style garments account no please.,38.0,6.0,life style garment account please,33,5
ham,Lol wtf random. Btw is that your lunch break,44.0,9.0,lol wtf random btw lunch break,30,6
ham,"Sez, hows u & de arab boy? Hope u r all good give my love 2 evry1 love ya eshxxxxxxxxxxx",88.0,20.0,sez hows de arab boy hope good give love evry love ya eshxxxxxxxxxxx,68,13
ham,"The LAY MAN! Just to let you know you are missed and thought off. Do have a great day. And if you can send me bimbo and ugo's numbers, ill appreciate. Safe",155.0,32.0,lay man let know missed thought great day send bimbo ugo number ill appreciate safe,83,15
ham,Detroit. The home of snow. Enjoy it.,36.0,7.0,detroit home snow enjoy,23,4
spam,Show ur colours! Euro 2004 2-4-1 Offer! Get an England Flag & 3Lions tone on ur phone! Click on the following service message for info!,135.0,25.0,show ur colour euro offer get england flag lion tone ur phone click following service message info,98,17
ham,Okie...,7.0,1.0,okie,4,1
ham,"Aight, I'm chillin in a friend's room so text me when you're on the way",71.0,15.0,aight chillin friend room text way,34,6
ham,Is toshiba portege m100 gd?,27.0,5.0,toshiba portege gd,18,3
ham,Well welp is sort of a semiobscure internet thing,49.0,9.0,well welp sort semiobscure internet thing,41,6
spam,Text PASS to 69669 to collect your polyphonic ringtones. Normal gprs charges apply only. Enjoy your tones,105.0,17.0,text pas collect polyphonic ringtones normal gprs charge apply enjoy tone,73,11
spam,"accordingly. I repeat, just text the word ok on your mobile phone and send",74.0,14.0,accordingly repeat text word ok mobile phone send,49,8
ham,Loosu go to hospital. De dont let it careless.,46.0,9.0,loosu go hospital de dont let careless,38,7
ham,How much for an eighth?,23.0,5.0,much eighth,11,2
ham,Omg Joanna is freaking me out. She's looked thru all my friends to find photos of me. And then she's asking about stuff on my MySpace which I haven't even logged on in like a year. :/,183.0,37.0,omg joanna freaking looked thru friend find photo asking stuff myspace even logged like year,92,15
ham,"Send ur birthdate with month and year, I will tel u ur LIFE PARTNER'S name. and the method of calculation. Reply must.",118.0,22.0,send ur birthdate month year tel ur life partner name method calculation reply must,83,14
ham,Juz now havent woke up so a bit blur blur... Can? Dad went out liao... I cant cum now oso...,92.0,20.0,juz havent woke bit blur blur dad went liao cant cum oso,56,12
ham,"How about clothes, jewelry, and trips?",38.0,6.0,clothes jewelry trip,20,3
spam,Block Breaker now comes in deluxe format with new features and great graphics from T-Mobile. Buy for just å£5 by replying GET BBDELUXE and take the challenge,157.0,27.0,block breaker come deluxe format new feature great graphic mobile buy replying get bbdeluxe take challenge,106,16
ham,Aah! A cuddle would be lush! I'd need lots of tea and soup before any kind of fumbling!,87.0,18.0,aah cuddle would lush need lot tea soup kind fumbling,53,10
spam,important information 4 orange user . today is your lucky day!2find out why log onto http://www.urawinner.com THERE'S A FANTASTIC SURPRISE AWAITING YOU!,152.0,22.0,important information orange user today lucky day find log onto http www urawinner com fantastic surprise awaiting,114,17
ham,I am late. I will be there at,29.0,8.0,late,4,1
ham,Sad story of a Man - Last week was my b'day. My Wife did'nt wish me. My Parents forgot n so did my Kids . I went to work. Even my Colleagues did not wish.,154.0,35.0,sad story man last week day wife nt wish parent forgot kid went work even colleague wish,88,17
ham,Are you plans with your family set in stone ?,45.0,10.0,plan family set stone,21,4
ham,Pls dont forget to study,24.0,5.0,pls dont forget study,21,4
ham,You'll never believe this but i have actually got off at taunton. Wow,69.0,13.0,never believe actually got taunton wow,38,6
ham,"Den only weekdays got special price... Haiz... Cant eat liao... Cut nails oso muz wait until i finish drivin wat, lunch still muz eat wat... ",141.0,25.0,den weekday got special price haiz cant eat liao cut nail oso muz wait finish drivin wat lunch still muz eat wat,112,22
ham,She just broke down a list of reasons why nobody's in town and I can't tell if she's being sarcastic or just faggy,114.0,23.0,broke list reason nobody town tell sarcastic faggy,50,8
ham, &lt,4.0,1.0,lt,2,1
ham,The greatest test of courage on earth is to bear defeat without losing heart....gn tc,85.0,15.0,greatest test courage earth bear defeat without losing heart gn tc,66,11
ham,SORRY IM STIL FUCKED AFTER LAST NITE WENT TOBED AT 430 GOT UP 4 WORK AT 630,75.0,17.0,sorry im stil fucked last nite went tobed got work,50,10
ham,Hey so whats the plan this sat? ,32.0,7.0,hey whats plan sat,18,4
ham,Beauty sleep can help ur pimples too.,37.0,7.0,beauty sleep help ur pimple,27,5
ham,Great. Hope you are using your connections from mode men also cos you can never know why old friends can lead you to today,122.0,24.0,great hope using connection mode men also co never know old friend lead today,77,14
spam,Natalja (25/F) is inviting you to be her friend. Reply YES-440 or NO-440 See her: www.SMS.ac/u/nat27081980 STOP? Send STOP FRND to 62468,136.0,22.0,natalja inviting friend reply yes see www sm ac nat stop send stop frnd,71,14
ham,Where to get those?,19.0,4.0,get,3,1
ham,"Kind of. Just missed train cos of asthma attack, nxt one in half hr so driving in. not sure where to park.",106.0,22.0,kind missed train co asthma attack nxt one half hr driving sure park,68,13
ham,Ball is moving a lot.will spin in last :)so very difficult to bat:),67.0,13.0,ball moving lot spin last difficult bat,39,7
ham,Haiyoh... Maybe your hamster was jealous of million,51.0,8.0,haiyoh maybe hamster jealous million,36,5
ham,Can you please send me my aunty's number,40.0,8.0,please send aunty number,24,4
ham,I'm glad. You are following your dreams.,40.0,7.0,glad following dream,20,3
ham,I've reached home finally...,28.0,4.0,reached home finally,20,3
spam,"URGENT. Important information for 02 user. Today is your lucky day! 2 find out why , log onto http://www.urawinner.com there is a fantastic surprise awaiting you !",163.0,27.0,urgent important information user today lucky day find log onto http www urawinner com fantastic surprise awaiting,114,17
spam,WINNER!! As a valued network customer you have been selected to receivea å£900 prize reward! To claim call 09061701461. Claim code KL341. Valid 12 hours only.,158.0,26.0,winner valued network customer selected receivea prize reward claim call claim code kl valid hour,97,15
ham,"Wn u r hurt by d prsn who s close 2 u, do fight wit dem. Coz somtimes dis fight saves a relation bt being quiet leaves nothin in a relation.. Gud eveB-)",152.0,33.0,wn hurt prsn close fight wit dem coz somtimes dis fight save relation bt quiet leaf nothin relation gud eveb,108,20
ham,U can call now...,17.0,4.0,call,4,1
ham,"Science tells that chocolate will melt under the sunlight. Please don't walk under the sunlight. BCoz,I don't want to loss a sweet friend.",138.0,23.0,science tell chocolate melt sunlight please walk sunlight bcoz want loss sweet friend,85,13
ham,Yes. I come to nyc for audiitions and am trying to relocate.,60.0,12.0,yes come nyc audiitions trying relocate,39,6
ham,I pocked you up there before,28.0,6.0,pocked,6,1
ham,Congrats. That's great. I wanted to tell you not to tell me your score cos it might make me relax. But its motivating me so thanks for sharing,142.0,28.0,congrats great wanted tell tell score co might make relax motivating thanks sharing,83,13
ham,I wud never mind if u dont miss me or if u dont need me.. But u wil really hurt me wen u need me &amp,101.0,26.0,wud never mind dont miss dont need wil really hurt wen need amp,63,13
ham,Hey mr whats the name of that bill brison book the one about language and words ,80.0,16.0,hey mr whats name bill brison book one language word,52,10
ham,"Okay, good, no problem, and thanx!",34.0,6.0,okay good problem thanx,23,4
ham,"For you information, IKEA is spelled with all caps. That is not yelling. when you thought i had left you, you were sitting on the bed among the mess when i came in. i said we were going after you got home from class. please don't try and bullshit me. It makes me want to listen to you less.",290.0,59.0,information ikea spelled cap yelling thought left sitting bed among mess came said going got home class please try bullshit make want listen less,145,24
ham,Call me when u're done...,25.0,5.0,call done,9,2
ham,G.W.R,5.0,1.0,,0,0
ham,You best watch what you say cause I get drunk as a motherfucker,63.0,13.0,best watch say cause get drunk motherfucker,43,7
spam,Kit Strip - you have been billed 150p. Netcollex Ltd. PO Box 1013 IG11 OJA,74.0,15.0,kit strip billed netcollex ltd po box ig oja,44,9
spam,HMV BONUS SPECIAL 500 pounds of genuine HMV vouchers to be won. Just answer 4 easy questions. Play Now! Send HMV to 86688 More info:www.100percent-real.com,155.0,25.0,hmv bonus special pound genuine hmv voucher answer easy question play send hmv info www percent real com,104,18
spam,Please CALL 08712402578 immediately as there is an urgent message waiting for you,81.0,13.0,please call immediately urgent message waiting,46,6
spam,thesmszone.com lets you send free anonymous and masked messages..im sending this message from there..do you see the potential for abuse???,138.0,20.0,thesmszone com let send free anonymous masked message im sending message see potential abuse,92,14
spam,"WELL DONE! Your 4* Costa Del Sol Holiday or å£5000 await collection. Call 09050090044 Now toClaim. SAE, TCs, POBox334, Stockport, SK38xh, Costå£1.50/pm, Max10mins",162.0,23.0,well done costa del sol holiday await collection call toclaim sae tc pobox stockport sk xh cost pm max min,106,20
ham,Hurt me... Tease me... Make me cry... But in the end of my life when i die plz keep one rose on my grave and say STUPID I MISS U.. HAVE A NICE DAY BSLVYL,153.0,35.0,hurt tease make cry end life die plz keep one rose grave say stupid miss nice day bslvyl,88,18
ham,"Erm... Woodland avenue somewhere. Do you get the parish magazine, his telephone number will be in there.",104.0,17.0,erm woodland avenue somewhere get parish magazine telephone number,66,9
ham,Are there TA jobs available? Let me know please cos i really need to start working,82.0,16.0,ta job available let know please co really need start working,61,11
ham,Aiyar hard 2 type. U later free then tell me then i call n scold n tell u.,74.0,18.0,aiyar hard type later free tell call scold tell,47,9
ham,Yup i'm free...,15.0,3.0,yup free,8,2
ham,"Good good, billy mates all gone. Just been jogging, again! Did enjoy concert?",77.0,13.0,good good billy mate gone jogging enjoy concert,47,8
ham,Yo come over carlos will be here soon,37.0,8.0,yo come carlos soon,19,4
ham,Awww dat is sweet! We can think of something to do he he! Have a nice time tonight ill probably txt u later cos im lonely :( xxx.,129.0,28.0,awww dat sweet think something nice time tonight ill probably txt later co im lonely xxx,88,16
ham,I guess it is useless calling u 4 something important.,54.0,10.0,guess useless calling something important,41,5
ham,Ha ha - had popped down to the loo when you hello-ed me. Hello!,63.0,14.0,ha ha popped loo hello ed hello,31,7
ham,He dint tell anything. He is angry on me that why you told to abi.,66.0,15.0,dint tell anything angry told abi,33,6
spam,Someone U know has asked our dating service 2 contact you! Cant Guess who? CALL 09058091854 NOW all will be revealed. PO BOX385 M6 6WU,134.0,25.0,someone know asked dating service contact cant guess call revealed po box wu,76,13
ham,It so happens that there r 2waxsto do wat you want. She can come and ill get her medical insurance. And she'll be able to deliver and have basic care. I'm currently shopping for the right medical insurance for her. So just give me til friday morning. Thats when i.ll see the major person that can guide me to the right insurance.,329.0,62.0,happens waxsto wat want come ill get medical insurance able deliver basic care currently shopping right medical insurance give til friday morning thats see major person guide right insurance,190,29
ham,I keep ten rs in my shelf:) buy two egg.,40.0,10.0,keep ten r shelf buy two egg,28,7
ham,"I wasn't well babe, i have swollen glands at my throat ... What did you end up doing ?",86.0,19.0,well babe swollen gland throat end,34,6
ham,Is ur changes 2 da report big? Cos i've already made changes 2 da previous report.,82.0,16.0,ur change da report big co already made change da previous report,65,12
ham,Captain is in our room:),24.0,5.0,captain room,12,2
ham,"I can't speak, bcaz mobile have problem. I can listen you but you cann't listen my voice. So i calls you later.",111.0,22.0,speak bcaz mobile problem listen cann listen voice call later,61,10
ham,HIYA STU WOT U UP 2.IM IN SO MUCH TRUBLE AT HOME AT MOMENT EVONE HATES ME EVEN U! WOT THE HELL AV I DONE NOW? Y WONT U JUST TELL ME TEXT BCK PLEASE LUV DAN ,156.0,37.0,hiya stu wot im much truble home moment evone hate even wot hell av done wont tell text bck please luv dan,106,22
ham,S...i will take mokka players only:),36.0,6.0,take mokka player,17,3
ham,Are you still playing with gautham?,35.0,6.0,still playing gautham,21,3
ham,Hey mr  and I are going to the sea view and having a couple of gays I mean games! Give me a bell when ya finish ,112.0,26.0,hey mr going sea view couple gay mean game give bell ya finish,62,13
ham,"K, jason says he's gonna be around so I'll be up there around  &lt",66.0,14.0,jason say gon na around around lt,33,7
ham,1Apple/Day=No Doctor. 1Tulsi Leaf/Day=No Cancer. 1Lemon/Day=No Fat. 1Cup Milk/day=No Bone Problms 3 Litres Watr/Day=No Diseases Snd ths 2 Whom U Care..:-),154.0,21.0,apple day doctor tulsi leaf day cancer lemon day fat cup milk day bone problms litre watr day disease snd th care,113,22
ham,i thought we were doing a king of the hill thing there.,55.0,12.0,thought king hill thing,23,4
ham,Nope i'll come online now..,27.0,5.0,nope come online,16,3
ham,ALSO TELL HIM I SAID HAPPY BIRTHDAY,35.0,7.0,also tell said happy birthday,29,5
ham,Y bishan lei... I tot Ì_ say lavender? ,39.0,8.0,bishan lei tot say lavender,27,5
ham,Boo what time u get out? U were supposed to take me shopping today. :(,70.0,15.0,boo time get supposed take shopping today,41,7
ham,"Now u sound like manky scouse boy steve,like! I is travelling on da bus home.wot has u inmind 4 recreation dis eve?",115.0,22.0,sound like manky scouse boy steve like travelling da bus home wot inmind recreation dis eve,91,16
ham,"Fyi I'm taking a quick shower, be at epsilon in like  &lt",57.0,12.0,fyi taking quick shower epsilon like lt,39,7
ham,on a Tuesday night r u 4 real,29.0,8.0,tuesday night real,18,3
ham,Yes when is the appt again?,27.0,6.0,yes appt,8,2
ham,Just got outta class gonna go gym.,34.0,7.0,got outta class gon na go gym,29,7
ham,I want to sent  &lt,19.0,5.0,want sent lt,12,3
ham,ÌÏ all write or wat..,21.0,5.0,write wat,9,2
ham,Ha! I wouldn't say that I just didn't read anything into way u seemed. I don't like 2 be judgemental....i save that for fridays in the pub!,139.0,27.0,ha say read anything way seemed like judgemental save friday pub,64,11
ham,Its a valentine game. . . send dis msg to all ur friends. . If 5 answers r d same then someone really loves u. . Ques- which colour suits me the best?,150.0,33.0,valentine game send dis msg ur friend answer someone really love ques colour suit best,86,15
ham,Hi:)did you asked to waheeda fathima about leave?,49.0,8.0,hi asked waheeda fathima leave,30,5
ham,Enjoy urself tmr...,19.0,3.0,enjoy urself tmr,16,3
ham,You still around? I could use a half-8th,40.0,8.0,still around could use half th,30,6
spam,U 447801259231 have a secret admirer who is looking 2 make contact with U-find out who they R*reveal who thinks UR so special-call on 09058094597,145.0,25.0,secret admirer looking make contact find reveal think ur special call,69,11
ham,You give us back my id proof and  &lt,37.0,9.0,give u back id proof lt,23,6
ham,ÌÏ bot notes oredi... Cos i juz rem i got...,44.0,10.0,bot note oredi co juz rem got,29,7
ham,Yes. Rent is very expensive so its the way we save.,51.0,11.0,yes rent expensive way save,27,5
ham,"Night has ended for another day, morning has come in a special way. May you smile like the sunny rays and leaves your worries at the blue blue bay. Gud mrng",156.0,31.0,night ended another day morning come special way may smile like sunny ray leaf worry blue blue bay gud mrng,107,20
ham,Hows the pain dear?y r u smiling?,33.0,7.0,hows pain dear smiling,22,4
ham,"Fun fact: although you would think armand would eventually build up a tolerance or some shit considering how much he smokes, he gets fucked up in like 2 hits",157.0,29.0,fun fact although would think armand would eventually build tolerance shit considering much smoke get fucked like hit,117,18
spam,important information 4 orange user 0789xxxxxxx. today is your lucky day!2find out why log onto http://www.urawinner.com THERE'S A FANTASTIC SURPRISE AWAITING YOU!,163.0,22.0,important information orange user xxxxxxx today lucky day find log onto http www urawinner com fantastic surprise awaiting,122,18
ham,"Sorry, I can't help you on this.",32.0,7.0,sorry help,10,2
ham,Great. So should i send you my account number.,46.0,9.0,great send account number,25,4
ham,"HELLOGORGEOUS, HOWS U? MY FONE WAS ON CHARGE LST NITW WEN U TEXD ME. HOPEU AD A NICE WKEND AS IM SURE U DID LOOKIN 4WARD 2 C-IN U 2MRW LUV JAZ",142.0,32.0,hellogorgeous hows fone charge lst nitw wen texd hopeu ad nice wkend im sure lookin ward mrw luv jaz,100,19
spam,"Our dating service has been asked 2 contact U by someone shy! CALL 09058091870 NOW all will be revealed. POBox84, M26 3UZ 150p",126.0,23.0,dating service asked contact someone shy call revealed pobox uz,63,10
ham,ÌÏ only send me the contents page...,36.0,7.0,send content page,17,3
ham,"Night sweet, sleep well! I've just been to see The Exorcism of Emily Rose and may never sleep again! Hugs and snogs! ",117.0,22.0,night sweet sleep well see exorcism emily rose may never sleep hug snogs,72,13
ham,"Don't Think About \What u Have Got\"" Think About \""How to Use It That You Have Got\"" gooD ni8""",94.0,19.0,think got think use got good ni,31,7
ham,"I can't right this second, gotta hit people up first",52.0,10.0,right second got ta hit people first,36,7
ham,"Evry Emotion dsn't hav Words.Evry Wish dsn't hav Prayrs.. If u Smile,D World is wit u.Othrwise even d Drop of Tear dsn't lik 2 Stay wit u.So b happy.. Good morning, keep smiling:-)",180.0,33.0,evry emotion dsn hav word evry wish dsn hav prayrs smile world wit othrwise even drop tear dsn lik stay wit happy good morning keep smiling,139,26
ham,So what about you. What do you remember,39.0,8.0,remember,8,1
ham,Ujhhhhhhh computer shipped out with address to sandiago and parantella lane. Wtf. Poop.,87.0,13.0,ujhhhhhhh computer shipped address sandiago parantella lane wtf poop,68,9
ham,Mm yes dear look how i am hugging you both. :-P,47.0,11.0,mm yes dear look hugging,24,5
ham,I like dis sweater fr mango but no more my size already so irritating.,70.0,14.0,like dis sweater fr mango size already irritating,49,8
ham,1 I don't have her number and 2 its gonna be a massive pain in the ass and i'd rather not get involved if that's possible,121.0,26.0,number gon na massive pain as rather get involved possible,58,10
ham,Anytime lor...,14.0,2.0,anytime lor,11,2
spam,Do you want a new Video handset? 750 any time any network mins? UNLIMITED TEXT? Camcorder? Reply or Call now 08000930705 for del Sat AM,135.0,25.0,want new video handset time network min unlimited text camcorder reply call del sat,83,14
ham,Purity of friendship between two is not about smiling after reading the forwarded message..Its about smiling just by seeing the name. Gud evng,142.0,23.0,purity friendship two smiling reading forwarded message smiling seeing name gud evng,84,12
spam,"Ur balance is now å£600. Next question: Complete the landmark, Big, A. Bob, B. Barry or C. Ben ?. Text A, B or C to 83738. Good luck!",133.0,28.0,ur balance next question complete landmark big bob barry ben text good luck,75,13
ham,Me fine..absolutly fine,23.0,3.0,fine absolutly fine,19,3
ham,K and you're sure I don't have to have consent forms to do it :V,64.0,15.0,sure consent form,17,3
spam,Ur TONEXS subscription has been renewed and you have been charged å£4.50. You can choose 10 more polys this month. www.clubzed.co.uk *BILLING MSG*,146.0,23.0,ur tonexs subscription renewed charged choose polys month www clubzed co uk billing msg,87,14
spam,"If you don't, your prize will go to another customer. T&C at www.t-c.biz 18+ 150p/min Polo Ltd Suite 373 London W1J 6HL Please call back if busy",144.0,27.0,prize go another customer www biz min polo ltd suite london hl please call back busy,84,16
ham,How much is torch in 9ja.,25.0,6.0,much torch ja,13,3
ham,"Doing nothing, then u not having dinner w us?",45.0,9.0,nothing dinner u,16,3
ham,How are you. Just checking up on you,36.0,8.0,checking,8,1
ham,Done it but internet connection v slow and canÛ÷t send it. Will try again later or first thing tomo.,101.0,19.0,done internet connection slow send try later first thing tomo,61,10
ham,Mathews or tait or edwards or anderson,38.0,7.0,mathews tait edward anderson,28,4
ham,yeah sure thing mate haunt got all my stuff sorted but im going sound anyway promoting hex for .by the way who is this? dont know number. Joke,142.0,28.0,yeah sure thing mate haunt got stuff sorted im going sound anyway promoting hex way dont know number joke,105,19
ham,No need lar i go engin? Cos my sis at arts today...,51.0,12.0,need lar go engin co si art today,33,8
ham,Thanks honey but still haven't heard anything I will leave it a bit longer so not 2 crowd him and will try later - great advice thanks hope cardiff is still there!,163.0,32.0,thanks honey still heard anything leave bit longer crowd try later great advice thanks hope cardiff still,105,17
spam,Do you want a New Nokia 3510i Colour Phone Delivered Tomorrow? With 200 FREE minutes to any mobile + 100 FREE text + FREE camcorder Reply or Call 8000930705,156.0,29.0,want new nokia colour phone delivered tomorrow free minute mobile free text free camcorder reply call,101,16
ham,", im .. On the snowboarding trip. I was wondering if your planning to get everyone together befor we go..a meet and greet kind of affair? Cheers, ",146.0,27.0,im snowboarding trip wondering planning get everyone together befor go meet greet kind affair cheer,99,15
ham,S.i'm watching it in live..,27.0,5.0,watching live,13,2
ham,"see you then, we're all christmassy here!",41.0,7.0,see christmassy,15,2
ham,"K I'm ready,  &lt",17.0,4.0,ready lt,8,2
ham,"Do you know why god created gap between your fingers..? So that, One who is made for you comes &amp",99.0,20.0,know god created gap finger one made come amp,45,9
ham,The greatest test of courage on earth is to bear defeat without losing heart....gn tc,85.0,15.0,greatest test courage earth bear defeat without losing heart gn tc,66,11
ham,what are your new years plans?,30.0,6.0,new year plan,13,3
spam,RECPT 1/3. You have ordered a Ringtone. Your order is being processed...,72.0,12.0,recpt ordered ringtone order processed,38,5
ham,Baaaaaaaabe! Wake up ! I miss you ! I crave you! I need you!,60.0,14.0,baaaaaaaabe wake miss crave need,32,5
ham,"Only just got this message, not ignoring you. Yes, i was. Shopping that is",74.0,14.0,got message ignoring yes shopping,33,5
ham,Dear :-/ why you mood off. I cant drive so i brother to drive,61.0,14.0,dear mood cant drive brother drive,34,6
ham,When did dad get back.,22.0,5.0,dad get back,12,3
ham,"Can you tell Shola to please go to college of medicine and visit the academic department, tell the academic secretary what the current situation is and ask if she can transfer there. She should ask someone to check Sagamu for the same thing and lautech. Its vital she completes her medical education in Nigeria. Its less expensive much less expensive. Unless she will be getting citizen rates in new zealand.",408.0,70.0,tell shola please go college medicine visit academic department tell academic secretary current situation ask transfer ask someone check sagamu thing lautech vital completes medical education nigeria less expensive much less expensive unless getting citizen rate new zealand,274,38
ham,Yes just finished watching days of our lives. I love it.,56.0,11.0,yes finished watching day life love,35,6
ham,Juz go google n search 4 qet...,31.0,7.0,juz go google search qet,24,5
ham,Many times we lose our best ones bcoz we are ,45.0,10.0,many time lose best one bcoz,28,6
ham,"Good FRIENDS CaRE for each Other.. CLoSE Friends UNDERSTaND each Other... and TRUE Friends STaY forever beyond words, beyond time. Gud ni8",138.0,22.0,good friend care close friend understand true friend stay forever beyond word beyond time gud ni,96,16
ham,Just getting back home,22.0,4.0,getting back home,17,3
ham,"Sorry, I'll call later  &lt",27.0,5.0,sorry call later lt,19,4
ham,Dun need to use dial up juz open da browser n surf...,53.0,12.0,dun need use dial juz open da browser surf,42,9
spam,As one of our registered subscribers u can enter the draw 4 a 100 G.B. gift voucher by replying with ENTER. To unsubscribe text STOP,132.0,25.0,one registered subscriber enter draw gift voucher replying enter unsubscribe text stop,86,12
ham,"Awesome, plan to get here any time after like  &lt",50.0,10.0,awesome plan get time like lt,29,6
ham,Take care and sleep well.you need to learn to change in life.you only need to get CONVINCED on that.i will wait but no more conversations between us.GET CONVINCED by that time.Your family is over for you in many senses.respect them but not overemphasise.or u have no role in my life.,283.0,50.0,take care sleep well need learn change life need get convinced wait conversation u get convinced time family many sens respect overemphasise role life,150,24
spam,"For your chance to WIN a FREE Bluetooth Headset then simply reply back with \ADP\""""",83.0,15.0,chance win free bluetooth headset simply reply back adp,55,9
ham,You also didnt get na hi hi hi hi hi,36.0,10.0,also didnt get na hi hi hi hi hi,32,9
ham,Ya but it cant display internal subs so i gotta extract them,60.0,12.0,ya cant display internal sub got ta extract,43,8
ham,If i said anything wrong sorry de:-),36.0,7.0,said anything wrong sorry de,28,5
ham,Sad story of a Man - Last week was my b'day. My Wife did'nt wish me. My Parents forgot n so did my Kids . I went to work. Even my Colleagues did not wish.,154.0,35.0,sad story man last week day wife nt wish parent forgot kid went work even colleague wish,88,17
ham,How stupid to say that i challenge god.You dont think at all on what i write instead you respond immed.,103.0,20.0,stupid say challenge god dont think write instead respond immed,63,10
ham,"Yeah I should be able to, I'll text you when I'm ready to meet up",65.0,15.0,yeah able text ready meet,25,5
ham,V skint too but fancied few bevies.waz gona go meet &othrs in spoon but jst bin watchng planet earth&sofa is v comfey,117.0,22.0,skint fancied bevy waz gona go meet othrs spoon jst bin watchng planet earth sofa comfey,88,16
ham," says that he's quitting at least5times a day so i wudn't take much notice of that. Nah, she didn't mind. Are you gonna see him again? Do you want to come to taunton tonight? U can tell me all about !",200.0,41.0,say quitting least time day wudn take much notice nah mind gon na see want come taunton tonight tell,100,19
ham,"When you get free, call me",26.0,6.0,get free call,13,3
ham,How have your little darlings been so far this week? Need a coffee run tomo?Can't believe it's that time of week already Û_,124.0,23.0,little darling far week need coffee run tomo believe time week already,70,12
ham,Ok i msg u b4 i leave my house.,31.0,9.0,ok msg leave house,18,4
ham,Still at west coast... Haiz... ÌÏ'll take forever to come back...,65.0,11.0,still west coast haiz take forever come back,44,8
ham,MMM ... Fuck .... Merry Christmas to me,39.0,8.0,mmm fuck merry christmas,24,4
ham,alright. Thanks for the advice. Enjoy your night out. I'ma try to get some sleep...,83.0,15.0,alright thanks advice enjoy night try get sleep,47,8
ham,Update your face book status frequently :),42.0,7.0,update face book status frequently,34,5
ham,Just now saw your message.it k da:),35.0,7.0,saw message da,14,3
ham,Was it something u ate?,23.0,5.0,something ate,13,2
ham,So what did the bank say about the money?,41.0,9.0,bank say money,14,3
ham,Aiyar dun disturb u liao... Thk u have lots 2 do aft ur cupboard come...,72.0,15.0,aiyar dun disturb liao thk lot aft ur cupboard come,51,10
ham,Hey they r not watching movie tonight so i'll prob b home early...,66.0,13.0,hey watching movie tonight prob home early,42,7
ham,Yar lor... How u noe? U used dat route too?,43.0,10.0,yar lor noe used dat route,26,6
ham,2mro i am not coming to gym machan. Goodnight.,46.0,9.0,mro coming gym machan goodnight,31,5
ham,Dont think you need yellow card for uk travel. Ask someone that has gone before. If you do its just  &lt,104.0,21.0,dont think need yellow card uk travel ask someone gone lt,57,11
ham,Can u look 4 me in da lib i got stuff havent finish yet.,56.0,14.0,look da lib got stuff havent finish yet,39,8
ham,Sounds great! Im going to sleep now. Have a good night!,55.0,11.0,sound great im going sleep good night,37,7
spam,Don't b floppy... b snappy & happy! Only gay chat service with photo upload call 08718730666 (10p/min). 2 stop our texts call 08712460324,137.0,23.0,floppy snappy happy gay chat service photo upload call min stop text call,73,13
ham,"House-Maid is the murderer, coz the man was murdered on  &lt",60.0,11.0,house maid murderer coz man murdered lt,39,7
ham,How come u got nothing to do?,29.0,7.0,come got nothing,16,3
ham,Nothing will ever be easy. But don't be looking for a reason not to take a risk on life and love,96.0,21.0,nothing ever easy looking reason take risk life love,52,9
ham,i want to grasp your pretty booty :),36.0,8.0,want grasp pretty booty,23,4
ham,I've got it down to a tea. not sure which flavour,49.0,11.0,got tea sure flavour,20,4
ham,I'm going 2 orchard now laready me reaching soon. U reaching?,61.0,11.0,going orchard laready reaching soon reaching,44,6
ham,Dear i am not denying your words please,39.0,8.0,dear denying word please,24,4
ham,You know my old Dom I told you about yesterday ? His name is Roger? He got in touch with me last night and wants me to meet him today at 2 pm,141.0,33.0,know old dom told yesterday name roger got touch last night want meet today pm,78,15
ham,COME BACK TO TAMPA FFFFUUUUUUU,30.0,5.0,come back tampa ffffuuuuuuu,27,4
ham,"2 celebrate my båÕday, y else?",30.0,6.0,celebrate day else,18,3
ham,Merry christmas to u too annie!,31.0,6.0,merry christmas annie,21,3
ham,Please tell me you have some of that special stock you were talking about,73.0,14.0,please tell special stock talking,33,5
ham,I sent them. Do you like?,25.0,6.0,sent like,9,2
spam,"Urgent UR awarded a complimentary trip to EuroDisinc Trav, Aco&Entry41 Or å£1000. To claim txt DIS to 87121 18+6*å£1.50(moreFrmMob. ShrAcomOrSglSuplt)10, LS1 3AJ",161.0,22.0,urgent ur awarded complimentary trip eurodisinc trav aco entry claim txt dis morefrmmob shracomorsglsuplt l aj,110,16
ham,"Awesome, be there in a minute",29.0,6.0,awesome minute,14,2
ham,"And that is the problem. You walk around in \julianaland\"" oblivious to what is going on around you. I say the same things constantly and they go in one ear and out the other while you go off doing whatever you want to do. It's not that you don't know why I'm upset--it's that you don't listen when i tell you WHAT is going to upset me. Then you want to be surprised when I'm mad.""",381.0,76.0,problem walk around julianaland oblivious going around say thing constantly go one ear go whatever want know upset listen tell going upset want surprised mad,157,25
ham,I've told you everything will stop. Just dont let her get dehydrated.,69.0,12.0,told everything stop dont let get dehydrated,44,7
ham,Or I guess  &lt,15.0,4.0,guess lt,8,2
ham,I'm home. Ard wat time will u reach?,36.0,8.0,home ard wat time reach,23,5
ham,"Storming msg: Wen u lift d phne, u say \HELLO\"" Do u knw wt is d real meaning of HELLO?? . . . It's d name of a girl..! . . . Yes.. And u knw who is dat girl?? \""Margaret Hello\"" She is d girlfrnd f Grahmbell who invnted telphone... . . . . Moral:One can 4get d name of a person",278.0,63.0,storming msg wen lift phne say hello knw wt real meaning hello name girl yes knw dat girl margaret hello girlfrnd grahmbell invnted telphone moral one get name person,166,29
ham,"If you want to mapquest it or something look up \usf dogwood drive\""",68.0,13.0,want mapquest something look usf dogwood drive,46,7
ham,Aight should I just plan to come up later tonight?,50.0,10.0,aight plan come later tonight,29,5
ham,Die... I accidentally deleted e msg i suppose 2 put in e sim archive. Haiz... I so sad...,89.0,18.0,die accidentally deleted msg suppose put sim archive haiz sad,61,10
spam,"Welcome to UK-mobile-date this msg is FREE giving you free calling to 08719839835. Future mgs billed at 150p daily. To cancel send \go stop\"" to 89123""",151.0,26.0,welcome uk mobile date msg free giving free calling future mg billed daily cancel send go stop,94,17
ham,This is wishing you a great day. Moji told me about your offer and as always i was speechless. You offer so easily to go to great lengths on my behalf and its stunning. My exam is next friday. After that i will keep in touch more. Sorry.,237.0,48.0,wishing great day moji told offer always speechless offer easily go great length behalf stunning exam next friday keep touch sorry,130,21
ham,"Thanks again for your reply today. When is ur visa coming in. And r u still buying the gucci and bags. My sister things are not easy, uncle john also has his own bills so i really need to think about how to make my own money. Later sha.",236.0,49.0,thanks reply today ur visa coming still buying gucci bag sister thing easy uncle john also bill really need think make money later sha,134,24
ham,"Sorry I flaked last night, shit's seriously goin down with my roommate, what you up to tonight?",95.0,17.0,sorry flaked last night shit seriously goin roommate tonight,60,9
ham,He said i look pretty wif long hair wat. But i thk he's cutting quite short 4 me leh.,85.0,19.0,said look pretty wif long hair wat thk cutting quite short leh,62,12
ham,Ranjith cal drpd Deeraj and deepak 5min hold,44.0,8.0,ranjith cal drpd deeraj deepak min hold,39,7
ham,"\CHEERS FOR CALLIN BABE.SOZI CULDNT TALKBUT I WANNATELL U DETAILS LATER WENWECAN CHAT PROPERLY X\""""",99.0,15.0,cheer callin babe sozi culdnt talkbut wannatell detail later wenwecan chat properly,83,12
ham,Hey u still at the gym?,23.0,6.0,hey still gym,13,3
ham,"She said,'' do u mind if I go into the bedroom for a minute ? '' ''OK'', I sed in a sexy mood. She came out 5 minuts latr wid a cake...n My Wife,",145.0,34.0,said mind go bedroom minute ok sed sexy mood came minuts latr wid cake wife,75,15
ham,Much better now thanks lol,26.0,5.0,much better thanks lol,22,4
ham,"Nothing, smsing u n xy lor. Sorry lor da guys neva c u in person but they sort of know u lor. So u wan 2 meet them xy ask me 2 bring u along 4 our next meeting.",160.0,39.0,nothing smsing xy lor sorry lor da guy neva person sort know lor wan meet xy ask bring along next meeting,105,21
ham,"Lemme know when I can swing by and pick up, I'm free basically any time after 1 all this semester",97.0,20.0,lem know swing pick free basically time semester,48,8
ham,Wa... U so efficient... Gee... Thanx...,39.0,6.0,wa efficient gee thanx,22,4
spam,3. You have received your mobile content. Enjoy,47.0,8.0,received mobile content enjoy,29,4
ham,S but not able to sleep.,24.0,6.0,able sleep,10,2
spam,Want explicit SEX in 30 secs? Ring 02073162414 now! Costs 20p/min,65.0,11.0,want explicit sex sec ring cost min,35,7
ham,We will meet soon princess! Ttyl!,33.0,6.0,meet soon princess ttyl,23,4
ham,I'll pick you up at about 5.15pm to go to taunton if you still want to come.,76.0,17.0,pick pm go taunton still want come,34,7
ham,Oh :-)only 4 outside players allowed to play know,49.0,9.0,oh outside player allowed play know,35,6
ham,I anything lor.,15.0,3.0,anything lor,12,2
ham,Erutupalam thandiyachu,22.0,2.0,erutupalam thandiyachu,22,2
ham,"Y cant u try new invention to fly..i'm not joking.,",51.0,10.0,cant try new invention fly joking,33,6
ham,No..its ful of song lyrics..,28.0,5.0,ful song lyric,14,3
ham,"What do u reckon as need 2 arrange transport if u can't do it, thanks",69.0,15.0,reckon need arrange transport thanks,36,5
ham,True lov n care wil nevr go unrecognized. though somone often makes mistakes when valuing it. but they will definitly undrstnd once when they start missing it.,159.0,27.0,true lov care wil nevr go unrecognized though somone often make mistake valuing definitly undrstnd start missing,112,17
ham,Shopping? Eh ger i toking abt syd leh...Haha,44.0,8.0,shopping eh ger toking abt syd leh haha,39,8
ham,What not under standing.,24.0,4.0,standing,8,1
ham,have * good weekend.,20.0,4.0,good weekend,12,2
ham,Miss call miss call khelate kintu opponenter miss call dhorte lage. Thats d rule. One with great phone receiving quality wins.,126.0,21.0,miss call miss call khelate kintu opponenter miss call dhorte lage thats rule one great phone receiving quality win,115,19
ham,Call me when you get the chance plz &lt,39.0,9.0,call get chance plz lt,22,5
ham,The new deus ex game comin early next yr,40.0,9.0,new deus ex game comin early next yr,36,8
ham,My computer just fried the only essential part we don't keep spares of because my fucking idiot roommates looovvve leaving the thing running on full  &lt,153.0,26.0,computer fried essential part keep spare fucking idiot roommate looovvve leaving thing running full lt,102,15
ham,"My friend, she's studying at warwick, we've planned to go shopping and to concert tmw, but it may be canceled, havn't seen  for ages, yeah we should get together sometime!",171.0,30.0,friend studying warwick planned go shopping concert tmw may canceled havn seen age yeah get together sometime,109,17
ham,Probably a couple hours tops,28.0,5.0,probably couple hour top,24,4
ham,"LOL .. *grins* .. I'm not babe, but thanks for thinking of me!",62.0,13.0,lol grin babe thanks thinking,29,5
ham,Man this bus is so so so slow. I think you're gonna get there before me,71.0,16.0,man bus slow think gon na get,29,7
ham,Hope this text meets you smiling. If not then let this text give you a reason to smile. Have a beautiful day.,109.0,22.0,hope text meet smiling let text give reason smile beautiful day,63,11
ham,"In case you wake up wondering where I am, I forgot I have to take care of something for grandma today, should be done before the parade",135.0,27.0,case wake wondering forgot take care something grandma today done parade,72,11
ham,Ok,2.0,1.0,ok,2,1
spam,"Latest Nokia Mobile or iPOD MP3 Player +å£400 proze GUARANTEED! Reply with: WIN to 83355 now! Norcorp Ltd.å£1,50/Mtmsgrcvd18+",125.0,18.0,latest nokia mobile ipod mp player proze guaranteed reply win norcorp ltd mtmsgrcvd,83,13
spam,"SMS SERVICES. for your inclusive text credits, pls goto www.comuk.net login= 3qxj9 unsubscribe with STOP, no extra charge. help 08702840625.COMUK. 220-CM2 9AE",158.0,22.0,sm service inclusive text credit pls goto www comuk net login qxj unsubscribe stop extra charge help comuk cm ae,112,20
ham,Nvm take ur time.,17.0,4.0,nvm take ur time,16,4
ham,So wat's da decision?,21.0,4.0,wat da decision,15,3
ham,Wot is u up 2 then bitch?,25.0,7.0,wot bitch,9,2
ham,Stupid.its not possible,23.0,3.0,stupid possible,15,2
ham,She told to hr that he want posting in chennai:)because i'm working here:),74.0,13.0,told hr want posting chennai working,36,6
spam,Mobile Club: Choose any of the top quality items for your mobile. 7cfca1a,73.0,13.0,mobile club choose top quality item mobile cfca,47,8
ham,When are you guys leaving?,26.0,5.0,guy leaving,11,2
ham,He neva grumble but i sad lor... Hee... Buy tmr lor aft lunch. But we still meetin 4 lunch tmr a not. Neva hear fr them lei. ÌÏ got a lot of work ar?,149.0,34.0,neva grumble sad lor hee buy tmr lor aft lunch still meetin lunch tmr neva hear fr lei got lot work ar,102,22
ham,Not able to do anything.,24.0,5.0,able anything,13,2
ham,ÌÏ takin linear algebra today?,30.0,5.0,takin linear algebra today,26,4
ham,This weekend is fine (an excuse not to do too much decorating),62.0,12.0,weekend fine excuse much decorating,35,5
ham,"Sorry I missed you babe. I was up late and slept in. I hope you enjoy your driving lesson, boytoy. I miss you too ... *teasing kiss*",132.0,27.0,sorry missed babe late slept hope enjoy driving lesson boytoy miss teasing kiss,79,13
ham,Now project pa. After that only i can come.,43.0,9.0,project pa come,15,3
spam,Money i have won wining number 946 wot do i do next,51.0,12.0,money wining number wot next,28,5
ham,"Sure, whenever you show the fuck up &gt",39.0,8.0,sure whenever show fuck gt,26,5
ham,That was random saw my old roomate on campus. He graduated,58.0,11.0,random saw old roomate campus graduated,39,6
spam,"Congrats! 2 mobile 3G Videophones R yours. call 09061744553 now! videochat wid ur mates, play java games, Dload polyH music, noline rentl. bx420. ip4. 5we. 150pm",161.0,26.0,congrats mobile videophones call videochat wid ur mate play java game dload polyh music noline rentl bx ip pm,109,19
ham,"Men always needs a beautiful, intelligent, caring, loving, adjustable, cooperative wife. But the law allows only one wife....",125.0,18.0,men always need beautiful intelligent caring loving adjustable cooperative wife law allows one wife,99,14
ham,That sucks. So what do you got planned for your yo valentine? I am your yo valentine aren't I?,94.0,19.0,suck got planned yo valentine yo valentine,42,7
ham,"Just got part Nottingham - 3 hrs 63miles. Good thing i love my man so much, but only doing 40mph. Hey ho",104.0,22.0,got part nottingham hr mile good thing love man much mph hey ho,63,13
ham,What to think no one saying clearly. Ok leave no need to ask her. I will go if she come or not,94.0,22.0,think one saying clearly ok leave need ask go come,50,10
ham,Hi good mornin.. Thanku wish u d same..,39.0,8.0,hi good mornin thanku wish,26,5
ham,DO U WANT 2 MEET UP 2MORRO,26.0,7.0,want meet morro,15,3
ham,Actually I decided I was too hungry so I haven't left yet :V,60.0,13.0,actually decided hungry left yet,32,5
ham,I've sent Ì_ my part..,22.0,5.0,sent part,9,2
ham,Cos i was out shopping wif darren jus now n i called him 2 ask wat present he wan lor. Then he started guessing who i was wif n he finally guessed darren lor.,158.0,34.0,co shopping wif darren jus called ask wat present wan lor started guessing wif finally guessed darren lor,105,18
spam,"I want some cock! My hubby's away, I need a real man 2 satisfy me. Txt WIFE to 89938 for no strings action. (Txt STOP 2 end, txt rec å£1.50ea. OTBox 731 LA1 7WS. )",163.0,35.0,want cock hubby away need real man satisfy txt wife string action txt stop end txt rec ea otbox la w,100,21
ham,Understand. his loss is my gain :) so do you work? School?,58.0,12.0,understand loss gain work school,32,5
ham,HOW ARE U? I HAVE MISSED U! I HAVENT BEEN UP 2 MUCH A BIT BORED WITH THE HOLIDAY WANT 2 GO BAK 2 COLLEGE! SAD ISNT IT?xx,120.0,28.0,missed havent much bit bored holiday want go bak college sad isnt xx,68,13
ham,"Hiya, probably coming home * weekend after next",47.0,8.0,hiya probably coming home weekend next,38,6
ham,Don't forget though that I love you .... And I walk beside you. Watching over you and keeping your heart warm.,110.0,21.0,forget though love walk beside watching keeping heart warm,58,9
ham,I wish things were different. I wonder when i will be able to show you how much i value you. Pls continue the brisk walks no drugs without askin me please and find things to laugh about. I love you dearly.,205.0,41.0,wish thing different wonder able show much value pls continue brisk walk drug without askin please find thing laugh love dearly,127,21
ham,Ok both our days. So what are you making for dinner tonite? Am I invited?,73.0,15.0,ok day making dinner tonite invited,35,6
spam,Gr8 new service - live sex video chat on your mob - see the sexiest dirtiest girls live on ur phone - 4 details text horny to 89070 to cancel send STOP to 89070,160.0,34.0,gr new service live sex video chat mob see sexiest dirtiest girl live ur phone detail text horny cancel send stop,113,21
ham,I have no money 4 steve mate! !,31.0,8.0,money steve mate,16,3
ham,IM LATE TELLMISS IM ON MY WAY,29.0,7.0,im late tellmiss im way,23,5
ham,Never blame a day in ur life. Good days give u happiness. Bad days give u experience. Both are essential in life! All are Gods blessings! good morning.:,152.0,28.0,never blame day ur life good day give happiness bad day give experience essential life god blessing good morning,112,19
ham,Normally i use to drink more water daily:),42.0,8.0,normally use drink water daily,30,5
ham,Dare i ask... Any luck with sorting out the car?,48.0,10.0,dare ask luck sorting car,25,5
ham,"Party's at my place at usf, no charge (but if you can contribute in any way it is greatly appreciated) and yeah, we got room for one more",137.0,28.0,party place usf charge contribute way greatly appreciated yeah got room one,75,12
ham,"Urgh, coach hot, smells of chip fat! Thanks again, especially for the duvet (not a predictive text word).",105.0,18.0,urgh coach hot smell chip fat thanks especially duvet predictive text word,74,12
ham,Hiya. How was last night? I've been naughty and bought myself clothes and very little ... Ready for more shopping tho! What kind of time do you wanna meet?,155.0,29.0,hiya last night naughty bought clothes little ready shopping tho kind time wan na meet,86,15
spam,FreeMsg Hi baby wow just got a new cam moby. Wanna C a hot pic? or Fancy a chat?Im w8in 4uTxt / rply CHAT to 82242 Hlp 08712317606 Msg150p 2rcv,143.0,30.0,freemsg hi baby wow got new cam moby wan na hot pic fancy chat im utxt rply chat hlp msg rcv,92,21
ham,I've been trying to reach him without success,45.0,8.0,trying reach without success,28,4
ham,when you and derek done with class?,35.0,7.0,derek done class,16,3
ham,Never y lei... I v lazy... Got wat? Dat day Ì_ send me da url cant work one...,78.0,18.0,never lei lazy got wat dat day send da url cant work one,56,13
ham,Never try alone to take the weight of a tear that comes out of ur heart and falls through ur eyes... Always remember a STUPID FRIEND is here to share... BSLVYL,159.0,31.0,never try alone take weight tear come ur heart fall ur eye always remember stupid friend share bslvyl,101,18
ham,Hey mate. Spoke to the mag people. WeÛ÷re on.  the is deliver by the end of the month. Deliver on the 24th sept. Talk later. ,126.0,25.0,hey mate spoke mag people deliver end month deliver th sept talk later,70,13
ham,Hope you are having a good week. Just checking in,49.0,10.0,hope good week checking,23,4
ham,"Haha, my friend tyler literally just asked if you could get him a dubsack",73.0,14.0,haha friend tyler literally asked could get dubsack,51,8
ham,\Hey! do u fancy meetin me at 4 at cha åÐ hav a lil beverage on me. if not txt or ring me and we can meet up l8r. quite tired got in at 3 v.pist ,145.0,36.0,hey fancy meetin cha hav lil beverage txt ring meet quite tired got pist,72,14
ham,Great. Have a safe trip. Dont panic surrender all.,50.0,9.0,great safe trip dont panic surrender,36,6
ham,"\SYMPTOMS\"" when U are in love: \""1.U like listening songs 2.U get stopped where u see the name of your beloved 3.U won't get angry when your""",142.0,27.0,symptom love like listening song get stopped see name beloved get angry,71,12
ham,Sun ah... Thk mayb can if dun have anythin on... Thk have to book e lesson... E pilates is at orchard mrt u noe hor...  ,120.0,25.0,sun ah thk mayb dun anythin thk book lesson pilate orchard mrt noe hor,70,14
ham,Try to do something dear. You read something for exams,54.0,10.0,try something dear read something exam,38,6
ham,"7 wonders in My WORLD 7th You 6th Ur style 5th Ur smile 4th Ur Personality 3rd Ur Nature 2nd Ur SMS and 1st \Ur Lovely Friendship\""... good morning dear""",153.0,30.0,wonder world th th ur style th ur smile th ur personality rd ur nature nd ur sm st ur lovely friendship good morning dear,121,25
ham,Gettin rdy to ship comp,23.0,5.0,gettin rdy ship comp,20,4
ham,I am in hospital da. . I will return home in evening,52.0,12.0,hospital da return home evening,31,5
ham,PISS IS TALKING IS SOMEONE THAT REALISE U THAT POINT THIS AT IS IT.(NOW READ IT BACKWARDS),90.0,17.0,piss talking someone realise point read backwards,49,7
ham,Think + da. You wil do.,23.0,6.0,think da wil,12,3
ham,I'm awake oh. What's up.,24.0,5.0,awake oh,8,2
ham,Good afternoon my boytoy. How goes that walking here and there day ? Did you get that police abstract? Are you still out and about? I wake and miss you babe,156.0,31.0,good afternoon boytoy go walking day get police abstract still wake miss babe,77,13
ham,How much u trying to get?,25.0,6.0,much trying get,15,3
ham,Come around  &lt,16.0,3.0,come around lt,14,3
ham,Tell me again what your address is,34.0,7.0,tell address,12,2
ham,Honeybee Said: *I'm d Sweetest in d World* God Laughed &amp,59.0,11.0,honeybee said sweetest world god laughed amp,44,7
ham,Should i buy him a blackberry bold 2 or torch. Should i buy him new or used. Let me know. Plus are you saying i should buy the  &lt,131.0,29.0,buy blackberry bold torch buy new used let know plus saying buy lt,66,13
ham,But you were together so you should be thinkin about him,56.0,11.0,together thinkin,16,2
ham,hiya hows it going in sunny africa? hope u r avin a good time. give that big old silver back a big kiss from me.,112.0,25.0,hiya hows going sunny africa hope avin good time give big old silver back big kiss,82,16
ham,At WHAT TIME should i come tomorrow,35.0,7.0,time come tomorrow,18,3
spam,Wanna have a laugh? Try CHIT-CHAT on your mobile now! Logon by txting the word: CHAT and send it to No: 8883 CM PO Box 4217 London W1A 6ZF 16+ 118p/msg rcvd,156.0,32.0,wan na laugh try chit chat mobile logon txting word chat send cm po box london zf msg rcvd,90,19
ham,\CHA QUITEAMUZING THATåÕSCOOL BABE,34.0,4.0,cha quiteamuzing scool babe,27,4
ham,Omg how did u know what I ate?,30.0,8.0,omg know ate,12,3
spam,"\URGENT! This is the 2nd attempt to contact U!U have WON å£1000CALL 09071512432 b4 300603t&csBCM4235WC1N3XX.callcost150ppmmobilesvary. maxå£7. 50\""""",148.0,17.0,urgent nd attempt contact call csbcm wc xx callcost ppmmobilesvary max,70,11
ham,:( but your not here....,24.0,5.0,,0,0
ham,Not directly behind... Abt 4 rows behind Ì_...,46.0,8.0,directly behind abt row behind,30,5
spam,Congratulations ur awarded 500 of CD vouchers or 125gift guaranteed & Free entry 2 100 wkly draw txt MUSIC to 87066,115.0,21.0,congratulation ur awarded cd voucher gift guaranteed free entry wkly draw txt music,83,13
spam,"Had your contract mobile 11 Mnths? Latest Motorola, Nokia etc. all FREE! Double Mins & Text on Orange tariffs. TEXT YES for callback, no to remove from records",159.0,28.0,contract mobile mnths latest motorola nokia etc free double min text orange tariff text yes callback remove record,114,18
spam,"Urgent! call 09066350750 from your landline. Your complimentary 4* Ibiza Holiday or 10,000 cash await collection SAE T&Cs PO BOX 434 SK3 8WP 150 ppm 18+",152.0,26.0,urgent call landline complimentary ibiza holiday cash await collection sae c po box sk wp ppm,93,16
ham,No plans yet. What are you doing ?,34.0,8.0,plan yet,8,2
ham,Hi ....My engagement has been fixd on  &lt,42.0,8.0,hi engagement fixd lt,21,4
ham,Not course. Only maths one day one chapter with in one month we can finish.,75.0,15.0,course math one day one chapter one month finish,48,9
ham,Wow didn't think it was that common. I take it all back ur not a freak! Unless u chop it off:-),95.0,21.0,wow think common take back ur freak unless chop,47,9
spam,"For ur chance to win a å£250 wkly shopping spree TXT: SHOP to 80878. T's&C's www.txt-2-shop.com custcare 08715705022, 1x150p/wk",127.0,19.0,ur chance win wkly shopping spree txt shop www txt shop com custcare wk,71,14
ham,Noooooooo please. Last thing I need is stress. For once in your life be fair.,77.0,15.0,noooooooo please last thing need stress life fair,49,8
spam,U have a Secret Admirer who is looking 2 make contact with U-find out who they R*reveal who thinks UR so special-call on 09065171142-stopsms-08718727870150ppm,158.0,24.0,secret admirer looking make contact find reveal think ur special call stopsms ppm,81,13
spam,"Mila, age23, blonde, new in UK. I look sex with UK guys. if u like fun with me. Text MTALK to 69866.18 . 30pp/txt 1st 5free. å£1.50 increments. Help08718728876",159.0,29.0,mila age blonde new uk look sex uk guy like fun text mtalk pp txt st free increment help,88,19
ham,"I'll see if I can swing by in a bit, got some things to take care of here firsg",79.0,19.0,see swing bit got thing take care firsg,39,8
ham,I wanted to wish you a Happy New Year and I wanted to talk to you about some legal advice to do with when Gary and I split but in person. I'll make a trip to Ptbo for that. I hope everything is good with you babe and I love ya :),229.0,52.0,wanted wish happy new year wanted talk legal advice gary split person make trip ptbo hope everything good babe love ya,118,21
ham,Have you not finished work yet or something?,44.0,8.0,finished work yet something,27,4
ham,Tomorrow i am not going to theatre. . . So i can come wherever u call me. . . Tell me where and when to come tomorrow,117.0,27.0,tomorrow going theatre come wherever call tell come tomorrow,60,9
spam,Well done ENGLAND! Get the official poly ringtone or colour flag on yer mobile! text TONE or FLAG to 84199 NOW! Opt-out txt ENG STOP. Box39822 W111WX å£1.50,156.0,28.0,well done england get official poly ringtone colour flag yer mobile text tone flag opt txt eng stop box wx,106,20
ham,Right it wasnt you who phoned it was someone with a number like yours!,70.0,14.0,right wasnt phoned someone number like,38,6
ham,It's ok i wun b angry. Msg u aft i come home tonight.,53.0,13.0,ok wun angry msg aft come home tonight,38,8
ham,I had a good time too. Its nice to do something a bit different with my weekends for a change. See ya soon,106.0,23.0,good time nice something bit different weekend change see ya soon,65,11
ham,Yo sorry was in the shower sup,30.0,7.0,yo sorry shower sup,19,4
ham,"Carlos is down but I have to pick it up from him, so I'll swing by usf in a little bit",86.0,21.0,carlos pick swing usf little bit,32,6
ham,Full heat pa:-) i have applyed oil pa.,38.0,8.0,full heat pa applyed oil pa,27,6
ham,I'm stuck in da middle of da row on da right hand side of da lt... ,67.0,16.0,stuck da middle da row da right hand side da lt,47,11
ham,Have you laid your airtel line to rest?,39.0,8.0,laid airtel line rest,21,4
ham,Hi did u decide wot 2 get 4 his bday if not ill prob jus get him a voucher frm virgin or sumfing ,97.0,23.0,hi decide wot get bday ill prob jus get voucher frm virgin sumfing,66,13
spam,FreeMsg: Txt: CALL to No: 86888 & claim your reward of 3 hours talk time to use from your phone now! Subscribe6GBP/mnth inc 3hrs 16 stop?txtStop,144.0,26.0,freemsg txt call claim reward hour talk time use phone subscribe gbp mnth inc hr stop txtstop,93,17
ham,\Hey j! r u feeling any better,30.0,7.0,hey feeling better,18,3
ham,And I don't plan on staying the night but I prolly won't be back til late,73.0,16.0,plan staying night prolly back til late,39,7
ham,THANX 4 PUTTIN DA FONE DOWN ON ME!!,35.0,8.0,thanx puttin da fone,20,4
ham,"I need an 8th but I'm off campus atm, could I pick up in an hour or two?",72.0,18.0,need th campus atm could pick hour two,38,8
ham,"Oh... Haha... Den we shld had went today too... Gee, nvm la... Kaiez, i dun mind goin jazz oso... Scared hiphop open cant catch up... ",134.0,25.0,oh haha den shld went today gee nvm la kaiez dun mind goin jazz oso scared hiphop open cant catch,97,20
ham,Been running but only managed 5 minutes and then needed oxygen! Might have to resort to the roller option!,106.0,19.0,running managed minute needed oxygen might resort roller option,63,9
ham,We live in the next  &lt,24.0,6.0,live next lt,12,3
ham,Y de asking like this.,22.0,5.0,de asking like,14,3
ham,Just glad to be talking to you.,31.0,7.0,glad talking,12,2
ham,Wat time Ì_ finish?,19.0,4.0,wat time finish,15,3
ham,Sorry da. I gone mad so many pending works what to do.,54.0,12.0,sorry da gone mad many pending work,35,7
ham,How much you got for cleaning,29.0,6.0,much got cleaning,17,3
ham,hows my favourite person today? r u workin hard? couldn't sleep again last nite nearly rang u at 4.30,101.0,19.0,hows favourite person today workin hard sleep last nite nearly rang,67,11
spam,Sunshine Quiz! Win a super Sony DVD recorder if you canname the capital of Australia? Text MQUIZ to 82277. B,108.0,20.0,sunshine quiz win super sony dvd recorder canname capital australia text mquiz,78,12
ham,ÌÏ called dad oredi...,22.0,4.0,called dad oredi,16,3
ham,Good. do you think you could send me some pix? I would love to see your top and bottom...,89.0,19.0,good think could send pix would love see top bottom,51,10
ham,Nvm... I'm going to wear my sport shoes anyway... I'm going to be late leh.,75.0,15.0,nvm going wear sport shoe anyway going late leh,47,9
ham,"Sorry, I'll call later In meeting.",34.0,6.0,sorry call later meeting,24,4
ham,THIS IS A LONG FUCKIN SHOWR,27.0,6.0,long fuckin showr,17,3
ham,"Received, understood n acted upon!",34.0,5.0,received understood acted upon,30,4
ham,They finally came to fix the ceiling.,37.0,7.0,finally came fix ceiling,24,4
ham,"U need my presnts always bcz U cant mis love. \jeevithathile irulinae neekunna prakasamanu sneham\"" prakasam ennal prabha 'That mns prabha is'LOVE' Got it. Dont mis me....""",172.0,27.0,need presnts always bcz cant mi love jeevithathile irulinae neekunna prakasamanu sneham prakasam ennal prabha mn prabha love got dont mi,136,21
ham,Jus finish blowing my hair. U finish dinner already?,52.0,9.0,jus finish blowing hair finish dinner already,45,7
ham,I'm on the bus. Love you,24.0,6.0,bus love,8,2
ham,Lol ... I knew that .... I saw him in the dollar store,54.0,13.0,lol knew saw dollar store,25,5
spam,Please call our customer service representative on 0800 169 6031 between 10am-9pm as you have WON a guaranteed å£1000 cash or å£5000 prize!,139.0,23.0,please call customer service representative pm guaranteed cash prize,68,9
spam,Todays Voda numbers ending with 7634 are selected to receive a å£350 reward. If you have a match please call 08712300220 quoting claim code 7684 standard rates apply.,166.0,28.0,today voda number ending selected receive reward match please call quoting claim code standard rate apply,105,16
ham,Only saturday and sunday holiday so its very difficult:),56.0,9.0,saturday sunday holiday difficult,33,4
ham,Everybody had fun this evening. Miss you.,41.0,7.0,everybody fun evening miss,26,4
ham,"Got hella gas money, want to go on a grand nature adventure with galileo in a little bit?",89.0,18.0,got hella gas money want go grand nature adventure galileo little bit,69,12
ham,"I'm in a meeting, call me later at",34.0,8.0,meeting call later,18,3
ham,Oh wow thats gay. Will firmware update help,43.0,8.0,oh wow thats gay firmware update help,37,7
ham,These won't do. Have to move on to morphine,43.0,9.0,move morphine,13,2
ham,How come i din c Ì_... Yup i cut my hair...,43.0,11.0,come din yup cut hair,21,5
ham,K k pa Had your lunch aha.,26.0,7.0,pa lunch aha,12,3
ham,Oh ho. Is this the first time u use these type of words,55.0,13.0,oh ho first time use type word,30,7
ham,Captain vijaykanth is doing comedy in captain tv..he is drunken :),66.0,11.0,captain vijaykanth comedy captain tv drunken,44,6
ham,Of course. I guess god's just got me on hold right now.,55.0,12.0,course guess god got hold right,31,6
ham,Do you hide anythiing or keeping distance from me,49.0,9.0,hide anythiing keeping distance,31,4
ham,Havent.,7.0,1.0,havent,6,1
spam,You are being ripped off! Get your mobile content from www.clubmoby.com call 08717509990 poly/true/Pix/Ringtones/Games six downloads for only 3,143.0,19.0,ripped get mobile content www clubmoby com call poly true pix ringtones game six downloads,90,15
ham,Sorry i din lock my keypad.,27.0,6.0,sorry din lock keypad,21,4
ham,Did u got that persons story,28.0,6.0,got person story,16,3
ham,Are you planning to come chennai?,33.0,6.0,planning come chennai,21,3
spam,We tried to contact you re your reply to our offer of a Video Phone 750 anytime any network mins Half Price Line Rental Camcorder Reply or call 08000930705,155.0,29.0,tried contact reply offer video phone anytime network min half price line rental camcorder reply call,101,16
ham,God created gap btwn ur fingers so dat sum1 vry special will fill those gaps by holding ur hands.. Now plz dont ask y he created so much gap between legs !!!,157.0,32.0,god created gap btwn ur finger dat sum vry special fill gap holding ur hand plz dont ask created much gap leg,109,22
ham,We are okay. Going to sleep now. Later,38.0,8.0,okay going sleep later,22,4
ham,"Please protect yourself from e-threats. SIB never asks for sensitive information like Passwords,ATM/SMS PIN thru email. Never share your password with anybody.",159.0,22.0,please protect threat sib never asks sensitive information like password atm sm pin thru email never share password anybody,123,19
ham,"Finally it has happened..! Aftr decades..! BEER is now cheaper than PETROL! The goverment expects us to \DRINK\"". . . But don't \""DRIVE \""""",139.0,24.0,finally happened aftr decade beer cheaper petrol goverment expects u drink drive,80,12
spam,A å£400 XMAS REWARD IS WAITING FOR YOU! Our computer has randomly picked you from our loyal mobile customers to receive a å£400 reward. Just call 09066380611 ,158.0,27.0,xmas reward waiting computer randomly picked loyal mobile customer receive reward call,86,12
ham,Where r e meeting tmr?,22.0,5.0,meeting tmr,11,2
ham,Lol yes. But it will add some spice to your day.,48.0,11.0,lol yes add spice day,21,5
ham,Hope you are having a great day.,32.0,7.0,hope great day,14,3
ham,Our Prasanth ettans mother passed away last night. Just pray for her and family.,80.0,14.0,prasanth ettans mother passed away last night pray family,57,9
ham,"K, I'll work something out",26.0,5.0,work something,14,2
spam,PRIVATE! Your 2003 Account Statement for shows 800 un-redeemed S. I. M. points. Call 08718738002 Identifier Code: 48922 Expires 21/11/04,136.0,20.0,private account statement show un redeemed point call identifier code expires,77,11
ham,This message is from a great Doctor in India:-): 1) Do not drink APPY FIZZ. It contains Cancer causing age,106.0,20.0,message great doctor india drink appy fizz contains cancer causing age,70,11
ham,I cant pick the phone right now. Pls send a message,51.0,11.0,cant pick phone right pls send message,38,7
ham,You call him and tell now infront of them. Call him now.,56.0,12.0,call tell infront call,22,4
ham,Ok no prob...,13.0,3.0,ok prob,7,2
ham,Ladies first and genus second k .,33.0,7.0,lady first genus second,23,4
ham,No. Yes please. Been swimming?,30.0,5.0,yes please swimming,19,3
ham,Mum not going robinson already.,31.0,5.0,mum going robinson already,26,4
ham,Ok set let u noe e details later...,35.0,8.0,ok set let noe detail later,27,6
ham,Not..tel software name..,24.0,3.0,tel software name,17,3
ham,I send the print  outs da.,26.0,6.0,send print out da,17,4
ham,IM REALY SOZ IMAT MY MUMS 2NITE WHAT ABOUT 2MORO ,49.0,10.0,im realy soz imat mum nite moro,31,7
ham,"When I was born, GOD said, \Oh No! Another IDIOT\"". When you were born",70.0,14.0,born god said oh another idiot born,35,7
ham,"I didnt get ur full msg..sometext is missing, send it again",59.0,11.0,didnt get ur full msg sometext missing send,43,8
ham,"Probably not, I'm almost out of gas and I get some cash tomorrow",64.0,13.0,probably almost gas get cash tomorrow,37,6
spam,"Customer service announcement. We recently tried to make a delivery to you but were unable to do so, please call 07099833605 to re-schedule. Ref:9280114",152.0,24.0,customer service announcement recently tried make delivery unable please call schedule ref,90,12
ham,I forgot 2 ask Ì_ all smth.. There's a card on da present lei... How? ÌÏ all want 2 write smth or sign on it?,109.0,25.0,forgot ask smth card da present lei want write smth sign,56,11
ham,I'm leaving my house now.,25.0,5.0,leaving house,13,2
spam,"Hi babe its Chloe, how r u? I was smashed on saturday night, it was great! How was your weekend? U been missing me? SP visionsms.com Text stop to stop 150p/text",160.0,31.0,hi babe chloe smashed saturday night great weekend missing sp visionsms com text stop stop text,95,16
ham,ÌÏ ready then call me...,24.0,5.0,ready call,10,2
ham,Wewa is 130. Iriver 255. All 128 mb.,36.0,8.0,wewa iriver mb,14,3
ham,It is a good thing I'm now getting the connection to bw,55.0,12.0,good thing getting connection bw,32,5
ham,Sry da..jst nw only i came to home..,36.0,8.0,sry da jst nw came home,23,6
ham,"That's cool he'll be here all night, lemme know when you're around",66.0,12.0,cool night lem know around,26,5
ham,Are you staying in town ?,25.0,6.0,staying town,12,2
ham,"Haha yeah, 2 oz is kind of a shitload",37.0,9.0,haha yeah oz kind shitload,26,5
ham,Ok u can take me shopping when u get paid =D,44.0,11.0,ok take shopping get paid,25,5
ham,"My life Means a lot to me, Not because I love my life, But because I love the people in my life, The world calls them friends, I call them my World:-).. Ge:-)..",160.0,33.0,life mean lot love life love people life world call friend call world ge,72,14
ham,"Alright we'll bring it to you, see you in like  &lt",51.0,11.0,alright bring see like lt,25,5
ham,But pls dont play in others life.,33.0,7.0,pls dont play others life,25,5
ham,Eatin my lunch...,17.0,3.0,eatin lunch,11,2
ham,Hmmm.but you should give it on one day..,40.0,8.0,hmmm give one day,17,4
ham,"Didn't try, g and I decided not to head out",43.0,10.0,try decided head,16,3
ham,Ok no prob,10.0,3.0,ok prob,7,2
ham,Surly ill give it to you:-) while coming to review.,51.0,10.0,surly ill give coming review,28,5
ham,"By march ending, i should be ready. But will call you for sure. The problem is that my capital never complete. How far with you. How's work and the ladies",154.0,30.0,march ending ready call sure problem capital never complete far work lady,73,12
ham,Tessy..pls do me a favor. Pls convey my birthday wishes to Nimya..pls dnt forget it. Today is her birthday Shijas,113.0,20.0,tessy pls favor pls convey birthday wish nimya pls dnt forget today birthday shijas,83,14
ham,Pls give her the food preferably pap very slowly with loads of sugar. You can take up to an hour to give it. And then some water. Very very slowly.,147.0,30.0,pls give food preferably pap slowly load sugar take hour give water slowly,74,13
spam,"URGENT! Your Mobile No 07808726822 was awarded a å£2,000 Bonus Caller Prize on 02/09/03! This is our 2nd attempt to contact YOU! Call 0871-872-9758 BOX95QU",155.0,25.0,urgent mobile awarded bonus caller prize nd attempt contact call box qu,71,12
ham,A guy who gets used but is too dumb to realize it.,50.0,12.0,guy get used dumb realize,25,5
ham,"Okey dokey, iÛ÷ll be over in a bit just sorting some stuff out.",64.0,13.0,okey dokey bit sorting stuff,28,5
ham,Don no da:)whats you plan?,26.0,5.0,da whats plan,13,3
ham,Yes fine ,9.0,2.0,yes fine,8,2
spam,"WIN: We have a winner! Mr. T. Foley won an iPod! More exciting prizes soon, so keep an eye on ur mobile or visit www.win-82050.co.uk",132.0,25.0,win winner mr foley ipod exciting prize soon keep eye ur mobile visit www win co uk,83,17
ham,I liked the new mobile,22.0,5.0,liked new mobile,16,3
ham,Anytime...,10.0,1.0,anytime,7,1
ham,Mmmmmmm *snuggles into you* ...*deep contented sigh* ... *whispers* ... I fucking love you so much I can barely stand it ...,124.0,22.0,mmmmmmm snuggle deep contented sigh whisper fucking love much barely stand,74,11
ham,Yar but they say got some error.,32.0,7.0,yar say got error,17,4
ham,Hey anyway i have to :-),24.0,6.0,hey anyway,10,2
ham,Wow so healthy. Old airport rd lor. Cant thk of anything else. But i'll b bathing my dog later.,95.0,19.0,wow healthy old airport rd lor cant thk anything else bathing dog later,71,13
ham,Wif my family booking tour package.,35.0,6.0,wif family booking tour package,31,5
ham,"Did you say bold, then torch later. Or one torch and 2bold?",59.0,12.0,say bold torch later one torch bold,35,7
ham,"Haha awesome, I might need to take you up on that, what you doin tonight?",73.0,15.0,haha awesome might need take doin tonight,41,7
ham,Ya i knw u vl giv..its ok thanks kano..anyway enjoy wit ur family wit 1st salary..:-),85.0,16.0,ya knw vl giv ok thanks kano anyway enjoy wit ur family wit st salary,69,15
ham,Huh so slow i tot u reach long ago liao... U 2 more days only i 4 more leh...,77.0,19.0,huh slow tot reach long ago liao day leh,40,9
ham,Thats cool princess! I will cover your face in hot sticky cum :),64.0,13.0,thats cool princess cover face hot sticky cum,45,8
ham,Big brotherÛ÷s really scraped the barrel with this shower of social misfits,76.0,12.0,big brother really scraped barrel shower social misfit,54,8
ham,Oops i thk i dun haf enuff... I go check then tell Ì_..,55.0,13.0,oops thk dun haf enuff go check tell,36,8
ham,S:)8 min to go for lunch:),26.0,6.0,min go lunch,12,3
ham,"Hey. What happened? U switch off ur cell d whole day. This isnt good. Now if u do care, give me a call tomorrow.",112.0,24.0,hey happened switch ur cell whole day isnt good care give call tomorrow,71,13
ham,"K will do, addie &amp",21.0,5.0,addie amp,9,2
ham,My uncles in Atlanta. Wish you guys a great semester.,53.0,10.0,uncle atlanta wish guy great semester,37,6
ham,"Aiyo... Her lesson so early... I'm still sleepin, haha... Okie, u go home liao den confirm w me lor...",102.0,19.0,aiyo lesson early still sleepin haha okie go home liao den confirm lor,70,13
ham,Forgot to tell Ì_ smth.. Can Ì_ like number the sections so that it's clearer..,79.0,15.0,forgot tell smth like number section clearer,44,7
ham,"Yup. Anything lor, if u dun wan it's ok...",42.0,9.0,yup anything lor dun wan ok,27,6
ham,"I'm home, my love ... If your still awake ... *loving kiss*",59.0,12.0,home love still awake loving kiss,33,6
ham,HELLO PEACH! MY CAKE TASTS LUSH!,32.0,6.0,hello peach cake tasts lush,27,5
spam,"FREE GAME. Get Rayman Golf 4 FREE from the O2 Games Arcade. 1st get UR games settings. Reply POST, then save & activ8. Press 0 key for Arcade. Termsapply",153.0,29.0,free game get rayman golf free game arcade st get ur game setting reply post save activ press key arcade termsapply,115,21
ham,"There'll be a minor shindig at my place later tonight, you interested?",70.0,12.0,minor shindig place later tonight interested,44,6
ham,Jason says it's cool if we pick some up from his place in like an hour,70.0,16.0,jason say cool pick place like hour,35,7
spam,"Had your mobile 10 mths? Update to the latest Camera/Video phones for FREE. KEEP UR SAME NUMBER, Get extra free mins/texts. Text YES for a call",143.0,26.0,mobile mths update latest camera video phone free keep ur number get extra free min text text yes call,102,19
ham,I (Career Tel) have added u as a contact on INDYAROCKS.COM to send FREE SMS. To remove from phonebook - sms NO to  &lt,118.0,24.0,career tel added contact indyarocks com send free sm remove phonebook sm lt,75,13
ham,I've reached already.,21.0,3.0,reached already,15,2
ham,I dont know ask to my brother. Nothing problem some thing that. Just i told .,77.0,16.0,dont know ask brother nothing problem thing told,48,8
ham,K:)eng rocking in ashes:),25.0,4.0,eng rocking ash,15,3
ham,Wat time r Ì_ going to xin's hostel?,36.0,8.0,wat time going xin hostel,25,5
ham,Good Morning my Dear Shijutta........... Have a great &amp,58.0,9.0,good morning dear shijutta great amp,36,6
spam,Buy Space Invaders 4 a chance 2 win orig Arcade Game console. Press 0 for Games Arcade (std WAP charge) See o2.co.uk/games 4 Terms + settings. No purchase,154.0,28.0,buy space invader chance win orig arcade game console press game arcade std wap charge see co uk game term setting purchase,123,22
ham,Oh k:)after that placement there ah?,36.0,6.0,oh placement ah,15,3
ham,"Not for possession, especially not first offense",48.0,7.0,possession especially first offense,35,4
ham,"Nt only for driving even for many reasons she is called BBD..thts it chikku, then hw abt dvg cold..heard tht vinobanagar violence hw is the condition..and hw ru ? Any problem?",175.0,31.0,nt driving even many reason called bbd thts chikku hw abt dvg cold heard tht vinobanagar violence hw condition hw ru problem,124,22
ham,I bought the test yesterday. Its something that lets you know the exact day u ovulate.when will get 2u in about 2 to 3wks. But pls pls dont fret. I know u r worried. Pls relax. Also is there anything in ur past history u need to tell me?,237.0,49.0,bought test yesterday something let know exact day ovulate get wks pls pls dont fret know worried pls relax also anything ur past history need tell,147,26
ham,We have pizza if u want,23.0,6.0,pizza want,10,2
ham,"I keep seeing weird shit and bein all \woah\"" then realising it's actually reasonable and I'm all \""oh\""""",105.0,18.0,keep seeing weird shit bein woah realising actually reasonable oh,65,10
ham,Many more happy returns of the day. I wish you happy birthday.,62.0,12.0,many happy return day wish happy birthday,41,7
ham,Ya very nice. . .be ready on thursday,37.0,8.0,ya nice ready thursday,22,4
ham,I am in hospital da. . I will return home in evening,52.0,12.0,hospital da return home evening,31,5
ham,\Thinking of u ,15.0,3.0,thinking,8,1
spam,Camera - You are awarded a SiPix Digital Camera! call 09061221066 fromm landline. Delivery within 28 days.,106.0,17.0,camera awarded sipix digital camera call fromm landline delivery within day,75,11
ham,Orh i tot u say she now still dun believe.,42.0,10.0,orh tot say still dun believe,29,6
ham,"When you just put in the + sign, choose my number and the pin will show. Right?",79.0,17.0,put sign choose number pin show right,37,7
ham,The beauty of life is in next second.. which hides thousands of secrets. I wish every second will be wonderful in ur life...!! gud n8,133.0,25.0,beauty life next second hide thousand secret wish every second wonderful ur life gud,84,14
ham,Thanx u darlin!im cool thanx. A few bday drinks 2 nite. 2morrow off! Take care c u soon.xxx,91.0,18.0,thanx darlin im cool thanx bday drink nite morrow take care soon xxx,68,13
ham,"If you're still up, maybe leave the credit card so I can get gas when I get back like he told me to",99.0,23.0,still maybe leave credit card get gas get back like told,56,11
spam,Your weekly Cool-Mob tones are ready to download !This weeks new Tones include: 1) Crazy Frog-AXEL F>>> 2) Akon-Lonely>>> 3) Black Eyed-Dont P >>>More info in n,160.0,27.0,weekly cool mob tone ready download week new tone include crazy frog axel akon lonely black eyed dont info,106,19
ham,Well boy am I glad G wasted all night at applebees for nothing,62.0,13.0,well boy glad wasted night applebees nothing,44,7
spam,Cashbin.co.uk (Get lots of cash this weekend!) www.cashbin.co.uk Dear Welcome to the weekend We have got our biggest and best EVER cash give away!! These..,155.0,25.0,cashbin co uk get lot cash weekend www cashbin co uk dear welcome weekend got biggest best ever cash give away,110,21
ham,Ok lor... Or u wan me go look 4 u?,34.0,10.0,ok lor wan go look,18,5
ham,U wan 2 haf lunch i'm in da canteen now.,40.0,10.0,wan haf lunch da canteen,24,5
ham,Don't make life too stressfull.. Always find time to Laugh.. It may not add years to your Life! But surely adds more life to ur years!! Gud ni8..swt dreams..,157.0,29.0,make life stressfull always find time laugh may add year life surely add life ur year gud ni swt dream,102,20
ham,"hey, looks like I was wrong and one of the kappa guys numbers is still on my phone, if you want I can text him and see if he's around",133.0,30.0,hey look like wrong one kappa guy number still phone want text see around,73,14
spam,URGENT! Your Mobile number has been awarded with a å£2000 prize GUARANTEED. Call 09061790121 from land line. Claim 3030. Valid 12hrs only 150ppm,144.0,23.0,urgent mobile number awarded prize guaranteed call land line claim valid hr ppm,79,13
spam,Thanks 4 your continued support Your question this week will enter u in2 our draw 4 å£100 cash. Name the NEW US President? txt ans to 80082,139.0,27.0,thanks continued support question week enter draw cash name new u president txt an,82,14
ham,I'm home. Doc gave me pain meds says everything is fine.,56.0,11.0,home doc gave pain med say everything fine,42,8
ham,It's Ì© only $140 ard...Ìä rest all ard $180 at least...Which is Ì© price 4 Ì© 2 bedrm ($900),93.0,19.0,ard rest ard least price bedrm,30,6
ham,Me too! Have a lovely night xxx,31.0,7.0,lovely night xxx,16,3
ham,Prepare to be pleasured :),26.0,5.0,prepare pleasured,17,2
ham,Hi.:)technical support.providing assistance to us customer through call and email:),83.0,10.0,hi technical support providing assistance u customer call email,63,9
ham,if you text on your way to cup stop that should work. And that should be BUS,76.0,17.0,text way cup stop work bus,26,6
ham,Whens your radio show?,22.0,4.0,whens radio show,16,3
spam,Your unique user ID is 1172. For removal send STOP to 87239 customer services 08708034412,89.0,15.0,unique user id removal send stop customer service,49,8
ham,I'm not sure if its still available though,42.0,8.0,sure still available though,27,4
ham,watever reLation u built up in dis world only thing which remains atlast iz lonlines with lotz n lot memories! feeling..,120.0,21.0,watever relation built dis world thing remains atlast iz lonlines lotz lot memory feeling,89,14
ham,CHEERS LOU! YEAH WAS A GOODNITE SHAME U NEVA CAME! C YA GAILxx,62.0,13.0,cheer lou yeah goodnite shame neva came ya gailxx,49,9
ham,Hi..i got the money da:),24.0,5.0,hi got money da,15,4
ham,"Hi, Mobile no.  &lt",19.0,4.0,hi mobile lt,12,3
ham,Ok then u tell me wat time u coming later lor.,46.0,11.0,ok tell wat time coming later lor,33,7
ham,U repeat e instructions again. Wat's e road name of ur house?,61.0,12.0,repeat instruction wat road name ur house,41,7
ham,"So many people seems to be special at first sight, But only very few will remain special to you till your last sight.. Maintain them till life ends.. Sh!jas",156.0,29.0,many people seems special first sight remain special till last sight maintain till life end sh jas,98,17
ham,Quite lor. But dun tell him wait he get complacent...,53.0,10.0,quite lor dun tell wait get complacent,38,7
ham,Sorry completely forgot * will pop em round this week if your still here?,73.0,14.0,sorry completely forgot pop em round week still,47,8
ham,U R THE MOST BEAUTIFUL GIRL IVE EVER SEEN. U R MY BABY COME AND C ME IN THE COMMON ROOM,87.0,21.0,beautiful girl ive ever seen baby come common room,50,9
ham,O we cant see if we can join denis and mina? Or does denis want alone time,74.0,17.0,cant see join denis mina denis want alone time,46,9
ham,Sen told that he is going to join his uncle finance in cbe,58.0,13.0,sen told going join uncle finance cbe,37,7
ham,Yup... Hey then one day on fri we can ask miwa and jiayin take leave go karaoke ,80.0,17.0,yup hey one day fri ask miwa jiayin take leave go karaoke,57,12
ham,"Call me, i am senthil from hsbc.",32.0,7.0,call senthil hsbc,17,3
ham,"Especially since i talk about boston all up in my personal statement, lol! I woulda changed that if i had realized it said nyc! It says boston now.",147.0,28.0,especially since talk boston personal statement lol woulda changed realized said nyc say boston,95,14
ham,Indeed and by the way it was either or - not both !,51.0,13.0,indeed way either,17,3
spam,"Urgent -call 09066649731from Landline. Your complimentary 4* Ibiza Holiday or å£10,000 cash await collection SAE T&Cs PO BOX 434 SK3 8WP 150ppm 18+",147.0,23.0,urgent call landline complimentary ibiza holiday cash await collection sae c po box sk wp ppm,93,16
ham,Holy living christ what is taking you so long,45.0,9.0,holy living christ taking long,30,5
ham,ÌÏ thk of wat to eat tonight.,29.0,7.0,thk wat eat tonight,19,4
ham,"Thanx. Yup we coming back on sun. Finish dinner going back 2 hotel now. Time flies, we're tog 4 exactly a mth today. Hope we'll haf many more mths to come...",157.0,31.0,thanx yup coming back sun finish dinner going back hotel time fly tog exactly mth today hope haf many mths come,111,21
ham,We're on the opposite side from where we dropped you off,56.0,11.0,opposite side dropped,21,3
ham,Yup. Izzit still raining heavily cos i'm in e mrt i can't c outside.,68.0,14.0,yup izzit still raining heavily co mrt outside,46,8
ham,Send me your resume:-),22.0,4.0,send resume,11,2
ham,Gd luck 4 ur exams :-),22.0,6.0,gd luck ur exam,15,4
ham,Or u ask they all if next sat can a not. If all of them can make it then i'm ok lor.,84.0,22.0,ask next sat make ok lor,24,6
ham,Sorry that was my uncle. I.ll keep in touch,43.0,9.0,sorry uncle keep touch,22,4
ham,Saw Guys and Dolls last night with Patrick Swayze it was great,62.0,12.0,saw guy doll last night patrick swayze great,44,8
spam,URGENT This is our 2nd attempt to contact U. Your å£900 prize from YESTERDAY is still awaiting collection. To claim CALL NOW 09061702893,136.0,23.0,urgent nd attempt contact prize yesterday still awaiting collection claim call,78,11
spam,Santa calling! Would your little ones like a call from Santa Xmas Eve? Call 09077818151 to book you time. Calls1.50ppm last 3mins 30s T&C www.santacalling.com,158.0,25.0,santa calling would little one like call santa xmas eve call book time call ppm last min www santacalling com,109,20
ham,Just come home. I don't want u to be miserable,46.0,10.0,come home want miserable,24,4
ham,I dont know why she.s not getting your messages,47.0,9.0,dont know getting message,25,4
ham,"its cool but tyler had to take off so we're gonna buy for him and drop it off at his place later tonight. Our total order is a quarter, you got enough?",151.0,32.0,cool tyler take gon na buy drop place later tonight total order quarter got enough,82,15
ham,"The guy at the car shop who was flirting with me got my phone number from the paperwork and called and texted me. I'm nervous because of course now he may have my address. Should i call his boss and tell him, knowing this may get him fired?",240.0,48.0,guy car shop flirting got phone number paperwork called texted nervous course may address call bos tell knowing may get fired,125,21
ham,Reverse is cheating. That is not mathematics.,45.0,7.0,reverse cheating mathematics,28,3
ham,How do you plan to manage that,30.0,7.0,plan manage,11,2
ham,"Er, hello, things didnÛ÷t quite go to plan ÛÒ is limping slowly home followed by aa and with exhaust hanging off",114.0,21.0,er hello thing quite go plan limping slowly home followed aa exhaust hanging,76,13
ham,Sorry for the delay. Yes masters,32.0,6.0,sorry delay yes master,22,4
ham,Call me when u finish then i come n pick u.,43.0,11.0,call finish come pick,21,4
spam,PRIVATE! Your 2004 Account Statement for 078498****7 shows 786 unredeemed Bonus Points. To claim call 08719180219 Identifier Code: 45239 Expires 06.05.05,153.0,21.0,private account statement show unredeemed bonus point claim call identifier code expires,88,12
ham,What's up my own oga. Left my phone at home and just saw ur messages. Hope you are good. Have a great weekend.,110.0,23.0,oga left phone home saw ur message hope good great weekend,58,11
ham,"Don't worry though, I understand how important it is that I be put in my place with a poorly thought out punishment in the face of the worst thing that has ever happened to me. Brb gonna go kill myself",201.0,40.0,worry though understand important put place poorly thought punishment face worst thing ever happened brb gon na go kill,119,19
ham,"Honey, can you pls find out how much they sell Predicte in Nigeria. And how many times can it be used. Its very important to have a reply before monday",151.0,30.0,honey pls find much sell predicte nigeria many time used important reply monday,79,13
ham,E admin building there? I might b slightly earlier... I'll call u when i'm reaching...,86.0,15.0,admin building might slightly earlier call reaching,51,7
ham,"fyi I'm at usf now, swing by the room whenever",46.0,10.0,fyi usf swing room whenever,27,5
ham,i can call in  &lt,18.0,5.0,call lt,7,2
ham,Ummmmmaah Many many happy returns of d day my dear sweet heart.. HAPPY BIRTHDAY dear,84.0,15.0,ummmmmaah many many happy return day dear sweet heart happy birthday dear,73,12
ham,ÌÏ no home work to do meh... ,29.0,7.0,home work meh,13,3
ham,Anything is valuable in only 2 situations: First- Before getting it... Second- After loosing it...,98.0,15.0,anything valuable situation first getting second loosing,56,7
ham,Me too. Mark is taking forever to pick up my prescription and the pain is coming back.,86.0,17.0,mark taking forever pick prescription pain coming back,54,8
ham,How's ur paper?,15.0,3.0,ur paper,8,2
ham,Got smaller capacity one? Quite ex...,37.0,6.0,got smaller capacity one quite ex,33,6
spam,Check Out Choose Your Babe Videos @ sms.shsex.netUN fgkslpoPW fgkslpo,69.0,10.0,check choose babe video sm shsex netun fgkslpopw fgkslpo,56,9
ham,Im good! I have been thinking about you...,42.0,8.0,im good thinking,16,3
spam,u r a winner U ave been specially selected 2 receive å£1000 cash or a 4* holiday (flights inc) speak to a live operator 2 claim 0871277810710p/min (18 ),152.0,29.0,winner ave specially selected receive cash holiday flight inc speak live operator claim min,91,14
ham,:-) :-),7.0,2.0,,0,0
ham,Not thought bout it... || Drink in tap & spile at seven. || Is that pub on gas st off broad st by canal. || Ok?,111.0,26.0,thought bout drink tap spile seven pub gas st broad st canal ok,63,13
ham,I am going to sleep. I am tired of travel.,42.0,10.0,going sleep tired travel,24,4
ham,"Haha, just what I was thinkin",29.0,6.0,haha thinkin,12,2
ham,Yup but it's not giving me problems now so mayb i'll jus leave it...,68.0,14.0,yup giving problem mayb jus leave,33,6
ham,Lol no. Just trying to make your day a little more interesting,62.0,12.0,lol trying make day little interesting,38,6
ham,"How long before you get reply, just defer admission til next semester",69.0,12.0,long get reply defer admission til next semester,48,8
ham,"The word \Checkmate\"" in chess comes from the Persian phrase \""Shah Maat\"" which means",86.0,14.0,word checkmate chess come persian phrase shah maat mean,55,9
ham,Po de :-):):-):-):-). No need job aha.,38.0,7.0,po de need job aha,18,5
ham,Rats. Hey did u ever vote for the next themes?,46.0,10.0,rat hey ever vote next theme,28,6
spam,"New Mobiles from 2004, MUST GO! Txt: NOKIA to No: 89545 & collect yours today! From ONLY å£1. www.4-tc.biz 2optout 087187262701.50gbp/mtmsg18 TXTAUCTION.",153.0,22.0,new mobile must go txt nokia collect today www tc biz optout gbp mtmsg txtauction,81,15
ham,I hope your pee burns tonite.,29.0,6.0,hope pee burn tonite,20,4
ham,"OH RITE. WELL IM WITH MY BEST MATE PETE, WHO I WENT OUT WITH 4 A WEEK+ NOW WERE 2GEVA AGAIN. ITS BEEN LONGER THAN A WEEK.",121.0,27.0,oh rite well im best mate pete went week geva longer week,57,12
ham,Yay can't wait to party together!,33.0,6.0,yay wait party together,23,4
ham,....photoshop makes my computer shut down.,42.0,6.0,photoshop make computer shut,28,4
ham,All boys made fun of me today. Ok i have no problem. I just sent one message just for fun,89.0,20.0,boy made fun today ok problem sent one message fun,50,10
ham,That's one of the issues but california is okay. No snow so its manageable,74.0,14.0,one issue california okay snow manageable,41,6
spam,PRIVATE! Your 2003 Account Statement for shows 800 un-redeemed S. I. M. points. Call 08715203652 Identifier Code: 42810 Expires 29/10/0,135.0,20.0,private account statement show un redeemed point call identifier code expires,77,11
ham,"Hmmm.... Mayb can try e shoppin area one, but forgot e name of hotel...",71.0,14.0,hmmm mayb try shoppin area one forgot name hotel,48,9
ham,"Awesome, that gonna be soon or later tonight?",45.0,8.0,awesome gon na soon later tonight,33,6
ham,I need details about that online job.,37.0,7.0,need detail online job,22,4
spam,YOU HAVE WON! As a valued Vodafone customer our computer has picked YOU to win a å£150 prize. To collect is easy. Just call 09061743386 ,136.0,25.0,valued vodafone customer computer picked win prize collect easy call,68,10
ham,Missing you too.pray inshah allah,33.0,5.0,missing pray inshah allah,25,4
ham,Pls help me tell Ashley that i cant find her number oh,54.0,12.0,pls help tell ashley cant find number oh,40,8
ham,I am in escape theatre now. . Going to watch KAVALAN in a few minutes,69.0,15.0,escape theatre going watch kavalan minute,41,6
ham,S.this will increase the chance of winning.,43.0,7.0,increase chance winning,23,3
ham,either way works for me. I am  &lt,34.0,8.0,either way work lt,18,4
ham,Maybe you should find something else to do instead???,53.0,9.0,maybe find something else instead,33,5
ham,Gain the rights of a wife.dont demand it.i am trying as husband too.Lets see,76.0,14.0,gain right wife dont demand trying husband let see,50,9
ham,I liked your new house,22.0,5.0,liked new house,15,3
ham,I'm fine. Hope you are also,27.0,6.0,fine hope also,14,3
ham,"Also north carolina and texas atm, you would just go to the gre site and pay for the test results to be sent.",109.0,23.0,also north carolina texas atm would go gre site pay test result sent,68,13
ham,Same to u...,12.0,3.0,,0,0
ham,yes baby! I need to stretch open your pussy!,44.0,9.0,yes baby need stretch open pussy,32,6
ham,Thanks  and ! Or bomb and date as my phone wanted to say! ,58.0,13.0,thanks bomb date phone wanted say,33,6
ham,Ok...,5.0,1.0,ok,2,1
ham,"Hey, a guy I know is breathing down my neck to get him some bud, anyway you'd be able to get a half track to usf tonight?",121.0,27.0,hey guy know breathing neck get bud anyway able get half track usf tonight,74,14
ham,"\Response\"" is one of d powerful weapon 2 occupy a place in others 'HEART'... So",80.0,15.0,response one powerful weapon occupy place others heart,54,8
ham,Nokia phone is lovly..,22.0,4.0,nokia phone lovly,17,3
spam,**FREE MESSAGE**Thanks for using the Auction Subscription Service. 18 . 150p/MSGRCVD 2 Skip an Auction txt OUT. 2 Unsubscribe txt STOP CustomerCare 08718726270,159.0,23.0,free message thanks using auction subscription service msgrcvd skip auction txt unsubscribe txt stop customercare,113,15
spam,Bored housewives! Chat n date now! 0871750.77.11! BT-national rate 10p/min only from landlines!,95.0,13.0,bored housewife chat date bt national rate min landline,55,9
ham,Sorry da..today i wont come to play..i have driving clas..,58.0,10.0,sorry da today wont come play driving clas,42,8
ham,I'm really sorry I lit your hair on fire,40.0,9.0,really sorry lit hair fire,26,5
ham,"Oh! Shit, I thought that was your trip! Loooooool ... That just makes SO much more sense now ... *grins* and the sofa reference was ... The \sleep on a couch\"" link you sent me ... Wasn't that how you went on your trip ? Oh ... And didn't your babe go with you for that celebration with your rents?""",299.0,60.0,oh shit thought trip loooooool make much sense grin sofa reference sleep couch link sent went trip oh babe go celebration rent,126,22
ham,Okey dokey swashbuckling stuff what oh.,39.0,6.0,okey dokey swashbuckling stuff oh,33,5
ham,"Watching cartoon, listening music &amp",38.0,5.0,watching cartoon listening music amp,36,5
ham,1. Tension face 2. Smiling face 3. Waste face 4. Innocent face 5.Terror face 6.Cruel face 7.Romantic face 8.Lovable face 9.decent face  &lt,139.0,23.0,tension face smiling face waste face innocent face terror face cruel face romantic face lovable face decent face lt,115,19
ham,Dip's cell dead. So i m coming with him. U better respond else we shall come back.,82.0,17.0,dip cell dead coming better respond else shall come back,56,10
ham,Well. You know what i mean. Texting,35.0,7.0,well know mean texting,22,4
ham,Hi dis is yijue i would be happy to work wif Ì_ all for gek1510...,66.0,15.0,hi dis yijue would happy work wif gek,37,8
ham,Lol! Oops sorry! Have fun. ,27.0,5.0,lol oops sorry fun,18,4
ham,Wat happened to the cruise thing,32.0,6.0,wat happened cruise thing,25,4
ham,"I know dat feelin had it with Pete! Wuld get with em , nuther place nuther time mayb?",85.0,18.0,know dat feelin pete wuld get em nuther place nuther time mayb,62,12
spam,lyricalladie(21/F) is inviting you to be her friend. Reply YES-910 or NO-910. See her: www.SMS.ac/u/hmmross STOP? Send STOP FRND to 62468,137.0,21.0,lyricalladie inviting friend reply yes see www sm ac hmmross stop send stop frnd,80,14
ham,The world's most happiest frnds never have the same characters... Dey just have the best understanding of their differences...,126.0,19.0,world happiest frnds never character dey best understanding difference,70,9
spam,No 1 POLYPHONIC tone 4 ur mob every week! Just txt PT2 to 87575. 1st Tone FREE ! so get txtin now and tell ur friends. 150p/tone. 16 reply HL 4info,147.0,31.0,polyphonic tone ur mob every week txt pt st tone free get txtin tell ur friend tone reply hl info,97,20
ham,Yeah just open chat and click friend lists. Then make the list. Easy as pie,75.0,15.0,yeah open chat click friend list make list easy pie,51,10
ham,alright tyler's got a minor crisis and has to be home sooner than he thought so be here asap,92.0,19.0,alright tyler got minor crisis home sooner thought asap,55,9
ham,When/where do I pick you up,27.0,6.0,pick,4,1
ham,As usual u can call me ard 10 smth.,35.0,9.0,usual call ard smth,19,4
ham,"New Theory: Argument wins d SITUATION, but loses the PERSON. So dont argue with ur friends just.. . . . kick them &amp",118.0,23.0,new theory argument win situation loses person dont argue ur friend kick amp,76,13
ham,For many things its an antibiotic and it can be used for chest abdomen and gynae infections even bone infections.,113.0,20.0,many thing antibiotic used chest abdomen gynae infection even bone infection,76,11
ham,Poor girl can't go one day lmao,31.0,7.0,poor girl go one day lmao,25,6
ham,Or just do that 6times,22.0,5.0,time,4,1
spam,Todays Vodafone numbers ending with 4882 are selected to a receive a å£350 award. If your number matches call 09064019014 to receive your å£350 award.,150.0,25.0,today vodafone number ending selected receive award number match call receive award,83,12
ham,You have to pls make a note of all she.s exposed to. Also find out from her school if anyone else was vomiting. Is there a dog or cat in the house? Let me know later.,166.0,36.0,pls make note exposed also find school anyone else vomiting dog cat house let know later,88,16
ham,"Japanese Proverb: If one Can do it, U too Can do it, If none Can do it,U must do it Indian version: If one Can do it, LET HIM DO it.. If none Can do it,LEAVE it!! And finally Kerala version: If one can do it, Stop him doing it.. If none can do it, Make a strike against it ...",276.0,61.0,japanese proverb one none must indian version one let none leave finally kerala version one stop none make strike,113,19
ham,Sounds like there could be a lot of time spent in that chastity device boy ... *grins* ... Or take your beatings like a good dog. Going to lounge in a nice long bath now ?,171.0,36.0,sound like could lot time spent chastity device boy grin take beating like good dog going lounge nice long bath,111,20
ham,Its worse if if uses half way then stops. Its better for him to complete it.,76.0,16.0,worse us half way stop better complete,38,7
ham,Miserable. They don't tell u that the side effects of birth control are massive gut wrenching cramps for the first 2 months. I didn't sleep at all last night.,158.0,29.0,miserable tell side effect birth control massive gut wrenching cramp first month sleep last night,97,15
ham,Send me the new number,22.0,5.0,send new number,15,3
ham,Convey my regards to him,24.0,5.0,convey regard,13,2
spam,Want the latest Video handset? 750 anytime any network mins? Half price line rental? Reply or call 08000930705 for delivery tomorrow,132.0,21.0,want latest video handset anytime network min half price line rental reply call delivery tomorrow,97,15
ham,2 and half years i missed your friendship:-),44.0,8.0,half year missed friendship,27,4
ham,I cant pick the phone right now. Pls send a message,51.0,11.0,cant pick phone right pls send message,38,7
ham,Oh for fuck's sake she's in like tallahassee,44.0,8.0,oh fuck sake like tallahassee,29,5
ham,"Haha, that was the first person I was gonna ask",47.0,10.0,haha first person gon na ask,28,6
spam,"ou are guaranteed the latest Nokia Phone, a 40GB iPod MP3 player or a å£500 prize! Txt word: COLLECT to No: 83355! IBHltd LdnW15H 150p/Mtmsgrcvd18",146.0,25.0,ou guaranteed latest nokia phone gb ipod mp player prize txt word collect ibhltd ldnw mtmsgrcvd,95,16
ham,Taka lor. Wat time u wan 2 come n look 4 us?,44.0,12.0,taka lor wat time wan come look u,33,8
spam,* FREE* POLYPHONIC RINGTONE Text SUPER to 87131 to get your FREE POLY TONE of the week now! 16 SN PoBox202 NR31 7ZS subscription 450pw,134.0,25.0,free polyphonic ringtone text super get free poly tone week sn pobox nr z subscription pw,89,16
ham,\I,2.0,1.0,,0,0
ham,"no, i *didn't* mean to post it. I wrote it, and like so many other times i've ritten stuff to you, i let it sit there. it WAS what i was feeling at the time. I was angry. Before i left, i hit send, then stop. It wasn't there. I checked on my phone when i got to my car. It wasn't there. You said you didn't sleep, you were bored. So why wouldn't THAT be the time to clean, fold laundry, etc.? At least make the bed?",415.0,88.0,mean post wrote like many time ritten stuff let sit feeling time angry left hit send stop checked phone got car said sleep bored time clean fold laundry etc least make bed,171,32
spam,Warner Village 83118 C Colin Farrell in SWAT this wkend @Warner Village & get 1 free med. Popcorn!Just show msg+ticket@kiosk.Valid 4-7/12. C t&c @kiosk. Reply SONY 4 mre film offers,181.0,30.0,warner village colin farrell swat wkend warner village get free med popcorn show msg ticket kiosk valid kiosk reply sony mre film offer,135,23
ham,Will you come online today night,32.0,6.0,come online today night,23,4
ham,Then anything special?,22.0,3.0,anything special,16,2
ham,"I'm in solihull, | do you want anything?",40.0,8.0,solihull want anything,22,3
ham,Will do. Have a good day,24.0,6.0,good day,8,2
ham,WE REGRET TO INFORM U THAT THE NHS HAS MADE A MISTAKE.U WERE NEVER ACTUALLY BORN.PLEASE REPORT 2 YOR LOCAL HOSPITAL 2B TERMINATED.WE R SORRY 4 THE INCONVENIENCE,160.0,28.0,regret inform nh made mistake never actually born please report yor local hospital terminated sorry inconvenience,113,16
ham,Love that holiday Monday feeling even if I have to go to the dentists in an hour,80.0,17.0,love holiday monday feeling even go dentist hour,48,8
ham,I am on the way to tirupur.,27.0,7.0,way tirupur,11,2
spam,"Goal! Arsenal 4 (Henry, 7 v Liverpool 2 Henry scores with a simple shot from 6 yards from a pass by Bergkamp to give Arsenal a 2 goal margin after 78 mins.",155.0,32.0,goal arsenal henry liverpool henry score simple shot yard pas bergkamp give arsenal goal margin min,99,16
ham,You've already got a flaky parent. It'snot supposed to be the child's job to support the parent...not until they're The Ride age anyway. I'm supposed to be there to support you. And now i've hurt you. unintentional. But hurt nonetheless.,237.0,40.0,already got flaky parent snot supposed child job support parent ride age anyway supposed support hurt unintentional hurt nonetheless,132,19
ham,We took hooch for a walk toaday and i fell over! Splat! Grazed my knees and everything! Should have stayed at home! See you tomorrow! ,134.0,25.0,took hooch walk toaday fell splat grazed knee everything stayed home see tomorrow,81,13
ham,"Just dropped em off, omw back now",33.0,7.0,dropped em omw back,19,4
spam,"This is the 2nd time we have tried 2 contact u. U have won the 750 Pound prize. 2 claim is easy, call 08712101358 NOW! Only 10p per min. BT-national-rate",153.0,30.0,nd time tried contact pound prize claim easy call per min bt national rate,74,14
ham,Sitting in mu waiting for everyone to get out of my suite so I can take a shower,80.0,18.0,sitting mu waiting everyone get suite take shower,49,8
ham,Re your call,12.0,3.0,call,4,1
ham,"G says you never answer your texts, confirm/deny",48.0,8.0,say never answer text confirm deny,34,6
ham,"Its so common hearin How r u? Wat r u doing? How was ur day? So let me ask u something different. Did u smile today? If not, do it now.... Gud evng.",148.0,33.0,common hearin wat ur day let ask something different smile today gud evng,73,13
ham,Hi Dear Call me its urgnt. I don't know whats your problem. You don't want to work or if you have any other problem at least tell me. Wating for your reply.,156.0,32.0,hi dear call urgnt know whats problem want work problem least tell wating reply,79,14
ham,Oh yah... We never cancel leh... Haha ,38.0,7.0,oh yah never cancel leh haha,28,6
ham,We can go 4 e normal pilates after our intro...  ,49.0,10.0,go normal pilate intro,22,4
ham,Ok... Let u noe when i leave my house.,38.0,9.0,ok let noe leave house,22,5
ham,"Oh yes, why is it like torture watching england?",48.0,9.0,oh yes like torture watching england,36,6
ham,Wanna do some art?! :D,22.0,5.0,wan na art,10,3
ham,Just hopeing that wasnÛ÷t too pissed up to remember and has gone off to his sisters or something!,98.0,18.0,hopeing pissed remember gone sister something,45,6
spam,"Got what it takes 2 take part in the WRC Rally in Oz? U can with Lucozade Energy! Text RALLY LE to 61200 (25p), see packs or lucozade.co.uk/wrc & itcould be u!",159.0,32.0,got take take part wrc rally oz lucozade energy text rally le see pack lucozade co uk wrc itcould,97,19
spam,"Hi, the SEXYCHAT girls are waiting for you to text them. Text now for a great night chatting. send STOP to stop this service",124.0,24.0,hi sexychat girl waiting text text great night chatting send stop stop service,78,13
ham,"Good morning, my boytoy! How's those yummy lips ? Where's my sexy buns now ? What do you do ? Do you think of me ? Do you crave me ? Do you need me ?",149.0,36.0,good morning boytoy yummy lip sexy bun think crave need,55,10
ham,Match started.india  &lt,24.0,3.0,match started india lt,22,4
ham,Once free call me sir.,22.0,5.0,free call sir,13,3
ham,Hey do you want anything to buy:),33.0,7.0,hey want anything buy,21,4
ham,"Hey babe, how's it going ? Did you ever figure out where your going for New Years ?",83.0,18.0,hey babe going ever figure going new year,41,8
ham,K..k.:)congratulation ..,24.0,2.0,congratulation,14,1
ham,G wants to know where the fuck you are,38.0,9.0,want know fuck,14,3
ham,No it was cancelled yeah baby! Well that sounds important so i understand my darlin give me a ring later on this fone love Kate x,129.0,26.0,cancelled yeah baby well sound important understand darlin give ring later fone love kate,89,14
ham,Tomarrow i want to got to court. At  &lt,40.0,9.0,tomarrow want got court lt,26,5
ham,ÌÏ go home liao? Ask dad to pick me up at 6...,46.0,12.0,go home liao ask dad pick,25,6
ham,Omg you can make a wedding chapel in frontierville? Why do they get all the good stuff?,87.0,17.0,omg make wedding chapel frontierville get good stuff,52,8
ham,"I'm eatin now lor, but goin back to work soon... E mountain deer show huh... I watch b4 liao, very nice...",106.0,21.0,eatin lor goin back work soon mountain deer show huh watch liao nice,68,13
ham,Check mail.i have mailed varma and kept copy to you regarding membership.take care.insha allah.,95.0,14.0,check mail mailed varma kept copy regarding membership take care insha allah,76,12
ham,Wrong phone! This phone! I answer this one but assume the other is people i don't well,86.0,17.0,wrong phone phone answer one assume people well,47,8
ham,"Anyway I don't think I can secure anything up here, lemme know if you want me to drive down south and chill",107.0,22.0,anyway think secure anything lem know want drive south chill,60,10
ham,I'm already back home so no probably not,40.0,8.0,already back home probably,26,4
spam,Great News! Call FREEFONE 08006344447 to claim your guaranteed å£1000 CASH or å£2000 gift. Speak to a live operator NOW!,120.0,20.0,great news call freefone claim guaranteed cash gift speak live operator,71,11
spam,"Hi this is Amy, we will be sending you a free phone number in a couple of days, which will give you an access to all the adult parties...",137.0,29.0,hi amy sending free phone number couple day give access adult party,67,12
ham,I am in bus on the way to calicut,33.0,9.0,bus way calicut,15,3
ham,Hi its me you are probably having too much fun to get this message but i thought id txt u cos im bored! and james has been farting at me all night,146.0,32.0,hi probably much fun get message thought id txt co im bored james farting night,79,15
ham,hi baby im sat on the bloody bus at the mo and i wont be home until about 7:30 wanna do somethin later? call me later ortxt back jess xx,136.0,30.0,hi baby im sat bloody bus mo wont home wan na somethin later call later ortxt back jess xx,90,19
spam,"Welcome to Select, an O2 service with added benefits. You can now call our specially trained advisors FREE from your mobile by dialling 402.",140.0,24.0,welcome select service added benefit call specially trained advisor free mobile dialling,88,12
ham,I lost 4 pounds since my doc visit last week woot woot! Now I'm gonna celebrate by stuffing my face!,100.0,20.0,lost pound since doc visit last week woot woot gon na celebrate stuffing face,77,14
ham,U coming back 4 dinner rite? Dad ask me so i re confirm wif u...,64.0,15.0,coming back dinner rite dad ask confirm wif,43,8
ham,Doing my masters. When will you buy a bb cos i have for sale and how's bf,73.0,17.0,master buy bb co sale bf,24,6
ham,"Ahhhh...just woken up!had a bad dream about u tho,so i dont like u right now :) i didnt know anything about comedy night but i guess im up for it.",146.0,30.0,ahhhh woken bad dream tho dont like right didnt know anything comedy night guess im,83,15
ham,I'm vivek:)i got call from your number.,39.0,7.0,vivek got call number,21,4
ham,Why didn't u call on your lunch?,32.0,7.0,call lunch,10,2
ham,"What i mean was i left too early to check, cos i'm working a 9-6.",65.0,15.0,mean left early check co working,32,6
ham,I want  &lt,11.0,3.0,want lt,7,2
ham,"A bit of Ur smile is my hppnss, a drop of Ur tear is my sorrow, a part of Ur heart is my life, a heart like mine wil care for U, forevr as my GOODFRIEND",152.0,36.0,bit ur smile hppnss drop ur tear sorrow part ur heart life heart like mine wil care forevr goodfriend,101,19
ham,Yup ok...,9.0,2.0,yup ok,6,2
ham,I want to see your pretty pussy...,34.0,7.0,want see pretty pussy,21,4
spam,Dear Voucher holder Have your next meal on us. Use the following link on your pc 2 enjoy a 2 4 1 dining experiencehttp://www.vouch4me.com/etlp/dining.asp,153.0,24.0,dear voucher holder next meal u use following link pc enjoy dining experiencehttp www vouch com etlp dining asp,111,19
ham,"A few people are at the game, I'm at the mall with iouri and kaila",66.0,15.0,people game mall iouri kaila,28,5
spam,URGENT! We are trying to contact U. Todays draw shows that you have won a å£2000 prize GUARANTEED. Call 09058094507 from land line. Claim 3030. Valid 12hrs only,160.0,28.0,urgent trying contact today draw show prize guaranteed call land line claim valid hr,84,14
spam,You can donate å£2.50 to UNICEF's Asian Tsunami disaster support fund by texting DONATE to 864233. å£2.50 will be added to your next bill,137.0,24.0,donate unicef asian tsunami disaster support fund texting donate added next bill,80,12
ham,Future is not what we planned for tomorrow.....! it is the result of what we do today...! Do the best in present... enjoy the future.,133.0,25.0,future planned tomorrow result today best present enjoy future,62,9
ham,I will cme i want to go to hos 2morow. After that i wil cme. This what i got from her dear what to do. She didnt say any time,125.0,30.0,cme want go ho morow wil cme got dear didnt say time,52,12
ham,We are supposed to meet to discuss abt our trip... Thought xuhui told you? In the afternoon. Thought we can go for lesson after that,132.0,25.0,supposed meet discus abt trip thought xuhui told afternoon thought go lesson,76,12
ham,Hey come online! Use msn... We are all there,44.0,9.0,hey come online use msn,23,5
ham,I'm fine. Hope you are good. Do take care.,42.0,9.0,fine hope good take care,24,5
ham,Oops I was in the shower when u called. Hey a parking garage collapsed at university hospital. See I'm not crazy. Stuff like that DOES happen.,142.0,26.0,oops shower called hey parking garage collapsed university hospital see crazy stuff like happen,95,14
ham,Aiyo u so poor thing... Then u dun wan 2 eat? U bathe already?,62.0,14.0,aiyo poor thing dun wan eat bathe already,41,8
ham,Yar... I tot u knew dis would happen long ago already.,54.0,11.0,yar tot knew dis would happen long ago already,46,9
ham,You are gorgeous! keep those pix cumming :) thank you!,54.0,10.0,gorgeous keep pix cumming thank,31,5
ham,"A boy was late 2 home. His father: \POWER OF FRNDSHIP\""""",56.0,11.0,boy late home father power frndship,35,6
ham,JADE ITS PAUL. Y DIDNåÕT U TXT ME? DO U REMEMBER ME FROM BARMED? I WANT 2 TALK 2 U! TXT ME,90.0,22.0,jade paul txt remember barmed want talk txt,43,8
ham,Spending new years with my brother and his family. Lets plan to meet next week. Are you ready to be spoiled? :),111.0,22.0,spending new year brother family let plan meet next week ready spoiled,70,12
ham,So what u doing today?,22.0,5.0,today,5,1
ham,I said its okay. Sorry,22.0,5.0,said okay sorry,15,3
ham,Slept? I thinkThis time ( &lt,29.0,6.0,slept thinkthis time lt,23,4
ham,Networking job is there.,24.0,4.0,networking job,14,2
spam,goldviking (29/M) is inviting you to be his friend. Reply YES-762 or NO-762 See him: www.SMS.ac/u/goldviking STOP? Send STOP FRND to 62468,138.0,22.0,goldviking inviting friend reply yes see www sm ac goldviking stop send stop frnd,81,14
ham,Dont let studying stress you out. L8r.,38.0,7.0,dont let studying stress,24,4
ham,That's y u haf 2 keep me busy...,32.0,8.0,haf keep busy,13,3
ham,No rushing. I'm not working. I'm in school so if we rush we go hungry.,70.0,15.0,rushing working school rush go hungry,37,6
ham,Which channel:-):-):):-).,25.0,2.0,channel,7,1
ham,So your telling me I coulda been your real Valentine and I wasn't? U never pick me for NOTHING!!,96.0,19.0,telling coulda real valentine never pick nothing,48,7
spam,Phony å£350 award - Todays Voda numbers ending XXXX are selected to receive a å£350 award. If you have a match please call 08712300220 quoting claim code 3100 standard rates app,177.0,31.0,phony award today voda number ending xxxx selected receive award match please call quoting claim code standard rate app,119,19
ham,"We made it! Eta at taunton is 12:30 as planned, hope thatÛ÷s still okday?! Good to see you! :-xx",97.0,19.0,made eta taunton planned hope still okday good see xx,53,10
ham,I'm hungry buy smth home...,27.0,5.0,hungry buy smth home,20,4
ham,\HEY KATE,9.0,2.0,hey kate,8,2
ham,My drive can only be read. I need to write,42.0,10.0,drive read need write,21,4
ham,"Just looked it up and addie goes back Monday, sucks to be her",61.0,13.0,looked addie go back monday suck,32,6
ham,Happy new year. Hope you are having a good semester,51.0,10.0,happy new year hope good semester,33,6
ham,Esplanade lor. Where else...,28.0,4.0,esplanade lor else,18,3
ham,Can you talk with me..,22.0,5.0,talk,4,1
ham,"Hmph. Go head, big baller.",26.0,5.0,hmph go head big baller,23,5
ham,Well its not like you actually called someone a punto. That woulda been worse.,78.0,14.0,well like actually called someone punto woulda worse,52,8
ham,"Nope. Since ayo travelled, he has forgotten his guy",51.0,9.0,nope since ayo travelled forgotten guy,38,6
ham,You still around? Looking to pick up later,42.0,8.0,still around looking pick later,31,5
spam,CDs 4u: Congratulations ur awarded å£500 of CD gift vouchers or å£125 gift guaranteed & Freeentry 2 å£100 wkly draw xt MUSIC to 87066 TnCs www.ldew.com1win150ppmx3age16 ,169.0,26.0,cd congratulation ur awarded cd gift voucher gift guaranteed freeentry wkly draw xt music tncs www ldew com win ppmx age,120,21
ham,There's someone here that has a year  &lt,41.0,8.0,someone year lt,15,3
ham,Guess which pub im in? Im as happy as a pig in clover or whatever the saying is! ,81.0,18.0,guess pub im im happy pig clover whatever saying,48,9
ham,ILL B DOWN SOON,15.0,4.0,ill soon,8,2
ham,Oh k. . I will come tomorrow,28.0,7.0,oh come tomorrow,16,3
ham,Go fool dont cheat others ok,28.0,6.0,go fool dont cheat others ok,28,6
ham,"My mobile number.pls sms ur mail id.convey regards to achan,amma.Rakhesh.Qatar",78.0,10.0,mobile number pls sm ur mail id convey regard achan amma rakhesh qatar,70,13
ham,"By the way, 'rencontre' is to meet again. Mountains dont....",60.0,10.0,way rencontre meet mountain dont,32,5
spam,You have WON a guaranteed å£1000 cash or a å£2000 prize. To claim yr prize call our customer service representative on 08714712412 between 10am-7pm Cost 10p,156.0,26.0,guaranteed cash prize claim yr prize call customer service representative pm cost,81,12
ham,U attend ur driving lesson how many times a wk n which day?,59.0,13.0,attend ur driving lesson many time wk day,41,8
ham,"Uncle G, just checking up on you. Do have a rewarding month",59.0,12.0,uncle checking rewarding month,30,4
ham,Hello boytoy ! Geeee ... I'm missing you today. I like to send you a tm and remind you I'm thinking of you ... And you are loved ... *loving kiss*,146.0,31.0,hello boytoy geeee missing today like send tm remind thinking loved loving kiss,79,13
ham,I think the other two still need to get cash but we can def be ready by 9,73.0,18.0,think two still need get cash def ready,39,8
ham,Hey gals...U all wanna meet 4 dinner at nÌÂte? ,47.0,9.0,hey gal wan na meet dinner te,29,7
spam,Dear 0776xxxxxxx U've been invited to XCHAT. This is our final attempt to contact u! Txt CHAT to 86688 150p/MsgrcvdHG/Suite342/2Lands/Row/W1J6HL LDN 18yrs,154.0,22.0,dear xxxxxxx invited xchat final attempt contact txt chat msgrcvdhg suite land row hl ldn yr,92,16
ham,Babe ! What are you doing ? Where are you ? Who are you talking to ? Do you think of me ? Are you being a good boy? Are you missing me? Do you love me ?,152.0,38.0,babe talking think good boy missing love,40,7
ham,Great! How is the office today?,31.0,6.0,great office today,18,3
ham,"It's cool, we can last a little while. Getting more any time soon?",66.0,13.0,cool last little getting time soon,34,6
ham,:-( sad puppy noise,19.0,4.0,sad puppy noise,15,3
ham,Yes its possible but dint try. Pls dont tell to any one k,57.0,13.0,yes possible dint try pls dont tell one,39,8
ham,Anyway holla at me whenever you're around because I need an excuse to go creep on people in sarasota,100.0,19.0,anyway holla whenever around need excuse go creep people sarasota,65,10
ham,Where you. What happen,22.0,4.0,happen,6,1
ham,I was gonna ask you lol but i think its at 7,44.0,12.0,gon na ask lol think,20,5
spam,Ur cash-balance is currently 500 pounds - to maximize ur cash-in now send GO to 86688 only 150p/meg. CC: 08718720201 HG/Suite342/2lands Row/W1j6HL,146.0,22.0,ur cash balance currently pound maximize ur cash send go meg cc hg suite land row hl,84,17
spam,PRIVATE! Your 2003 Account Statement for shows 800 un-redeemed S.I.M. points. Call 08715203685 Identifier Code:4xx26 Expires 13/10/04,133.0,17.0,private account statement show un redeemed point call identifier code xx expires,80,12
ham,Go chase after her and run her over while she's crossing the street,67.0,13.0,go chase run crossing street,28,5
spam,I'd like to tell you my deepest darkest fantasies. Call me 09094646631 just 60p/min. To stop texts call 08712460324 (nat rate),126.0,21.0,like tell deepest darkest fantasy call min stop text call nat rate,66,12
ham,Is there coming friday is leave for pongal?do you get any news from your work place.,84.0,16.0,coming friday leave pongal get news work place,46,8
ham,Hey... Very inconvenient for your sis a not huh?,48.0,9.0,hey inconvenient si huh,23,4
ham,Ok i vl..do u know i got adsense approved..,43.0,9.0,ok vl know got adsense approved,31,6
ham,"* Was really good to see you the other day dudette, been missing you!",69.0,14.0,really good see day dudette missing,35,6
ham,I want to go to perumbavoor,27.0,6.0,want go perumbavoor,19,3
ham,How many times i told in the stage all use to laugh. You not listen aha.,72.0,16.0,many time told stage use laugh listen aha,41,8
spam,You won't believe it but it's true. It's Incredible Txts! Reply G now to learn truly amazing things that will blow your mind. From O2FWD only 18p/txt,149.0,27.0,believe true incredible txts reply learn truly amazing thing blow mind fwd txt,78,13
ham,(You didn't hear it from me),28.0,6.0,hear,4,1
ham,Thanks for being there for me just to talk to on saturday. You are very dear to me. I cherish having you as a brother and role model.,133.0,28.0,thanks talk saturday dear cherish brother role model,52,8
ham,Pls clarify back if an open return ticket that i have can be preponed for me to go back to kerala.,98.0,21.0,pls clarify back open return ticket preponed go back kerala,59,10
spam,Natalie (20/F) is inviting you to be her friend. Reply YES-165 or NO-165 See her: www.SMS.ac/u/natalie2k9 STOP? Send STOP FRND to 62468,135.0,22.0,natalie inviting friend reply yes see www sm ac natalie stop send stop frnd,75,14
ham,She ran off with a younger man. we will make pretty babies together :),70.0,14.0,ran younger man make pretty baby together,41,7
spam,Jamster! To get your free wallpaper text HEART to 88888 now! T&C apply. 16 only. Need Help? Call 08701213186.,109.0,19.0,jamster get free wallpaper text heart apply need help call,58,10
ham,O ic lol. Should play 9 doors sometime yo,41.0,9.0,ic lol play door sometime yo,28,6
ham,"Dunno, my dad said he coming home 2 bring us out 4 lunch. Yup i go w u lor. I call u when i reach school lor...",111.0,27.0,dunno dad said coming home bring u lunch yup go lor call reach school lor,73,15
ham,"We have sent JD for Customer Service cum Accounts Executive to ur mail id, For details contact us",97.0,18.0,sent jd customer service cum account executive ur mail id detail contact u,74,13
ham,Desires- u going to doctor 4 liver. And get a bit stylish. Get ur hair managed. Thats it.,89.0,18.0,desire going doctor liver get bit stylish get ur hair managed thats,67,12
ham,Hmmm.still we dont have opener?,31.0,5.0,hmmm still dont opener,22,4
ham,Yeah so basically any time next week you can get away from your mom &amp,72.0,15.0,yeah basically time next week get away mom amp,46,9
ham,"Edison has rightly said, \A fool can ask more questions than a wise man can answer\"" Now you know why all of us are speechless during ViVa.. GM",143.0,28.0,edison rightly said fool ask question wise man answer know u speechless viva gm,79,14
ham,I will vote for wherever my heart guides me,43.0,9.0,vote wherever heart guide,25,4
ham,With my sis lor... We juz watched italian job.,46.0,9.0,si lor juz watched italian job,30,6
ham,"Tick, tick, tick .... Where are you ? I could die of loneliness you know ! *pouts* *stomps feet* I need you ...",111.0,23.0,tick tick tick could die loneliness know pout stomp foot need,61,11
ham,Lmao you know me so well...,27.0,6.0,lmao know well,14,3
spam,Double Mins & Double Txt & 1/2 price Linerental on Latest Orange Bluetooth mobiles. Call MobileUpd8 for the very latest offers. 08000839402 or call2optout/LF56,159.0,24.0,double min double txt price linerental latest orange bluetooth mobile call mobileupd latest offer call optout lf,112,17
ham,Am on a train back from northampton so i'm afraid not! I'm staying skyving off today ho ho! Will be around wednesday though. Do you fancy the comedy club this week by the way?,175.0,34.0,train back northampton afraid staying skyving today ho ho around wednesday though fancy comedy club week way,108,17
ham,Goodnight da thangam I really miss u dear.,42.0,8.0,goodnight da thangam really miss dear,37,6
ham,Hey next sun 1030 there's a basic yoga course... at bugis... We can go for that... Pilates intro next sat.... Tell me what time you r free,138.0,27.0,hey next sun basic yoga course bugis go pilate intro next sat tell time free,76,15
ham,"Geeeee ... Your internet is really bad today, eh ?",50.0,10.0,geeeee internet really bad today eh,35,6
spam,Free video camera phones with Half Price line rental for 12 mths and 500 cross ntwk mins 100 txts. Call MobileUpd8 08001950382 or Call2OptOut/674,145.0,24.0,free video camera phone half price line rental mths cross ntwk min txts call mobileupd call optout,98,17
ham,I think i am disturbing her da,30.0,7.0,think disturbing da,19,3
ham,"Sorry, I'll call you  later. I am in meeting sir.",49.0,10.0,sorry call later meeting sir,28,5
ham,Havent stuck at orchard in my dad's car. Going 4 dinner now. U leh? So r they free tonight?,91.0,19.0,havent stuck orchard dad car going dinner leh free tonight,58,10
ham,Ok i also wan 2 watch e 9 pm show...,36.0,10.0,ok also wan watch pm show,25,6
ham,I dunno lei... Like dun haf...,30.0,6.0,dunno lei like dun haf,22,5
ham,But your brother transfered only  &lt,37.0,6.0,brother transfered lt,21,3
ham,I calls you later. Afternoon onwords mtnl service get problem in south mumbai. I can hear you but you cann't listen me.,119.0,22.0,call later afternoon onwords mtnl service get problem south mumbai hear cann listen,83,13
spam,83039 62735=å£450 UK Break AccommodationVouchers terms & conditions apply. 2 claim you mustprovide your claim number which is 15541 ,132.0,19.0,uk break accommodationvouchers term condition apply claim mustprovide claim number,82,10
ham,Talk to g and x about that,26.0,7.0,talk,4,1
ham,Hai dear friends... This is my new &amp,39.0,8.0,hai dear friend new amp,23,5
spam,5p 4 alfie Moon's Children in need song on ur mob. Tell ur m8s. Txt Tone charity to 8007 for Nokias or Poly charity for polys: zed 08701417012 profit 2 charity.,160.0,31.0,alfie moon child need song ur mob tell ur txt tone charity nokias poly charity polys zed profit charity,103,19
ham,As in different styles?,23.0,4.0,different style,15,2
spam,WIN a å£200 Shopping spree every WEEK Starting NOW. 2 play text STORE to 88039. SkilGme. TsCs08714740323 1Winawk! age16 å£1.50perweeksub.,137.0,20.0,win shopping spree every week starting play text store skilgme tscs winawk age perweeksub,89,14
ham,Gud ni8 dear..slp well..take care..swt dreams..Muah..,53.0,6.0,gud ni dear slp well take care swt dream muah,45,10
ham,I want to sent  &lt,19.0,5.0,want sent lt,12,3
spam,"This is the 2nd attempt to contract U, you have won this weeks top prize of either å£1000 cash or å£200 prize. Just call 09066361921",132.0,25.0,nd attempt contract week top prize either cash prize call,57,10
ham,"Well, i'm glad you didn't find it totally disagreeable ... Lol",62.0,11.0,well glad find totally disagreeable lol,39,6
ham,"Guy, no flash me now. If you go call me, call me. How madam. Take care oh.",74.0,17.0,guy flash go call call madam take care oh,41,9
spam,Do you want a New Nokia 3510i colour phone DeliveredTomorrow? With 300 free minutes to any mobile + 100 free texts + Free Camcorder reply or call 08000930705.,158.0,28.0,want new nokia colour phone deliveredtomorrow free minute mobile free text free camcorder reply call,100,15
ham,Mark works tomorrow. He gets out at 5. His work is by your house so he can meet u afterwards.,93.0,20.0,mark work tomorrow get work house meet afterwards,49,8
ham,\Keep ur problems in ur heart,29.0,6.0,keep ur problem ur heart,24,5
ham,"Yeah, give me a call if you've got a minute",43.0,10.0,yeah give call got minute,25,5
ham,\HI BABE UAWAKE?FEELLIKW SHIT.JUSTFOUND OUT VIA ALETTER THATMUM GOTMARRIED 4thNOV.BEHIND OURBACKS åÐ FUCKINNICE!SELFISH,119.0,13.0,hi babe uawake feellikw shit justfound via aletter thatmum gotmarried thnov behind ourbacks fuckinnice selfish,110,15
ham,Amazing : If you rearrange these letters it gives the same meaning... Dormitory = Dirty room Astronomer = Moon starer The eyes = They see Election results = Lies lets recount Mother-in-law = Woman Hitler Eleven plus two =Twelve plus one Its Amazing... !:-),256.0,44.0,amazing rearrange letter give meaning dormitory dirty room astronomer moon starer eye see election result lie let recount mother law woman hitler eleven plus two twelve plus one amazing,185,29
ham,Aiya we discuss later lar... Pick Ì_ up at 4 is it?,51.0,12.0,aiya discus later lar pick,26,5
ham,Hey happy birthday...,21.0,3.0,hey happy birthday,18,3
ham,Sorry i missed your call. Can you please call back.,51.0,10.0,sorry missed call please call back,34,6
ham,Omg if its not one thing its another. My cat has worms :/ when does this bad day end?,85.0,19.0,omg one thing another cat worm bad day end,42,9
ham,"Good morning, im suffering from fever and dysentry ..will not be able to come to office today.",94.0,17.0,good morning im suffering fever dysentry able come office today,63,10
ham,I wont do anything de.,22.0,5.0,wont anything de,16,3
ham,What type of stuff do you sing?,31.0,7.0,type stuff sing,15,3
ham,"St andre, virgil's cream",24.0,4.0,st andre virgil cream,21,4
ham,No no. I will check all rooms befor activities,46.0,9.0,check room befor activity,25,4
ham,"My fri ah... Okie lor,goin 4 my drivin den go shoppin after tt...",65.0,13.0,fri ah okie lor goin drivin den go shoppin tt,45,10
ham,Gokila is talking with you aha:),32.0,6.0,gokila talking aha,18,3
ham,"Hi Shanil,Rakhesh here.thanks,i have exchanged the uncut diamond stuff.leaving back. Excellent service by Dino and Prem.",120.0,16.0,hi shanil rakhesh thanks exchanged uncut diamond stuff leaving back excellent service dino prem,95,14
ham,K.k.this month kotees birthday know?,36.0,5.0,month kotees birthday know,26,4
ham,But i'm really really broke oh. No amount is too small even  &lt,64.0,13.0,really really broke oh amount small even lt,43,8
ham,Sorry about that this is my mates phone and i didnt write it love Kate,70.0,15.0,sorry mate phone didnt write love kate,38,7
spam,"TheMob>Hit the link to get a premium Pink Panther game, the new no. 1 from Sugababes, a crazy Zebra animation or a badass Hoody wallpaper-all 4 FREE!",149.0,27.0,themob hit link get premium pink panther game new sugababes crazy zebra animation badass hoody wallpaper free,109,17
ham,"Ah, well that confuses things, doesnt it? I thought was friends with now. Maybe i did the wrong thing but i already sort of invited -tho he may not come cos of money.",166.0,33.0,ah well confuses thing doesnt thought friend maybe wrong thing already sort invited tho may come co money,105,18
ham,"Aight, call me once you're close",32.0,6.0,aight call close,16,3
ham,Nope thats fine. I might have a nap tho! ,41.0,9.0,nope thats fine might nap tho,29,6
spam,This msg is for your mobile content order It has been resent as previous attempt failed due to network error Queries to customersqueries@netvision.uk.com,153.0,23.0,msg mobile content order resent previous attempt failed due network error query customersqueries netvision uk com,113,16
ham,In other news after hassling me to get him weed for a week andres has no money. HAUGHAIGHGTUJHYGUJ,98.0,18.0,news hassling get weed week andres money haughaighgtujhyguj,59,8
ham,"A Boy loved a gal. He propsd bt she didnt mind. He gv lv lttrs, Bt her frnds threw thm. Again d boy decided 2 aproach d gal , dt time a truck was speeding towards d gal. Wn it was about 2 hit d girl,d boy ran like hell n saved her. She asked 'hw cn u run so fast?' D boy replied \Boost is d secret of my energy\"" n instantly d girl shouted \""our energy\"" n Thy lived happily 2gthr drinking boost evrydy Moral of d story:- I hv free msgs:D",438.0,94.0,boy loved gal propsd bt didnt mind gv lv lttrs bt frnds threw thm boy decided aproach gal dt time truck speeding towards gal wn hit girl boy ran like hell saved asked hw cn run fast boy replied boost secret energy instantly girl shouted energy thy lived happily gthr drinking boost evrydy moral story hv free msg,312,58
ham,I wnt to buy a BMW car urgently..its vry urgent.but hv a shortage of  &lt,73.0,15.0,wnt buy bmw car urgently vry urgent hv shortage lt,50,10
ham,Ding me on ya break fassyole! Blacko from londn,47.0,9.0,ding ya break fassyole blacko londn,35,6
ham,I REALLY NEED 2 KISS U I MISS U MY BABY FROM UR BABY 4EVA,57.0,15.0,really need kiss miss baby ur baby eva,38,8
ham,"The sign of maturity is not when we start saying big things.. But actually it is, when we start understanding small things... *HAVE A NICE EVENING* BSLVYL",154.0,27.0,sign maturity start saying big thing actually start understanding small thing nice evening bslvyl,97,14
ham,Oh you got many responsibilities.,33.0,5.0,oh got many responsibility,26,4
spam,You have 1 new message. Please call 08715205273,47.0,8.0,new message please call,23,4
ham,I've reached sch already...,27.0,4.0,reached sch already,19,3
spam,December only! Had your mobile 11mths+? You are entitled to update to the latest colour camera mobile for Free! Call The Mobile Update VCo FREE on 08002986906 ,159.0,27.0,december mobile mths entitled update latest colour camera mobile free call mobile update vco free,97,15
ham,U definitely need a module from e humanities dis sem izzit? U wan 2 take other modules 1st?,91.0,18.0,definitely need module humanity dis sem izzit wan take module st,64,11
ham,Argh why the fuck is nobody in town ,36.0,8.0,argh fuck nobody town,21,4
spam,"Get 3 Lions England tone, reply lionm 4 mono or lionp 4 poly. 4 more go 2 www.ringtones.co.uk, the original n best. Tones 3GBP network operator rates apply.",156.0,28.0,get lion england tone reply lionm mono lionp poly go www ringtones co uk original best tone gbp network operator rate apply,123,22
ham,Thanks. Fills me with complete calm and reassurance! ,53.0,8.0,thanks fill complete calm reassurance,37,5
ham,Aslamalaikkum....insha allah tohar beeen muht albi mufti mahfuuz...meaning same here....,88.0,10.0,aslamalaikkum insha allah tohar beeen muht albi mufti mahfuuz meaning,69,10
ham,Are you driving or training?,28.0,5.0,driving training,16,2
ham,Lol for real. She told my dad I have cancer,43.0,10.0,lol real told dad cancer,24,5
spam,PRIVATE! Your 2003 Account Statement for 078,44.0,7.0,private account statement,25,3
ham,"Oops I did have it,  &lt",24.0,6.0,oops lt,7,2
ham,"\NOT ENUFCREDEIT TOCALL.SHALL ILEAVE UNI AT 6 +GET A BUS TO YOR HOUSE?\""""",73.0,13.0,enufcredeit tocall shall ileave uni get bus yor house,53,9
ham,"Hi Chikku, send some nice msgs",30.0,6.0,hi chikku send nice msg,23,5
ham,"He is impossible to argue with and he always treats me like his sub, like he never released me ... Which he did and I will remind him of that if necessary",154.0,32.0,impossible argue always treat like sub like never released remind necessary,75,11
ham,"After my work ah... Den 6 plus lor... U workin oso rite... Den go orchard lor, no other place to go liao...",107.0,22.0,work ah den plus lor workin oso rite den go orchard lor place go liao,69,15
ham,"To the wonderful Okors, have a great month. We cherish you guys and wish you well each day. MojiBiola",101.0,19.0,wonderful okors great month cherish guy wish well day mojibiola,63,10
ham,Cuz ibored. And don wanna study,31.0,6.0,cuz ibored wan na study,23,5
ham,Wot about on wed nite I am 3 then but only til 9!,49.0,13.0,wot wed nite til,16,4
ham,"Rose for red,red for blood,blood for heart,heart for u. But u for me.... Send tis to all ur friends.. Including me.. If u like me.. If u get back, 1-u r poor in relation! 2-u need some 1 to support 3-u r frnd 2 many 4-some1 luvs u 5+- some1 is praying god to marry u.:-) try it....",281.0,58.0,rose red red blood blood heart heart send ti ur friend including like get back poor relation need support frnd many luvs praying god marry try,142,26
ham,Any way where are you and what doing.,37.0,8.0,way,3,1
ham,That sucks. I'll go over so u can do my hair. You'll do it free right?,70.0,16.0,suck go hair free right,23,5
ham,it's still not working. And this time i also tried adding zeros. That was the savings. The checking is  &lt,107.0,20.0,still working time also tried adding zero saving checking lt,60,10
ham,"Hmm... Dunno leh, mayb a bag 4 goigng out dat is not too small. Or jus anything except perfume, smth dat i can keep.",116.0,24.0,hmm dunno leh mayb bag goigng dat small jus anything except perfume smth dat keep,81,15
ham,Sday only joined.so training we started today:),47.0,7.0,sday joined training started today,34,5
ham,Sorry * was at the grocers.,27.0,6.0,sorry grocer,12,2
ham,There are some nice pubs near here or there is Frankie n Bennys near the warner cinema?,87.0,17.0,nice pub near frankie benny near warner cinema,46,8
spam,"YOU VE WON! Your 4* Costa Del Sol Holiday or å£5000 await collection. Call 09050090044 Now toClaim. SAE, TC s, POBox334, Stockport, SK38xh, Costå£1.50/pm, Max10mins",164.0,25.0,costa del sol holiday await collection call toclaim sae tc pobox stockport sk xh cost pm max min,96,18
ham,Yup... I havent been there before... You want to go for the yoga? I can call up to book ,88.0,19.0,yup havent want go yoga call book,33,7
ham,Oh shut it. Omg yesterday I had a dream that I had 2 kids both boys. I was so pissed. Not only about the kids but them being boys. I even told mark in my dream that he was changing diapers cause I'm not getting owed in the face.,228.0,49.0,oh shut omg yesterday dream kid boy pissed kid boy even told mark dream changing diaper cause getting owed face,111,20
ham,Yeah I imagine he would be really gentle. Unlike the other docs who treat their patients like turkeys.,102.0,18.0,yeah imagine would really gentle unlike doc treat patient like turkey,69,11
spam,FREE for 1st week! No1 Nokia tone 4 ur mobile every week just txt NOKIA to 8077 Get txting and tell ur mates. www.getzed.co.uk POBox 36504 W45WQ 16+ norm150p/tone,162.0,29.0,free st week nokia tone ur mobile every week txt nokia get txting tell ur mate www getzed co uk pobox wq norm tone,114,24
ham,Now that you have started dont stop. Just pray for more good ideas and anything i see that can help you guys i.ll forward you a link.,133.0,27.0,started dont stop pray good idea anything see help guy forward link,67,12
ham,Hi darlin im on helens fone im gonna b up the princes 2 nite please come up tb love Kate,88.0,20.0,hi darlin im helen fone im gon na prince nite please come tb love kate,70,15
ham,I'm in office now da:)where are you?,36.0,7.0,office da,9,2
ham,Aiyar u so poor thing... I give u my support k... Jia you! I'll think of u...,77.0,17.0,aiyar poor thing give support jia think,39,7
ham,Oh unintentionally not bad timing. Great. Fingers  the trains play along! Will give fifteen min warning.,104.0,16.0,oh unintentionally bad timing great finger train play along give fifteen min warning,84,13
spam,Get your garden ready for summer with a FREE selection of summer bulbs and seeds worth å£33:50 only with The Scotsman this Saturday. To stop go2 notxt.co.uk,156.0,27.0,get garden ready summer free selection summer bulb seed worth scotsman saturday stop go notxt co uk,99,17
ham,K..then come wenever u lik to come and also tel vikky to come by getting free time..:-),87.0,17.0,come wenever lik come also tel vikky come getting free time,59,11
ham,Pls call me da. What happen.,28.0,6.0,pls call da happen,18,4
ham,"Happy new year to u and ur family...may this new year bring happiness , stability and tranquility to ur vibrant colourful life:):)",130.0,22.0,happy new year ur family may new year bring happiness stability tranquility ur vibrant colourful life,101,16
ham,No problem with the renewal. I.ll do it right away but i dont know his details.,79.0,16.0,problem renewal right away dont know detail,43,7
ham,Idk. I'm sitting here in a stop and shop parking lot right now bawling my eyes out because i feel like i'm a failure in everything. Nobody wants me and now i feel like i'm failing you.,184.0,37.0,idk sitting stop shop parking lot right bawling eye feel like failure everything nobody want feel like failing,110,18
ham,Haven't left yet so probably gonna be here til dinner,53.0,10.0,left yet probably gon na til dinner,35,7
ham,Like  &lt,9.0,2.0,like lt,7,2
ham,MY NEW YEARS EVE WAS OK. I WENT TO A PARTY WITH MY BOYFRIEND. WHO IS THIS SI THEN HEY,85.0,20.0,new year eve ok went party boyfriend si hey,43,9
ham,"Sir, I need Velusamy sir's date of birth and company bank facilities details.",77.0,13.0,sir need velusamy sir date birth company bank facility detail,61,10
ham,K k:) sms chat with me.,23.0,6.0,sm chat,7,2
ham,I will come with karnan car. Please wait till 6pm will directly goto doctor.,76.0,14.0,come karnan car please wait till pm directly goto doctor,56,10
ham,No but the bluray player can,28.0,6.0,bluray player,13,2
ham,Ok... Then r we meeting later?,30.0,6.0,ok meeting later,16,3
ham,Lol no. I just need to cash in my nitros. Hurry come on before I crash out!,75.0,17.0,lol need cash nitros hurry come crash,37,7
ham,Just send a text. We'll skype later.,36.0,7.0,send text skype later,21,4
ham,Ok leave no need to ask,23.0,6.0,ok leave need ask,17,4
spam,"Congrats 2 mobile 3G Videophones R yours. call 09063458130 now! videochat wid ur mates, play java games, Dload polypH music, noline rentl. bx420. ip4. 5we. 150p",160.0,26.0,congrats mobile videophones call videochat wid ur mate play java game dload polyph music noline rentl bx ip,107,18
ham,ÌÏ still got lessons?  ÌÏ in sch?,33.0,7.0,still got lesson sch,20,4
ham,Y she dun believe leh? I tot i told her it's true already. I thk she muz c us tog then she believe.,99.0,23.0,dun believe leh tot told true already thk muz u tog believe,59,12
ham,Oh did you charge camera,24.0,5.0,oh charge camera,16,3
ham,"IÛ÷ve got some salt, you can rub it in my open wounds if you like!",67.0,15.0,got salt rub open wound like,28,6
ham,Now i'm going for lunch.,24.0,5.0,going lunch,11,2
ham,I'm in school now n i'll be in da lab doing some stuff give me a call when Ì_ r done.,85.0,21.0,school da lab stuff give call done,34,7
ham,Oh k. . I will come tomorrow,28.0,7.0,oh come tomorrow,16,3
ham,"Aight, text me tonight and we'll see what's up",46.0,9.0,aight text tonight see,22,4
ham,U 2.,4.0,2.0,,0,0
ham,Water logging in desert. Geoenvironmental implications.,55.0,6.0,water logging desert geoenvironmental implication,49,5
ham,Raji..pls do me a favour. Pls convey my Birthday wishes to Nimya. Pls. Today is her birthday.,93.0,17.0,raji pls favour pls convey birthday wish nimya pls today birthday,65,11
ham,Company is very good.environment is terrific and food is really nice:),70.0,11.0,company good environment terrific food really nice,50,7
ham,"Very strange.  and  are watching the 2nd one now but i'm in bed. Sweet dreams, miss u ",86.0,17.0,strange watching nd one bed sweet dream miss,44,8
spam,SMS AUCTION - A BRAND NEW Nokia 7250 is up 4 auction today! Auction is FREE 2 join & take part! Txt NOKIA to 86021 now!,119.0,26.0,sm auction brand new nokia auction today auction free join take part txt nokia,78,14
ham,"Hi hope u r both ok, he said he would text and he hasn't, have u seen him, let me down gently please ",101.0,23.0,hi hope ok said would text seen let gently please,49,10
ham,"Babe! I fucking love you too !! You know? Fuck it was so good to hear your voice. I so need that. I crave it. I can't get enough. I adore you, Ahmad *kisses*",157.0,34.0,babe fucking love know fuck good hear voice need crave get enough adore ahmad kiss,82,15
ham,K sure am in my relatives home. Sms me de. Pls:-),49.0,11.0,sure relative home sm de pls,28,6
ham,I sent them. Do you like?,25.0,6.0,sent like,9,2
ham,"Fuuuuck I need to stop sleepin, sup",35.0,7.0,fuuuuck need stop sleepin sup,29,5
ham,I'm in town now so i'll jus take mrt down later.,48.0,11.0,town jus take mrt later,23,5
ham,I just cooked a rather nice salmon a la you,43.0,10.0,cooked rather nice salmon la,28,5
ham,I uploaded mine to Facebook,27.0,5.0,uploaded mine facebook,22,3
ham,WHAT TIME U WRKIN?,18.0,4.0,time wrkin,10,2
ham,Okie,4.0,1.0,okie,4,1
spam,ree entry in 2 a weekly comp for a chance to win an ipod. Txt POD to 80182 to get entry (std txt rate) T&C's apply 08452810073 for details 18+,142.0,30.0,ree entry weekly comp chance win ipod txt pod get entry std txt rate apply detail,81,16
spam,Our records indicate u maybe entitled to 5000 pounds in compensation for the Accident you had. To claim 4 free reply with CLAIM to this msg. 2 stop txt STOP,156.0,30.0,record indicate maybe entitled pound compensation accident claim free reply claim msg stop txt stop,99,15
ham,"Sorry, I'll call later",22.0,4.0,sorry call later,16,3
ham,Oh oh... Den muz change plan liao... Go back have to yan jiu again...,69.0,14.0,oh oh den muz change plan liao go back yan jiu,46,11
ham,"It's wylie, you in tampa or sarasota?",37.0,7.0,wylie tampa sarasota,20,3
ham,Ok... Take ur time n enjoy ur dinner...,39.0,8.0,ok take ur time enjoy ur dinner,31,7
ham,Darren was saying dat if u meeting da ge den we dun meet 4 dinner. Cos later u leave xy will feel awkward. Den u meet him 4 lunch lor.,134.0,30.0,darren saying dat meeting da ge den dun meet dinner co later leave xy feel awkward den meet lunch lor,101,20
spam,"Spook up your mob with a Halloween collection of a logo & pic message plus a free eerie tone, txt CARD SPOOK to 8007 zed 08701417012150p per logo/pic ",150.0,28.0,spook mob halloween collection logo pic message plus free eerie tone txt card spook zed per logo pic,100,18
ham,I like cheap! But iÛ÷m happy to splash out on the wine if it makes you feel better..,85.0,18.0,like cheap happy splash wine make feel better,45,8
ham,She.s fine. I have had difficulties with her phone. It works with mine. Can you pls send her another friend request.,116.0,21.0,fine difficulty phone work mine pls send another friend request,63,10
ham,Ugh my leg hurts. Musta overdid it on mon.,42.0,9.0,ugh leg hurt musta overdid mon,30,6
spam,Call Germany for only 1 pence per minute! Call from a fixed line via access number 0844 861 85 85. No prepayment. Direct access! www.telediscount.co.uk,151.0,25.0,call germany penny per minute call fixed line via access number prepayment direct access www telediscount co uk,111,18
spam,"YOU VE WON! Your 4* Costa Del Sol Holiday or å£5000 await collection. Call 09050090044 Now toClaim. SAE, TC s, POBox334, Stockport, SK38xh, Costå£1.50/pm, Max10mins",164.0,25.0,costa del sol holiday await collection call toclaim sae tc pobox stockport sk xh cost pm max min,96,18
ham,WOT STUDENT DISCOUNT CAN U GET ON BOOKS?,40.0,8.0,wot student discount get book,29,5
ham,Me fine..absolutly fine,23.0,3.0,fine absolutly fine,19,3
ham,How come she can get it? Should b quite diff to guess rite...,61.0,13.0,come get quite diff guess rite,30,6
spam,Had your mobile 11mths ? Update for FREE to Oranges latest colour camera mobiles & unlimited weekend calls. Call Mobile Upd8 on freefone 08000839402 or 2StopTxt,160.0,26.0,mobile mths update free orange latest colour camera mobile unlimited weekend call call mobile upd freefone stoptxt,114,17
ham,I will reach ur home in  &lt,28.0,7.0,reach ur home lt,16,4
ham,"Babe, I'm answering you, can't you see me ? Maybe you'd better reboot YM ... I got the photo ... It's great !",109.0,23.0,babe answering see maybe better reboot ym got photo great,57,10
ham,Hi.what you think about match?,30.0,5.0,hi think match,14,3
ham,"I know you are thinkin malaria. But relax, children cant handle malaria. She would have been worse and its gastroenteritis. If she takes enough to replace her loss her temp will reduce. And if you give her malaria meds now she will just vomit. Its a self limiting illness she has which means in a few days it will completely stop",329.0,61.0,know thinkin malaria relax child cant handle malaria would worse gastroenteritis take enough replace loss temp reduce give malaria med vomit self limiting illness mean day completely stop,187,28
ham,Dai i downloaded but there is only exe file which i can only run that exe after installing.,91.0,18.0,dai downloaded exe file run exe installing,42,7
ham,It is only yesterday true true.,31.0,6.0,yesterday true true,19,3
ham,K.k.how is your business now?,29.0,5.0,business,8,1
ham,3 pa but not selected.,22.0,5.0,pa selected,11,2
spam,Natalja (25/F) is inviting you to be her friend. Reply YES-440 or NO-440 See her: www.SMS.ac/u/nat27081980 STOP? Send STOP FRND to 62468,136.0,22.0,natalja inviting friend reply yes see www sm ac nat stop send stop frnd,71,14
ham,I keep ten rs in my shelf:) buy two egg.,40.0,10.0,keep ten r shelf buy two egg,28,7
ham,I am late. I will be there at,29.0,8.0,late,4,1
ham,Well thats nice. Too bad i cant eat it,38.0,9.0,well thats nice bad cant eat,28,6
ham,I accidentally brought em home in the box,41.0,8.0,accidentally brought em home box,32,5
ham,Pls she needs to dat slowly or she will vomit more.,51.0,11.0,pls need dat slowly vomit,25,5
ham,I have to take exam with in march 3,35.0,9.0,take exam march,15,3
ham,"Jane babes not goin 2 wrk, feel ill after lst nite. Foned in already cover 4 me chuck.:-)",89.0,18.0,jane babe goin wrk feel ill lst nite foned already cover chuck,62,12
ham,5 nights...We nt staying at port step liao...Too ex,51.0,9.0,night nt staying port step liao ex,34,7
ham,If I die I want u to have all my stuffs.,40.0,11.0,die want stuff,14,3
ham,"\OH FUCK. JUSWOKE UP IN A BED ON A BOATIN THE DOCKS. SLEPT WID 25 YEAR OLD. SPINOUT! GIV U DA GOSSIP L8R. XXX\""""",112.0,24.0,oh fuck juswoke bed boatin dock slept wid year old spinout giv da gossip xxx,76,15
ham,Smile in Pleasure Smile in Pain Smile when trouble pours like Rain Smile when sum1 Hurts U Smile becoz SOMEONE still Loves to see u Smiling!!,141.0,26.0,smile pleasure smile pain smile trouble pours like rain smile sum hurt smile becoz someone still love see smiling,113,19
ham,Prabha..i'm soryda..realy..frm heart i'm sory,45.0,5.0,prabha soryda realy frm heart sory,34,6
ham,I re-met alex nichols from middle school and it turns out he's dealing!,71.0,13.0,met alex nichols middle school turn dealing,43,7
spam,PRIVATE! Your 2003 Account Statement for <fone no> shows 800 un-redeemed S. I. M. points. Call 08715203656 Identifier Code: 42049 Expires 26/10/04,146.0,22.0,private account statement fone show un redeemed point call identifier code expires,82,12
ham,It means u could not keep ur words.,35.0,8.0,mean could keep ur word,23,5
ham,"Nope, I'm still in the market",29.0,6.0,nope still market,17,3
ham,I realise you are a busy guy and i'm trying not to be a bother. I have to get some exams outta the way and then try the cars. Do have a gr8 day,143.0,34.0,realise busy guy trying bother get exam outta way try car gr day,64,13
spam,YOU ARE CHOSEN TO RECEIVE A å£350 AWARD! Pls call claim number 09066364311 to collect your award which you are selected to receive as a valued mobile customer.,159.0,28.0,chosen receive award pls call claim number collect award selected receive valued mobile customer,96,14
ham,Hey what how about your project. Started aha da.,48.0,9.0,hey project started aha da,26,5
ham,Ok cool. See ya then.,21.0,5.0,ok cool see ya,14,4
ham,Am on the uworld site. Am i buying the qbank only or am i buying it with the self assessment also?,98.0,21.0,uworld site buying qbank buying self assessment also,52,8
ham,Your opinion about me? 1. Over 2. Jada 3. Kusruthi 4. Lovable 5. Silent 6. Spl character 7. Not matured 8. Stylish 9. Simple Pls reply..,136.0,26.0,opinion jada kusruthi lovable silent spl character matured stylish simple pls reply,83,12
spam,Someonone you know is trying to contact you via our dating service! To find out who it could be call from your mobile or landline 09064015307 BOX334SK38ch ,155.0,27.0,someonone know trying contact via dating service find could call mobile landline box sk ch,90,15
ham,Yeah I can still give you a ride,32.0,8.0,yeah still give ride,20,4
ham,"Jay wants to work out first, how's 4 sound?",43.0,9.0,jay want work first sound,25,5
ham,"Gud gud..k, chikku tke care.. sleep well gud nyt",48.0,9.0,gud gud chikku tke care sleep well gud nyt,42,9
ham,Its a part of checking IQ,25.0,6.0,part checking iq,16,3
ham,Hmm thinking lor...,19.0,3.0,hmm thinking lor,16,3
ham,Of course ! Don't tease me ... You know I simply must see ! *grins* ... Do keep me posted my prey ... *loving smile* *devouring kiss*,133.0,27.0,course tease know simply must see grin keep posted prey loving smile devouring kiss,83,14
ham,thanks for the temales it was wonderful. Thank. Have a great week.,66.0,12.0,thanks temales wonderful thank great week,41,6
ham,Thank you princess! I want to see your nice juicy booty...,58.0,11.0,thank princess want see nice juicy booty,40,7
ham,Haven't eaten all day. I'm sitting here staring at this juicy pizza and I can't eat it. These meds are ruining my life.,119.0,23.0,eaten day sitting staring juicy pizza eat med ruining life,58,10
ham,Gud ni8 dear..slp well..take care..swt dreams..Muah..,53.0,6.0,gud ni dear slp well take care swt dream muah,45,10
ham,U come n search tat vid..not finishd..,38.0,7.0,come search tat vid finishd,27,5
ham,"K I'm leaving soon, be there a little after 9",45.0,10.0,leaving soon little,19,3
spam,Urgent! Please call 09061213237 from a landline. å£5000 cash or a 4* holiday await collection. T &Cs SAE PO Box 177 M227XY. 16+,127.0,23.0,urgent please call landline cash holiday await collection c sae po box xy,73,13
ham,"Yeah work is fine, started last week, all the same stuff as before, dull but easy and guys are fun!",99.0,20.0,yeah work fine started last week stuff dull easy guy fun,56,11
ham,You do your studies alone without anyones help. If you cant no need to study.,77.0,15.0,study alone without anyones help cant need study,48,8
ham,Please tell me not all of my car keys are in your purse,55.0,13.0,please tell car key purse,25,5
ham,I didnt get anything da,23.0,5.0,didnt get anything da,21,4
ham,Ok... Sweet dreams...,21.0,3.0,ok sweet dream,14,3
ham,Well she's in for a big surprise!,33.0,7.0,well big surprise,17,3
ham,"As usual..iam fine, happy &amp",30.0,5.0,usual iam fine happy amp,24,5
ham,1 in cbe. 2 in chennai.,23.0,6.0,cbe chennai,11,2
ham,Can help u swoop by picking u up from wherever ur other birds r meeting if u want.,82.0,18.0,help swoop picking wherever ur bird meeting want,48,8
ham,If anyone calls for a treadmill say you'll buy it. Make sure its working. I found an ad on Craigslist selling for $ &lt,119.0,24.0,anyone call treadmill say buy make sure working found ad craigslist selling lt,78,13
ham,I absolutely LOVE South Park! I only recently started watching the office.,74.0,12.0,absolutely love south park recently started watching office,59,8
ham,Did you see that film:),23.0,5.0,see film,8,2
ham,Pls speak with me. I wont ask anything other then you friendship.,65.0,12.0,pls speak wont ask anything friendship,38,6
ham,"Storming msg: Wen u lift d phne, u say \HELLO\"" Do u knw wt is d real meaning of HELLO?? . . . It's d name of a girl..! . . . Yes.. And u knw who is dat girl?? \""Margaret Hello\"" She is d girlfrnd f Grahmbell who invnted telphone... . . . . Moral:One can 4get d name of a person",278.0,63.0,storming msg wen lift phne say hello knw wt real meaning hello name girl yes knw dat girl margaret hello girlfrnd grahmbell invnted telphone moral one get name person,166,29
ham,Gud ni8.swt drms.take care,26.0,4.0,gud ni swt drms take care,25,6
ham,HI DARLIN ITS KATE ARE U UP FOR DOIN SOMETHIN TONIGHT? IM GOING TO A PUB CALLED THE SWAN OR SOMETHING WITH MY PARENTS FOR ONE DRINK SO PHONE ME IF U CAN,152.0,33.0,hi darlin kate doin somethin tonight im going pub called swan something parent one drink phone,94,16
ham,Anything lar then Ì_ not going home 4 dinner?,45.0,9.0,anything lar going home dinner,30,5
ham,\ER,3.0,1.0,er,2,1
spam,"If you don't, your prize will go to another customer. T&C at www.t-c.biz 18+ 150p/min Polo Ltd Suite 373 London W1J 6HL Please call back if busy ",145.0,27.0,prize go another customer www biz min polo ltd suite london hl please call back busy,84,16
ham,Did u fix the teeth?if not do it asap.ok take care.,51.0,11.0,fix teeth asap ok take care,27,6
ham,So u wan 2 come for our dinner tonight a not?,45.0,11.0,wan come dinner tonight,23,4
ham,"Hello.How u doing?What u been up 2?When will u b moving out of the flat, cos I will need to arrange to pick up the lamp, etc. Take care. Hello caroline!",152.0,31.0,hello moving flat co need arrange pick lamp etc take care hello caroline,72,13
ham,Its too late:)but its k.wish you the same.,42.0,8.0,late wish,9,2
ham,"Hi. Hope ur day * good! Back from walk, table booked for half eight. Let me know when ur coming over.",101.0,21.0,hi hope ur day good back walk table booked half eight let know ur coming,72,15
ham,Oh yeah clearly it's my fault,29.0,6.0,oh yeah clearly fault,21,4
ham,Dunno leh cant remember mayb lor. So wat time r we meeting tmr?,63.0,13.0,dunno leh cant remember mayb lor wat time meeting tmr,53,10
ham,"Best msg: It's hard to be with a person, when u know that one more step foward will make u fall in love.. &amp",110.0,24.0,best msg hard person know one step foward make fall love amp,60,12
spam,URGENT! Your Mobile number has been awarded with a å£2000 prize GUARANTEED. Call 09061790126 from land line. Claim 3030. Valid 12hrs only 150ppm,144.0,23.0,urgent mobile number awarded prize guaranteed call land line claim valid hr ppm,79,13
ham,"Helloooo... Wake up..! \Sweet\"" \""morning\"" \""welcomes\"" \""You\"" \""Enjoy\"" \""This Day\"" \""with full of joy\"".. \""GUD MRNG\"".""",125.0,16.0,helloooo wake sweet morning welcome enjoy day full joy gud mrng,63,11
ham,"Vikky, come around  &lt",23.0,4.0,vikky come around lt,20,4
ham,"And how you will do that, princess? :)",38.0,8.0,princess,8,1
ham,I have gone into get info bt dont know what to do,49.0,12.0,gone get info bt dont know,26,6
ham,"Yeah, probably here for a while",31.0,6.0,yeah probably,13,2
ham,Sent me ur email id soon,24.0,6.0,sent ur email id soon,21,5
spam,"URGENT! You have won a 1 week FREE membership in our å£100,000 Prize Jackpot! Txt the word: CLAIM to No: 81010 T&C www.dbuk.net LCCLTD POBOX 4403LDNW1A7RW18",156.0,26.0,urgent week free membership prize jackpot txt word claim www dbuk net lccltd pobox ldnw rw,90,16
ham,I'm still pretty weak today .. Bad day ?,40.0,9.0,still pretty weak today bad day,31,6
ham,Hey ! Don't forget ... You are MINE ... For ME ... My possession ... MY property ... MMM ... *childish smile* ...,113.0,23.0,hey forget mine possession property mmm childish smile,54,8
ham,An excellent thought by a misundrstud frnd: I knw u hate me bt the day wen u'll knw the truth u'll hate urself:-( Gn:-),119.0,24.0,excellent thought misundrstud frnd knw hate bt day wen knw truth hate urself gn,79,14
ham,Hey! Congrats 2u2. id luv 2 but ive had 2 go home!,50.0,12.0,hey congrats id luv ive go home,31,7
ham,Dear where you. Call me,23.0,5.0,dear call,9,2
ham,Xy trying smth now. U eat already? We havent...,47.0,9.0,xy trying smth eat already havent,33,6
spam,Urgent! Please call 09061213237 from landline. å£5000 cash or a luxury 4* Canary Islands Holiday await collection. T&Cs SAE PO Box 177. M227XY. 150ppm. 16+,155.0,25.0,urgent please call landline cash luxury canary island holiday await collection c sae po box xy ppm,98,17
ham,I donno its in your genes or something,38.0,8.0,donno gene something,20,3
spam,XMAS iscoming & ur awarded either å£500 CD gift vouchers & free entry 2 r å£100 weekly draw txt MUSIC to 87066 TnC www.Ldew.com1win150ppmx3age16subscription ,157.0,24.0,xmas iscoming ur awarded either cd gift voucher free entry weekly draw txt music tnc www ldew com win ppmx age subscription,123,22
ham,Alex says he's not ok with you not being ok with it,51.0,12.0,alex say ok ok,14,4
ham,Are u coming to the funeral home,32.0,7.0,coming funeral home,19,3
ham,My darling sister. How are you doing. When's school resuming. Is there a minimum wait period before you reapply? Do take care,125.0,22.0,darling sister school resuming minimum wait period reapply take care,68,10
ham,I.ll hand her my phone to chat wit u,36.0,9.0,hand phone chat wit,19,4
ham,Well good morning mr . Hows london treatin' ya treacle?,55.0,10.0,well good morning mr hows london treatin ya treacle,51,9
ham,I can't make it tonight,23.0,5.0,make tonight,12,2
ham,At WHAT TIME should i come tomorrow,35.0,7.0,time come tomorrow,18,3
ham,About  &lt,10.0,2.0,lt,2,1
ham,"I can. But it will tell quite long, cos i haven't finish my film yet...",71.0,15.0,tell quite long co finish film yet,34,7
ham,Pls ask macho how much is budget for bb bold 2 is cos i saw a new one for  &lt,78.0,20.0,pls ask macho much budget bb bold co saw new one lt,51,12
ham,"\Hi missed your Call and my mumHas beendropping red wine all over theplace! what is your adress?\""""",99.0,17.0,hi missed call mumhas beendropping red wine theplace adress,59,9
ham,Ill be at yours in about 3 mins but look out for me,51.0,13.0,ill min look,12,3
ham,What you did in  leave.,23.0,5.0,leave,5,1
ham,I'm coming back on Thursday. Yay. Is it gonna be ok to get the money. Cheers. Oh yeah and how are you. Everything alright. Hows school. Or do you call it work now,162.0,33.0,coming back thursday yay gon na ok get money cheer oh yeah everything alright hows school call work,99,18
ham,"Jolly good! By the way,  will give u tickets for sat eve 7.30. Speak before then x",82.0,17.0,jolly good way give ticket sat eve speak,40,8
ham,"yeah, that's what I was thinking",32.0,6.0,yeah thinking,13,2
ham,K.k:)i'm going to tirunelvali this week to see my uncle ..i already spend the amount by taking dress .so only i want money.i will give it on feb 1,146.0,29.0,going tirunelvali week see uncle already spend amount taking dress want money give feb,86,14
ham,Here got ur favorite oyster... N got my favorite sashimi... Ok lar i dun say already... Wait ur stomach start rumbling...,121.0,21.0,got ur favorite oyster got favorite sashimi ok lar dun say already wait ur stomach start rumbling,97,17
ham,My sister going to earn more than me da.,40.0,9.0,sister going earn da,20,4
spam,Get the official ENGLAND poly ringtone or colour flag on yer mobile for tonights game! Text TONE or FLAG to 84199. Optout txt ENG STOP Box39822 W111WX å£1.50,157.0,28.0,get official england poly ringtone colour flag yer mobile tonight game text tone flag optout txt eng stop box wx,112,20
ham,Hahaha..use your brain dear,27.0,4.0,hahaha use brain dear,21,4
ham,Jus finish watching tv... U?,28.0,5.0,jus finish watching tv,22,4
ham,"K, fyi I'm back in my parents' place in south tampa so I might need to do the deal somewhere else",97.0,21.0,fyi back parent place south tampa might need deal somewhere else,64,11
ham,"Good morning, my Love ... I go to sleep now and wish you a great day full of feeling better and opportunity ... You are my last thought babe, I LOVE YOU *kiss*",159.0,33.0,good morning love go sleep wish great day full feeling better opportunity last thought babe love kiss,101,17
ham,Kothi print out marandratha.,28.0,4.0,kothi print marandratha,23,3
ham,But we havent got da topic yet rite?,36.0,8.0,havent got da topic yet rite,28,6
ham,Ok no problem... Yup i'm going to sch at 4 if i rem correctly...,64.0,14.0,ok problem yup going sch rem correctly,38,7
ham,"Thanks, I'll keep that in mind",30.0,6.0,thanks keep mind,16,3
ham,Aah bless! How's your arm?,26.0,5.0,aah bless arm,13,3
ham,"Dear Sir,Salam Alaikkum.Pride and Pleasure meeting you today at the Tea Shop.We are pleased to send you our contact number at Qatar.Rakhesh an Indian.Pls save our Number.Respectful Regards.",189.0,28.0,dear sir salam alaikkum pride pleasure meeting today tea shop pleased send contact number qatar rakhesh indian pls save number respectful regard,144,22
ham,"Gal n boy walking in d park. gal-can i hold ur hand? boy-y? do u think i would run away? gal-no, jst wana c how it feels walking in heaven with an prince..GN:-)",160.0,33.0,gal boy walking park gal hold ur hand boy think would run away gal jst wana feel walking heaven prince gn,105,21
ham,What makes you most happy?,26.0,5.0,make happy,10,2
ham,Wishing you a wonderful week.,29.0,5.0,wishing wonderful week,22,3
ham,Sweet heart how are you?,24.0,5.0,sweet heart,11,2
ham,"Sir, waiting for your letter.",29.0,5.0,sir waiting letter,18,3
ham,Dude im no longer a pisces. Im an aquarius now.,47.0,10.0,dude im longer pisces im aquarius,33,6
ham,X course it 2yrs. Just so her messages on messenger lik you r sending me,72.0,15.0,course yr message messenger lik sending,39,6
ham,I think steyn surely get one wicket:),37.0,7.0,think steyn surely get one wicket,33,6
ham,"Neither [in sterm voice] - i'm studying. All fine with me! Not sure the  thing will be resolved, tho. Anyway. Have a fab hols",125.0,24.0,neither sterm voice studying fine sure thing resolved tho anyway fab hols,73,12
ham,"Garbage bags, eggs, jam, bread, hannaford wheat chex",52.0,8.0,garbage bag egg jam bread hannaford wheat chex,46,8
ham,No. It's not pride. I'm almost  &lt,35.0,7.0,pride almost lt,15,3
ham,Sounds better than my evening im just doing my costume. Im not sure what time i finish tomorrow but i will txt you at the end.,126.0,26.0,sound better evening im costume im sure time finish tomorrow txt end,68,12
ham,My birthday is on feb  &lt,26.0,6.0,birthday feb lt,15,3
ham,So when do you wanna gym?,25.0,6.0,wan na gym,10,3
ham,You'd like that wouldn't you? Jerk!,35.0,6.0,like jerk,9,2
ham,Are u awake? Is there snow there?,33.0,7.0,awake snow,10,2
ham,And of course you should make a stink!,38.0,8.0,course make stink,17,3
spam,"u r subscribed 2 TEXTCOMP 250 wkly comp. 1st wk?s free question follows, subsequent wks charged@150p/msg.2 unsubscribe txt STOP 2 84128,custcare 08712405020",156.0,22.0,subscribed textcomp wkly comp st wk free question follows subsequent wks charged msg unsubscribe txt stop custcare,114,17
ham,No go. No openings for that room 'til after thanksgiving without an upcharge.,77.0,13.0,go opening room til thanksgiving without upcharge,49,7
ham,When you guys planning on coming over?,38.0,7.0,guy planning coming,19,3
ham,Wat Ì_ doing now?,17.0,4.0,wat,3,1
ham,"My Parents, My Kidz, My Friends n My Colleagues. All screaming.. SURPRISE !! and I was waiting on the sofa.. ... ..... ' NAKED...!",130.0,24.0,parent kidz friend colleague screaming surprise waiting sofa naked,66,9
ham,No sir. That's why i had an 8-hr trip on the bus last week. Have another audition next wednesday but i think i might drive this time.,133.0,27.0,sir hr trip bus last week another audition next wednesday think might drive time,80,14
ham,Do I? I thought I put it back in the box,40.0,11.0,thought put back box,20,4
ham,I'm home...,11.0,2.0,home,4,1
ham,No one interested. May be some business plan.,45.0,8.0,one interested may business plan,32,5
ham,Yup it's at paragon... I havent decided whether 2 cut yet... Hee...,67.0,12.0,yup paragon havent decided whether cut yet hee,46,8
ham,Good morning princess! Have a great day!,40.0,7.0,good morning princess great day,31,5
ham,Guai... ÌÏ shd haf seen him when he's naughty... ÌÏ so free today? Can go jogging...,84.0,16.0,guai shd haf seen naughty free today go jogging,47,9
ham,Aiyo cos i sms Ì_ then Ì_ neva reply so i wait 4 Ì_ to reply lar. I tot Ì_ havent finish ur lab wat.,100.0,25.0,aiyo co sm neva reply wait reply lar tot havent finish ur lab wat,65,14
ham,"Living is very simple.. Loving is also simple.. Laughing is too simple.. Winning is tooo simple.. But, Being 'SIMPLE' is very difficult...",138.0,22.0,living simple loving also simple laughing simple winning tooo simple simple difficult,85,12
ham,Tell me something. Thats okay.,30.0,5.0,tell something thats okay,25,4
ham,Ok,2.0,1.0,ok,2,1
ham,Hmm. Shall i bring a bottle of wine to keep us amused? Just joking! I'll still bring a bottle. Red or white? See you tomorrow,125.0,25.0,hmm shall bring bottle wine keep u amused joking still bring bottle red white see tomorrow,90,16
ham,This is ur face test ( 1 2 3 4 5 6 7 8 9  &lt,45.0,16.0,ur face test lt,15,4
ham,"Hey, iouri gave me your number, I'm wylie, ryan's friend",56.0,10.0,hey iouri gave number wylie ryan friend,39,7
ham,Yep get with the program. You're slacking.,42.0,7.0,yep get program slacking,24,4
ham,I'm in inside office..still filling forms.don know when they leave me.,70.0,11.0,inside office still filling form know leave,43,7
ham,"I think your mentor is , but not 100 percent sure.",50.0,11.0,think mentor percent sure,25,4
spam,Call 09095350301 and send our girls into erotic ecstacy. Just 60p/min. To stop texts call 08712460324 (nat rate),112.0,18.0,call send girl erotic ecstacy min stop text call nat rate,57,11
spam,Camera - You are awarded a SiPix Digital Camera! call 09061221066 fromm landline. Delivery within 28 days.,106.0,17.0,camera awarded sipix digital camera call fromm landline delivery within day,75,11
spam,A å£400 XMAS REWARD IS WAITING FOR YOU! Our computer has randomly picked you from our loyal mobile customers to receive a å£400 reward. Just call 09066380611,157.0,27.0,xmas reward waiting computer randomly picked loyal mobile customer receive reward call,86,12
ham,Just trying to figure out when I'm suppose to see a couple different people this week. We said we'd get together but I didn't set dates,135.0,26.0,trying figure suppose see couple different people week said get together set date,81,13
spam,IMPORTANT MESSAGE. This is a final contact attempt. You have important messages waiting out our customer claims dept. Expires 13/4/04. Call 08717507382 NOW!,156.0,23.0,important message final contact attempt important message waiting customer claim dept expires call,98,13
ham,Hi mom we might be back later than  &lt,39.0,9.0,hi mom might back later lt,26,6
spam,dating:i have had two of these. Only started after i sent a text to talk sport radio last week. Any connection do you think or coincidence?,139.0,26.0,dating two started sent text talk sport radio last week connection think coincidence,84,13
ham,"Lol, oh you got a friend for the dog ?",38.0,10.0,lol oh got friend dog,21,5
ham,"Ok., is any problem to u frm him? Wats matter?",46.0,10.0,ok problem frm wats matter,26,5
ham,"K I'll head out in a few mins, see you there",44.0,11.0,head min see,12,3
ham,Do u konw waht is rael FRIENDSHIP Im gving yuo an exmpel: Jsut ese tihs msg.. Evrey splleing of tihs msg is wrnog.. Bt sitll yuo can raed it wihtuot ayn mitsake.. GOODNIGHT &amp,177.0,34.0,konw waht rael friendship im gving yuo exmpel jsut ese tihs msg evrey splleing tihs msg wrnog bt sitll yuo raed wihtuot ayn mitsake goodnight amp,145,26
ham,I cant pick the phone right now. Pls send a message,51.0,11.0,cant pick phone right pls send message,38,7
ham,I don't want you to leave. But i'm barely doing what i can to stay sane. fighting with you constantly isn't helping.,116.0,22.0,want leave barely stay sane fighting constantly helping,55,8
spam,The current leading bid is 151. To pause this auction send OUT. Customer Care: 08718726270,90.0,15.0,current leading bid pause auction send customer care,52,8
spam,"Free entry to the gr8prizes wkly comp 4 a chance to win the latest Nokia 8800, PSP or å£250 cash every wk.TXT GREAT to 80878 http//www.gr8prizes.com 08715705022",160.0,27.0,free entry gr prize wkly comp chance win latest nokia psp cash every wk txt great http www gr prize com,103,21
ham,Somebody set up a website where you can play hold em using eve online spacebucks,80.0,15.0,somebody set website play hold em using eve online spacebucks,61,10
ham,Its sunny in california. The weather's just cool,48.0,8.0,sunny california weather cool,29,4
spam,You have 1 new message. Call 0207-083-6089,42.0,7.0,new message call,16,3
ham,"I can make it up there, squeezed  &lt",37.0,8.0,make squeezed lt,16,3
ham,Good day to You too.Pray for me.Remove the teeth as its painful maintaining other stuff.,88.0,15.0,good day pray remove teeth painful maintaining stuff,52,8
ham,How are you babes. Hope your doing ok. I had a shit nights sleep. I fell asleep at 5.IåÕm knackered and iåÕm dreading work tonight. What are thou upto tonight. X,161.0,31.0,babe hope ok shit night sleep fell asleep knackered dreading work tonight thou upto tonight,91,15
ham,How do friends help us in problems? They give the most stupid suggestion that Lands us into another problem and helps us forgt the previous problem,147.0,26.0,friend help u problem give stupid suggestion land u another problem help u forgt previous problem,97,16
ham,I'm at work. Please call,24.0,5.0,work please call,16,3
ham,I will be gentle baby! Soon you will be taking all  &lt,55.0,12.0,gentle baby soon taking lt,26,5
ham,NOT MUCH NO FIGHTS. IT WAS A GOOD NITE!!,40.0,9.0,much fight good nite,20,4
ham,Ok.ok ok..then..whats ur todays plan,36.0,5.0,ok ok ok whats ur today plan,28,7
ham,Nt joking seriously i told,26.0,5.0,nt joking seriously told,24,4
ham,Watching ajith film ah?,23.0,4.0,watching ajith film ah,22,4
ham,Ooooooh I forgot to tell u I can get on yoville on my phone,59.0,14.0,ooooooh forgot tell get yoville phone,37,6
ham,"All done, all handed in. Don't know if mega shop in asda counts as celebration but thats what i'm doing!",104.0,20.0,done handed know mega shop asda count celebration thats,55,9
ham,I dont know exactly could you ask chechi.,41.0,8.0,dont know exactly could ask chechi,34,6
ham,Dunno lei shd b driving lor cos i go sch 1 hr oni.,50.0,13.0,dunno lei shd driving lor co go sch hr oni,42,10
ham,As in i want custom officer discount oh.,40.0,8.0,want custom officer discount oh,31,5
ham,That's necessarily respectful,29.0,3.0,necessarily respectful,22,2
ham,Hi. Hope you had a good day. Have a better night.,49.0,11.0,hi hope good day better night,29,6
ham,And he's apparently bffs with carly quick now,45.0,8.0,apparently bffs carly quick,27,4
ham,HARD BUT TRUE: How much you show &amp,37.0,8.0,hard true much show amp,23,5
ham,Babes I think I got ur brolly I left it in English wil bring it in 2mrw 4 u luv Franxx,86.0,21.0,babe think got ur brolly left english wil bring mrw luv franxx,62,12
ham,Hi babe its me thanks for coming even though it didnt go that well!i just wanted my bed! Hope to see you soon love and kisses xxx,129.0,27.0,hi babe thanks coming even though didnt go well wanted bed hope see soon love kiss xxx,86,17
ham,So gd got free ice cream... I oso wan...,40.0,9.0,gd got free ice cream oso wan,29,7
ham,Pls give her prometazine syrup. 5mls then  &lt,46.0,8.0,pls give prometazine syrup ml lt,32,6
ham,So how many days since then?,28.0,6.0,many day since,14,3
ham,Dear are you angry i was busy dear,34.0,8.0,dear angry busy dear,20,4
ham,Yup he msg me: is tat yijue? Then i tot it's my group mate cos we meeting today mah... I'm askin if Ì_ leaving earlier or wat mah cos mayb Ì_ haf to walk v far...,162.0,36.0,yup msg tat yijue tot group mate co meeting today mah askin leaving earlier wat mah co mayb haf walk far,104,21
ham,... Are you in the pub?,23.0,6.0,pub,3,1
ham,There is a first time for everything :),39.0,8.0,first time everything,21,3
ham,"Daddy, shu shu is looking 4 u... U wan me 2 tell him u're not in singapore or wat?",82.0,19.0,daddy shu shu looking wan tell singapore wat,44,8
ham,I ask if u meeting da ge tmr nite...,36.0,9.0,ask meeting da ge tmr nite,26,6
ham,Gr8. So how do you handle the victoria island traffic. Plus when's the album due,80.0,15.0,gr handle victoria island traffic plus album due,48,8
ham,Nite nite pocay wocay luv u more than n e thing 4eva I promise ring u 2morrowxxxx,81.0,17.0,nite nite pocay wocay luv thing eva promise ring morrowxxxx,59,10
ham,East coast,10.0,2.0,east coast,10,2
ham,You should get more chicken broth if you want ramen unless there's some I don't know about,90.0,17.0,get chicken broth want ramen unless know,40,7
ham,My slave! I want you to take 2 or 3 pictures of yourself today in bright light on your cell phone! Bright light!,112.0,23.0,slave want take picture today bright light cell phone bright light,66,11
ham,Nope. I just forgot. Will show next week,40.0,8.0,nope forgot show next week,26,5
ham,So how are you really. What are you up to. How's the masters. And so on.,72.0,16.0,really master,13,2
ham,I'm at bruce &amp,17.0,4.0,bruce amp,9,2
ham,I dont know oh. Hopefully this month.,37.0,7.0,dont know oh hopefully month,28,5
ham,"Hi elaine, is today's meeting confirmed?",40.0,6.0,hi elaine today meeting confirmed,33,5
ham,Ok k..sry i knw 2 siva..tats y i askd..,39.0,9.0,ok sry knw siva tat askd,24,6
ham,"Sorry, I'll call later",22.0,4.0,sorry call later,16,3
ham,U horrible gal... U knew dat i was going out wif him yest n u still come n ask me...,84.0,20.0,horrible gal knew dat going wif yest still come ask,51,10
ham,Otherwise had part time job na-tuition..,40.0,6.0,otherwise part time job na tuition,34,6
ham,Oh yeah! And my diet just flew out the window,45.0,10.0,oh yeah diet flew window,24,5
spam,Santa Calling! Would your little ones like a call from Santa Xmas eve? Call 09058094583 to book your time.,106.0,19.0,santa calling would little one like call santa xmas eve call book time,70,13
ham,You didnt complete your gist oh.,32.0,6.0,didnt complete gist oh,22,4
ham,"Er yeah, i will b there at 15:26, sorry! Just tell me which pub/cafe to sit in and come wen u can",97.0,22.0,er yeah sorry tell pub cafe sit come wen,40,9
ham,"If you can make it any time tonight or whenever you can it's cool, just text me whenever you're around",102.0,20.0,make time tonight whenever cool text whenever around,52,8
ham,If I was I wasn't paying attention,34.0,7.0,paying attention,16,2
ham,Thanx a lot 4 ur help!,22.0,6.0,thanx lot ur help,17,4
ham,You're gonna have to be way more specific than that,51.0,10.0,gon na way specific,19,4
ham,Jesus armand really is trying to tell everybody he can find,59.0,11.0,jesus armand really trying tell everybody find,46,7
ham,I'm wif him now buying tix lar...,33.0,7.0,wif buying tix lar,18,4
ham,Mode men or have you left.,26.0,6.0,mode men left,13,3
ham,Am slow in using biola's fne,28.0,6.0,slow using biola fne,20,4
ham,"\What are youdoing later? Sar xxx\""""",36.0,6.0,youdoing later sar xxx,22,4
ham,Hey i've booked the 2 lessons on sun liao...,44.0,9.0,hey booked lesson sun liao,26,5
ham,Thank you. do you generally date the brothas?,45.0,8.0,thank generally date brothas,28,4
ham,"By the way, make sure u get train to worc foregate street not shrub hill. Have fun night x",90.0,19.0,way make sure get train worc foregate street shrub hill fun night,65,12
ham,"I thought i'd get him a watch, just cos thats the kind of thing u get4an18th. And he loves so much!",99.0,21.0,thought get watch co thats kind thing get th love much,54,11
spam,You have won a guaranteed 32000 award or maybe even å£1000 cash to claim ur award call free on 0800 ..... (18+). Its a legitimat efreefone number wat do u think???,163.0,31.0,guaranteed award maybe even cash claim ur award call free legitimat efreefone number wat think,94,15
ham,Good morning. At the repair shop--the ONLY reason i'm up at this hour.,70.0,13.0,good morning repair shop reason hour,36,6
ham,"And that's fine, I got enough bud to last most of the night at least",68.0,15.0,fine got enough bud last night least,36,7
ham,I am back. Good journey! Let me know if you need any of the receipts. Shall i tell you like the pendent?,104.0,22.0,back good journey let know need receipt shall tell like pendent,63,11
ham,So that takes away some money worries,37.0,7.0,take away money worry,21,4
ham,"aight we can pick some up, you open before tonight?",51.0,10.0,aight pick open tonight,23,4
spam,"Latest News! Police station toilet stolen, cops have nothing to go on!",70.0,12.0,latest news police station toilet stolen cop nothing go,55,9
ham,Sac needs to carry on:),23.0,5.0,sac need carry,14,3
ham,Just sing HU. I think its also important to find someone female that know the place well preferably a citizen that is also smart to help you navigate through. Even things like choosing a phone plan require guidance. When in doubt ask especially girls.,251.0,44.0,sing hu think also important find someone female know place well preferably citizen also smart help navigate even thing like choosing phone plan require guidance doubt ask especially girl,187,29
ham,What???? Hello wats talks email address?,40.0,6.0,hello wats talk email address,29,5
ham,Except theres a chick with huge boobs.,38.0,7.0,except there chick huge boob,28,5
ham,Im just wondering what your doing right now?,44.0,8.0,im wondering right,18,3
ham,Wishing you a beautiful day. Each moment revealing even more things to keep you smiling. Do enjoy it.,101.0,18.0,wishing beautiful day moment revealing even thing keep smiling enjoy,68,10
spam,\For the most sparkling shopping breaks from 45 per person,58.0,10.0,sparkling shopping break per person,35,5
ham,Arun can u transfr me d amt,27.0,7.0,arun transfr amt,16,3
ham,"Sorry, I'll call later",22.0,4.0,sorry call later,16,3
ham,If you hear a loud scream in about &lt,38.0,9.0,hear loud scream lt,19,4
spam,December only! Had your mobile 11mths+? You are entitled to update to the latest colour camera mobile for Free! Call The Mobile Update Co FREE on 08002986906,157.0,27.0,december mobile mths entitled update latest colour camera mobile free call mobile update co free,96,15
ham,Ok i thk i got it. Then u wan me 2 come now or wat?,51.0,15.0,ok thk got wan come wat,23,6
spam,Txt: CALL to No: 86888 & claim your reward of 3 hours talk time to use from your phone now! Subscribe6GBP/mnth inc 3hrs 16 stop?txtStop www.gamb.tv,147.0,26.0,txt call claim reward hour talk time use phone subscribe gbp mnth inc hr stop txtstop www gamb tv,97,19
ham,U GOIN OUT 2NITE?,17.0,4.0,goin nite,9,2
ham,I will treasure every moment we spend together...,49.0,8.0,treasure every moment spend together,36,5
ham,Shall I bring us a bottle of wine to keep us amused? Only joking! IÛ÷ll bring one anyway,89.0,18.0,shall bring u bottle wine keep u amused joking bring one anyway,63,12
spam,http//tms. widelive.com/index. wml?id=820554ad0a1705572711&first=trueåÁC C RingtoneåÁ,85.0,5.0,http tm widelive com index wml id ad first true ringtone,56,11
spam,Get your garden ready for summer with a FREE selection of summer bulbs and seeds worth å£33:50 only with The Scotsman this Saturday. To stop go2 notxt.co.uk,156.0,27.0,get garden ready summer free selection summer bulb seed worth scotsman saturday stop go notxt co uk,99,17
spam,"URGENT! Last weekend's draw shows that you have won å£1000 cash or a Spanish holiday! CALL NOW 09050000332 to claim. T&C: RSTM, SW7 3SS. 150ppm",143.0,25.0,urgent last weekend draw show cash spanish holiday call claim rstm sw s ppm,75,14
ham,Ok lor.,7.0,2.0,ok lor,6,2
ham,I thought slide is enough.,26.0,5.0,thought slide enough,20,3
ham,Yup,3.0,1.0,yup,3,1
ham,Well obviously not because all the people in my cool college life went home ,76.0,14.0,well obviously people cool college life went home,49,8
ham,Ok lor Ì_ reaching then message me.,35.0,7.0,ok lor reaching message,23,4
ham,Where's mummy's boy ? Is he being good or bad ? Is he being positive or negative ? Why is mummy being made to wait? Hmmmm?,122.0,26.0,mummy boy good bad positive negative mummy made wait hmmmm,58,10
ham,Dhoni have luck to win some big title.so we will win:),54.0,11.0,dhoni luck win big title win,28,6
ham,Yes princess! I want to please you every night. Your wish is my command...,74.0,14.0,yes princess want please every night wish command,49,8
ham,What Today-sunday..sunday is holiday..so no work..,50.0,6.0,today sunday sunday holiday work,32,5
ham,No probably  &lt,16.0,3.0,probably lt,11,2
ham,Really do hope the work doesnt get stressful. Have a gr8 day.,61.0,12.0,really hope work doesnt get stressful gr day,44,8
ham,Have you seen who's back at Holby?!,35.0,7.0,seen back holby,15,3
ham,Shall call now dear having food,31.0,6.0,shall call dear food,20,4
spam,URGENT We are trying to contact you Last weekends draw shows u have won a å£1000 prize GUARANTEED Call 09064017295 Claim code K52 Valid 12hrs 150p pm,149.0,27.0,urgent trying contact last weekend draw show prize guaranteed call claim code valid hr pm,89,15
ham,So li hai... Me bored now da lecturer repeating last weeks stuff waste time... ,79.0,14.0,li hai bored da lecturer repeating last week stuff waste time,61,11
ham,", ,  and  picking them up from various points | going 2 yeovil | and they will do the motor project 4 3 hours | and then u take them home. || 12 2 5.30 max. || Very easy",169.0,39.0,picking various point going yeovil motor project hour take home max easy,72,12
ham,Also fuck you and your family for going to rhode island or wherever the fuck and leaving me all alone the week I have a new bong &gt,132.0,28.0,also fuck family going rhode island wherever fuck leaving alone week new bong gt,80,14
ham,Ofcourse I also upload some songs,33.0,6.0,ofcourse also upload song,25,4
spam,2p per min to call Germany 08448350055 from your BT line. Just 2p per min. Check PlanetTalkInstant.com for info & T's & C's. Text stop to opt out,145.0,28.0,per min call germany bt line per min check planettalkinstant com info text stop opt,83,15
ham,K. I will sent it again,23.0,6.0,sent,4,1
ham,Oh thanks a lot..i already bought 2 eggs ..,43.0,9.0,oh thanks lot already bought egg,32,6
ham,K. I will sent it again,23.0,6.0,sent,4,1
ham,U studying in sch or going home? Anyway i'll b going 2 sch later.,65.0,14.0,studying sch going home anyway going sch later,46,8
spam,Marvel Mobile Play the official Ultimate Spider-man game (å£4.50) on ur mobile right now. Text SPIDER to 83338 for the game & we ll send u a FREE 8Ball wallpaper,161.0,30.0,marvel mobile play official ultimate spider man game ur mobile right text spider game send free ball wallpaper,110,18
ham,I think if he rule tamilnadu..then its very tough for our people.,65.0,12.0,think rule tamilnadu tough people,33,5
ham,"Cool, we shall go and see, have to go to tip anyway. Are you at home, got something to drop in later? So lets go to town tonight! Maybe mum can take us in.",155.0,34.0,cool shall go see go tip anyway home got something drop later let go town tonight maybe mum take u,98,20
ham,"Good afternoon, my love ... How goes your day ? How did you sleep ? I hope your well, my boytoy ... I think of you ...",118.0,27.0,good afternoon love go day sleep hope well boytoy think,55,10
ham,Yes... I trust u to buy new stuff ASAP so I can try it out,58.0,15.0,yes trust buy new stuff asap try,32,7
spam,"SMS SERVICES. for your inclusive text credits, pls goto www.comuk.net login= 3qxj9 unsubscribe with STOP, no extra charge. help 08702840625.COMUK. 220-CM2 9AE",158.0,22.0,sm service inclusive text credit pls goto www comuk net login qxj unsubscribe stop extra charge help comuk cm ae,112,20
ham,Why did I wake up on my own &gt,31.0,9.0,wake gt,7,2
ham,Now get step 2 outta the way. Congrats again.,45.0,9.0,get step outta way congrats,27,5
ham,Love has one law,16.0,4.0,love one law,12,3
spam,PRIVATE! Your 2003 Account Statement for 07808247860 shows 800 un-redeemed S. I. M. points. Call 08719899229 Identifier Code: 40411 Expires 06/11/04,148.0,21.0,private account statement show un redeemed point call identifier code expires,77,11
ham,Apo all other are mokka players only,36.0,7.0,apo mokka player,16,3
ham,"Perhaps * is much easy give your account identification, so i will tomorrow at UNI",82.0,15.0,perhaps much easy give account identification tomorrow uni,58,8
ham,Wait . I will msg after  &lt,28.0,7.0,wait msg lt,11,3
ham,What i told before i tell. Stupid hear after i wont tell anything to you. You dad called to my brother and spoken. Not with me.,127.0,26.0,told tell stupid hear wont tell anything dad called brother spoken,66,11
ham,God's love has no limit. God's grace has no measure. God's power has no boundaries. May u have God's endless blessings always in ur life...!! Gud ni8,149.0,27.0,god love limit god grace measure god power boundary may god endless blessing always ur life gud ni,98,18
ham,I want to be inside you every night...,38.0,8.0,want inside every night,23,4
ham,"Machan you go to gym tomorrow,  i wil come late goodnight.",58.0,11.0,machan go gym tomorrow wil come late goodnight,46,8
ham,Lol they were mad at first but then they woke up and gave in.,61.0,14.0,lol mad first woke gave,23,5
ham,I went to project centre,24.0,5.0,went project centre,19,3
ham,"ItÛ÷s reassuring, in this crazy world.",39.0,6.0,reassuring crazy world,22,3
ham,"Just making dinner, you ?",25.0,5.0,making dinner,13,2
ham,Yes. Please leave at  &lt,25.0,5.0,yes please leave lt,19,4
ham,Oh... Okie lor...We go on sat... ,33.0,6.0,oh okie lor go sat,18,5
ham,You are a great role model. You are giving so much and i really wish each day for a miracle but God as a reason for everything and i must say i wish i knew why but i dont. I've looked up to you since i was young and i still do. Have a great day.,245.0,56.0,great role model giving much really wish day miracle god reason everything must say wish knew dont looked since young still great day,133,23
ham,"Ya, i'm referin to mei's ex wat... No ah, waitin 4 u to treat, somebody shld b rich liao...So gd, den u dun have to work frm tmr onwards...",139.0,29.0,ya referin mei ex wat ah waitin treat somebody shld rich liao gd den dun work frm tmr onwards,93,19
ham,Miles and smiles r made frm same letters but do u know d difference..? smile on ur face keeps me happy even though I am miles away from u.. :-)keep smiling.. Good nyt,166.0,33.0,mile smile made frm letter know difference smile ur face keep happy even though mile away keep smiling good nyt,111,20
ham,"By the way, i've put a skip right outside the front of the house so you can see which house it is. Just pull up before it.",122.0,27.0,way put skip right outside front house see house pull,53,10
ham,Can you pls send me that company name. In saibaba colany,56.0,11.0,pls send company name saibaba colany,36,6
ham,No. I dont want to hear anything,32.0,7.0,dont want hear anything,23,4
ham,You are a big chic. Common. Declare,35.0,7.0,big chic common declare,23,4
ham,Thats cool. I want to please you...,35.0,7.0,thats cool want please,22,4
ham,Going to join tomorrow.,23.0,4.0,going join tomorrow,19,3
spam,You are awarded a SiPix Digital Camera! call 09061221061 from landline. Delivery within 28days. T Cs Box177. M221BP. 2yr warranty. 150ppm. 16 . p på£3.99,153.0,25.0,awarded sipix digital camera call landline delivery within day c box bp yr warranty ppm,87,15
ham,I want to tell you how bad I feel that basically the only times I text you lately are when I need drugs,103.0,23.0,want tell bad feel basically time text lately need drug,55,10
spam,PRIVATE! Your 2003 Account Statement for shows 800 un-redeemed S.I.M. points. Call 08718738001 Identifier Code: 49557 Expires 26/11/04,134.0,18.0,private account statement show un redeemed point call identifier code expires,77,11
ham,"Total disappointment, when I texted you was the craziest shit got :(",68.0,12.0,total disappointment texted craziest shit got,45,6
ham,Its just the effect of irritation. Just ignore it,49.0,9.0,effect irritation ignore,24,3
ham,What about this one then.,25.0,5.0,one,3,1
ham,I think that tantrum's finished so yeah I'll be by at some point,64.0,13.0,think tantrum finished yeah point,33,5
ham,Compliments to you. Was away from the system. How your side.,60.0,11.0,compliment away system side,27,4
ham,happened here while you were adventuring,40.0,6.0,happened adventuring,20,2
ham,"Hey chief, can you give me a bell when you get this. Need to talk to you about this royal visit on the 1st june. ",113.0,25.0,hey chief give bell get need talk royal visit st june,53,11
ham,Ok which your another number,28.0,5.0,ok another number,17,3
ham,"I know you are thinkin malaria. But relax, children cant handle malaria. She would have been worse and its gastroenteritis. If she takes enough to replace her loss her temp will reduce. And if you give her malaria meds now she will just vomit. Its a self limiting illness she has which means in a few days it will completely stop",329.0,61.0,know thinkin malaria relax child cant handle malaria would worse gastroenteritis take enough replace loss temp reduce give malaria med vomit self limiting illness mean day completely stop,187,28
ham,Aiyah ok wat as long as got improve can already wat...,54.0,11.0,aiyah ok wat long got improve already wat,41,8
spam,Want explicit SEX in 30 secs? Ring 02073162414 now! Costs 20p/min Gsex POBOX 2667 WC1N 3XX,90.0,16.0,want explicit sex sec ring cost min gsex pobox wc xx,52,11
ham,I can't believe how attached I am to seeing you every day. I know you will do the best you can to get to me babe. I will go to teach my class at your midnight,158.0,36.0,believe attached seeing every day know best get babe go teach class midnight,76,13
ham,Just sleeping..and surfing,26.0,3.0,sleeping surfing,16,2
spam,ASKED 3MOBILE IF 0870 CHATLINES INCLU IN FREE MINS. INDIA CUST SERVs SED YES. L8ER GOT MEGA BILL. 3 DONT GIV A SHIT. BAILIFF DUE IN DAYS. I O å£250 3 WANT å£800,160.0,33.0,asked mobile chatlines inclu free min india cust servs sed yes er got mega bill dont giv shit bailiff due day want,114,22
ham,Yeah it's jus rite...,21.0,4.0,yeah jus rite,13,3
ham,Armand says get your ass over to epsilon,40.0,8.0,armand say get as epsilon,25,5
ham,U still havent got urself a jacket ah?,38.0,8.0,still havent got urself jacket ah,33,6
ham,I'm taking derek &amp,21.0,4.0,taking derek amp,16,3
ham,Hi its in durban are you still on this number,45.0,10.0,hi durban still number,22,4
ham,Ic. There are a lotta childporn cars then.,42.0,8.0,ic lotta childporn car,22,4
spam,"Had your contract mobile 11 Mnths? Latest Motorola, Nokia etc. all FREE! Double Mins & Text on Orange tariffs. TEXT YES for callback, no to remove from records.",160.0,28.0,contract mobile mnths latest motorola nokia etc free double min text orange tariff text yes callback remove record,114,18
ham,"No, I was trying it all weekend ",32.0,7.0,trying weekend,14,2
ham,"You know, wot people wear. T shirts, jumpers, hat, belt, is all we know. We r at Cribbs",87.0,18.0,know wot people wear shirt jumper hat belt know cribbs,54,10
ham,"Cool, what time you think you can get here?",43.0,9.0,cool time think get,19,4
ham,Wen did you get so spiritual and deep. That's great,51.0,10.0,wen get spiritual deep great,28,5
ham,Have a safe trip to Nigeria. Wish you happiness and very soon company to share moments with,91.0,17.0,safe trip nigeria wish happiness soon company share moment,58,9
ham,Hahaha..use your brain dear,27.0,4.0,hahaha use brain dear,21,4
ham,Well keep in mind I've only got enough gas for one more round trip barring a sudden influx of cash,98.0,20.0,well keep mind got enough gas one round trip barring sudden influx cash,71,13
ham,Yeh. Indians was nice. Tho it did kane me off a bit he he. We shud go out 4 a drink sometime soon. Mite hav 2 go 2 da works 4 a laugh soon. Love Pete x x,153.0,38.0,yeh indian nice tho kane bit shud go drink sometime soon mite hav go da work laugh soon love pete,97,20
ham,Yes i have. So that's why u texted. Pshew...missing you so much,63.0,12.0,yes texted pshew missing much,29,5
ham,No. I meant the calculation is the same. That  &lt,50.0,10.0,meant calculation lt,20,3
ham,"Sorry, I'll call later",22.0,4.0,sorry call later,16,3
ham,if you aren't here in the next  &lt,35.0,8.0,next lt,7,2
ham,Anything lor. Juz both of us lor.,33.0,7.0,anything lor juz u lor,22,5
ham,Get me out of this dump heap. My mom decided to come to lowes. BORING.,70.0,15.0,get dump heap mom decided come lowes boring,43,8
ham,Ok lor... Sony ericsson salesman... I ask shuhui then she say quite gd 2 use so i considering...,96.0,18.0,ok lor sony ericsson salesman ask shuhui say quite gd use considering,69,12
ham,Ard 6 like dat lor.,19.0,5.0,ard like dat lor,16,4
ham,Why don't you wait 'til at least wednesday to see if you get your .,67.0,15.0,wait til least wednesday see get,32,6
ham,Huh y lei...,12.0,3.0,huh lei,7,2
spam,"REMINDER FROM O2: To get 2.50 pounds free call credit and details of great offers pls reply 2 this text with your valid name, house no and postcode",147.0,28.0,reminder get pound free call credit detail great offer pls reply text valid name house postcode,95,16
spam,"This is the 2nd time we have tried 2 contact u. U have won the å£750 Pound prize. 2 claim is easy, call 087187272008 NOW1! Only 10p per minute. BT-national-rate.",161.0,30.0,nd time tried contact pound prize claim easy call per minute bt national rate,77,14
ham,Will Ì_ b going to esplanade fr home?,37.0,8.0,going esplanade fr home,23,4
ham,"Pity, * was in mood for that. So...any other suggestions?",57.0,10.0,pity mood suggestion,20,3
ham,The guy did some bitching but I acted like i'd be interested in buying something else next week and he gave it to us for free,125.0,26.0,guy bitching acted like interested buying something else next week gave u free,78,13
ham,Rofl. Its true to its name,26.0,6.0,rofl true name,14,3
